Datetime,Global_active_power,Global_reactive_power,Voltage,Global_intensity,Sub_metering_1,Sub_metering_2,Sub_metering_3
2010-08-14 00:00:00,1.1578000000000002,0.13479999999999998,240.0925,4.833333333333333,0.0,0.6666666666666666,15.65
2010-08-14 01:00:00,0.22230000000000003,0.08163333333333332,241.19416666666666,0.99,0.0,0.0,0.6333333333333333
2010-08-14 02:00:00,0.29610000000000003,0.12656666666666666,241.6506666666667,1.34,0.0,0.6333333333333333,1.5833333333333333
2010-08-14 03:00:00,0.28300000000000003,0.09903333333333333,242.47183333333334,1.25,0.0,0.0,1.6166666666666667
2010-08-14 04:00:00,0.3174,0.15666666666666668,242.27533333333335,1.4533333333333334,0.0,0.65,1.5333333333333334
2010-08-14 05:00:00,0.20033333333333334,0.05316666666666667,242.46716666666669,0.8533333333333334,0.0,0.0,0.65
2010-08-14 06:00:00,0.3201,0.15826666666666667,242.08166666666665,1.4733333333333334,0.0,0.65,1.5666666666666667
2010-08-14 07:00:00,0.26793333333333336,0.0844,241.42766666666665,1.1966666666666665,0.0,0.0,1.5833333333333333
2010-08-14 08:00:00,0.31229999999999997,0.14056666666666665,240.43783333333334,1.4233333333333333,0.0,0.7,1.5666666666666667
2010-08-14 09:00:00,0.21163333333333334,0.06473333333333334,241.19516666666667,0.9266666666666666,0.0,0.0,0.65
2010-08-14 10:00:00,0.31903333333333334,0.15866666666666665,240.83033333333333,1.4833333333333334,0.0,0.6666666666666666,1.5333333333333334
2010-08-14 11:00:00,0.7287,0.0804,240.59066666666666,3.0566666666666666,0.0,0.1,9.216666666666667
2010-08-14 12:00:00,0.7658333333333333,0.1068,240.59283333333332,3.21,0.0,0.5666666666666667,9.333333333333334
2010-08-14 13:00:00,0.29586666666666667,0.12203333333333334,241.46433333333334,1.3433333333333333,0.0,0.21666666666666667,1.5666666666666667
2010-08-14 14:00:00,0.2793333333333334,0.10573333333333333,241.2705,1.2266666666666666,0.0,0.43333333333333335,1.55
2010-08-14 15:00:00,0.29410000000000003,0.12013333333333334,241.2845,1.34,0.0,0.3333333333333333,1.5666666666666667
2010-08-14 16:00:00,0.23790000000000003,0.10323333333333333,240.85766666666666,1.0866666666666667,0.0,0.35,0.65
2010-08-14 17:00:00,0.2874,0.11116666666666666,240.99166666666667,1.28,0.0,0.4,1.5333333333333334
2010-08-14 18:00:00,0.28680000000000005,0.10746666666666667,240.46349999999998,1.2766666666666666,0.0,0.23333333333333334,1.6
2010-08-14 19:00:00,0.2719333333333333,0.13013333333333332,241.64183333333332,1.2566666666666668,0.0,0.5333333333333333,0.6666666666666666
2010-08-14 20:00:00,0.2736,0.0927,242.29566666666668,1.1966666666666665,0.0,0.11666666666666667,1.5333333333333334
2010-08-14 21:00:00,0.30383333333333334,0.127,240.1625,1.3633333333333333,0.0,0.65,1.6
2010-08-14 22:00:00,0.29023333333333334,0.1149,241.03416666666666,1.3066666666666669,0.0,0.0,1.5666666666666667
2010-08-14 23:00:00,1.0143666666666666,0.09496666666666667,239.20683333333332,4.236666666666666,0.0,0.6333333333333333,13.566666666666666
2010-08-15 00:00:00,0.4765666666666667,0.0765,240.12683333333334,2.04,0.0,0.0,5.083333333333333
2010-08-15 01:00:00,0.3296,0.16843333333333332,242.3961666666667,1.5166666666666666,0.0,0.65,1.5833333333333333
2010-08-15 02:00:00,0.25833333333333336,0.07536666666666667,243.09,1.1133333333333333,0.0,0.0,1.5666666666666667
2010-08-15 03:00:00,0.252,0.12206666666666667,242.32366666666667,1.1533333333333333,0.0,0.65,0.65
2010-08-15 04:00:00,0.28223333333333334,0.10086666666666666,243.35833333333332,1.25,0.0,0.0,1.6166666666666667
2010-08-15 05:00:00,0.30906666666666666,0.14513333333333334,243.20316666666668,1.3766666666666665,0.0,0.65,1.5666666666666667
2010-08-15 06:00:00,0.26486666666666664,0.08326666666666667,243.24033333333333,1.1466666666666667,0.0,0.0,1.55
2010-08-15 07:00:00,0.26443333333333335,0.1396666666666667,243.23016666666666,1.2166666666666666,0.0,0.6333333333333333,0.6666666666666666
2010-08-15 08:00:00,0.28026666666666666,0.10266666666666667,242.84416666666667,1.24,0.0,0.16666666666666666,1.55
2010-08-15 09:00:00,0.294,0.1165,244.3383333333333,1.2766666666666666,0.0,0.48333333333333334,1.5333333333333334
2010-08-15 10:00:00,0.34773333333333334,0.1475,243.0245,1.5833333333333333,0.0,0.4166666666666667,2.1166666666666667
2010-08-15 11:00:00,1.2265666666666668,0.0795,241.90933333333334,5.013333333333334,0.0,0.25,17.283333333333335
2010-08-15 12:00:00,0.29006666666666664,0.12336666666666667,242.79716666666667,1.2966666666666666,0.0,0.55,1.5
2010-08-15 13:00:00,0.3015,0.1249,243.85683333333333,1.34,0.0,0.08333333333333333,1.5166666666666666
2010-08-15 14:00:00,0.9983333333333333,0.26999999999999996,241.12266666666667,4.413333333333333,0.0,7.25,1.5833333333333333
2010-08-15 15:00:00,0.40850000000000003,0.2718333333333333,241.2345,2.1,0.0,0.7333333333333333,0.65
2010-08-15 16:00:00,1.8561,0.26563333333333333,240.37866666666665,7.9399999999999995,0.0,21.116666666666667,1.55
2010-08-15 17:00:00,1.9023,0.1656,240.0385,8.096666666666668,0.0,24.233333333333334,1.6333333333333333
2010-08-15 18:00:00,2.1767,0.2189,239.7585,9.173333333333334,0.0,12.75,17.366666666666667
2010-08-15 19:00:00,0.9298666666666667,0.2266,240.0905,3.96,0.0,0.26666666666666666,3.1333333333333333
2010-08-15 20:00:00,1.2045,0.1322,238.83883333333333,5.096666666666667,0.0,0.45,1.6
2010-08-15 21:00:00,0.9719666666666666,0.0777,239.6115,4.116666666666666,0.0,0.5833333333333334,1.5666666666666667
2010-08-15 22:00:00,1.4498666666666666,0.08926666666666666,239.74866666666668,6.03,0.0,0.11666666666666667,14.7
2010-08-15 23:00:00,0.5244,0.1227,239.91766666666666,2.3833333333333333,0.0,0.65,4.466666666666667
2010-08-16 00:00:00,0.29763333333333336,0.06760000000000001,241.304,1.44,0.0,0.0,1.6
2010-08-16 01:00:00,0.3329333333333333,0.12873333333333334,241.7795,1.6333333333333333,0.0,0.65,1.5666666666666667
2010-08-16 02:00:00,0.26386666666666664,0.08296666666666666,241.32700000000003,1.34,0.0,0.05,0.7833333333333333
2010-08-16 03:00:00,0.30246666666666666,0.10303333333333332,241.39216666666667,1.4966666666666666,0.0,0.6,1.4
2010-08-16 04:00:00,0.31856666666666666,0.10616666666666667,240.4875,1.5666666666666667,0.0,0.2833333333333333,1.5833333333333333
2010-08-16 05:00:00,0.30970000000000003,0.09663333333333333,239.51583333333335,1.5066666666666666,0.0,0.36666666666666664,1.5333333333333334
2010-08-16 06:00:00,0.2612,0.08673333333333334,242.07166666666666,1.2899999999999998,0.0,0.45,0.65
2010-08-16 07:00:00,0.9650666666666666,0.10253333333333334,240.6025,4.1866666666666665,0.0,0.2,9.116666666666667
2010-08-16 08:00:00,1.5165666666666666,0.12816666666666665,239.4298333333333,6.333333333333333,0.0,0.5666666666666667,19.166666666666668
2010-08-16 09:00:00,1.3763333333333334,0.07576666666666668,239.28549999999998,5.739999999999999,0.0,0.06666666666666667,19.15
2010-08-16 10:00:00,1.3420333333333334,0.07223333333333333,239.13883333333334,5.586666666666667,0.0,0.6333333333333333,17.383333333333333
2010-08-16 11:00:00,0.2498,0.027533333333333333,243.84233333333333,1.0799999999999998,0.0,0.0,1.5666666666666667
2010-08-16 12:00:00,0.48273333333333335,0.1829333333333333,243.7531666666667,2.27,0.0,0.65,1.5833333333333333
2010-08-16 13:00:00,0.7548,0.13243333333333332,243.68466666666666,3.1933333333333334,7.933333333333334,0.0,0.65
2010-08-16 14:00:00,0.8666,0.2069,242.70783333333333,3.7800000000000002,8.5,0.6333333333333333,1.5
2010-08-16 15:00:00,0.3209,0.14383333333333334,243.46349999999998,1.4833333333333334,0.0,0.0,1.5333333333333334
2010-08-16 16:00:00,0.8527333333333333,0.16143333333333335,241.26566666666668,3.646666666666667,0.0,0.6333333333333333,9.966666666666667
2010-08-16 17:00:00,0.6712333333333333,0.1167,240.44733333333335,2.89,0.0,0.0,7.3
2010-08-16 18:00:00,0.7438333333333333,0.15456666666666666,241.096,3.2066666666666666,0.0,0.6333333333333333,8.116666666666667
2010-08-16 19:00:00,1.0497333333333334,0.2647333333333333,240.7465,5.090000000000001,9.066666666666666,0.0,0.6333333333333333
2010-08-16 20:00:00,1.4753333333333332,0.27416666666666667,238.266,6.3,0.0,0.6333333333333333,7.083333333333333
2010-08-16 21:00:00,1.2868333333333335,0.14420000000000002,239.56983333333335,5.42,0.0,0.0,5.483333333333333
2010-08-16 22:00:00,1.5521666666666667,0.11979999999999999,240.568,6.433333333333334,0.0,0.6333333333333333,1.2666666666666666
2010-08-16 23:00:00,1.2357666666666667,0.10379999999999999,240.10183333333333,5.1066666666666665,0.0,0.03333333333333333,1.5166666666666666
2010-08-17 00:00:00,1.0600666666666667,0.1193,240.09316666666666,4.3966666666666665,0.0,0.6,5.483333333333333
2010-08-17 01:00:00,1.0796333333333334,0.09823333333333334,240.51916666666665,4.426666666666667,0.0,0.11666666666666667,6.233333333333333
2010-08-17 02:00:00,0.8246666666666667,0.13299999999999998,240.83866666666665,3.4166666666666665,0.0,0.5,1.5166666666666666
2010-08-17 03:00:00,0.7446666666666667,0.07876666666666667,241.16583333333335,3.0933333333333333,0.0,0.21666666666666667,0.6333333333333333
2010-08-17 04:00:00,0.8127666666666666,0.12353333333333333,240.89233333333334,3.4166666666666665,0.0,0.4166666666666667,1.4833333333333334
2010-08-17 05:00:00,0.8006,0.10323333333333333,239.7385,3.3066666666666666,0.0,0.2833333333333333,1.5166666666666666
2010-08-17 06:00:00,0.7530666666666667,0.09213333333333333,241.51766666666666,3.1199999999999997,0.0,0.3333333333333333,0.65
2010-08-17 07:00:00,1.0798666666666668,0.13026666666666667,241.52816666666666,4.553333333333333,0.0,0.36666666666666664,6.316666666666666
2010-08-17 08:00:00,1.1409666666666667,0.1091,242.06816666666666,4.78,0.0,0.26666666666666666,13.6
2010-08-17 09:00:00,1.8965333333333334,0.12496666666666667,241.061,7.913333333333333,6.95,0.9166666666666666,18.9
2010-08-17 10:00:00,1.3446333333333333,0.08326666666666667,240.518,5.62,1.1666666666666667,5.1,12.916666666666666
2010-08-17 11:00:00,0.7785333333333334,0.1363,240.3965,3.396666666666667,7.55,0.5333333333333333,1.5333333333333334
2010-08-17 12:00:00,0.29106666666666664,0.08610000000000001,241.15816666666666,1.3099999999999998,0.0,0.11666666666666667,0.8833333333333333
2010-08-17 13:00:00,0.41823333333333335,0.13616666666666666,242.0115,2.0033333333333334,0.0,0.6166666666666667,1.3
2010-08-17 14:00:00,0.33716666666666667,0.10396666666666668,239.87916666666666,1.5966666666666667,0.0,0.03333333333333333,1.5333333333333334
2010-08-17 15:00:00,0.3581666666666667,0.10536666666666666,241.46233333333333,1.6333333333333333,0.0,0.6333333333333333,2.25
2010-08-17 16:00:00,0.7672333333333333,0.09896666666666666,241.68933333333334,3.26,0.0,0.0,9.383333333333333
2010-08-17 17:00:00,0.31806666666666666,0.13036666666666666,242.712,1.4533333333333334,0.0,0.65,1.5333333333333334
2010-08-17 18:00:00,0.2351666666666667,0.07210000000000001,240.54566666666668,1.1033333333333333,0.0,0.0,0.65
2010-08-17 19:00:00,0.3628,0.13833333333333334,240.06966666666668,1.6666666666666667,0.0,0.65,1.55
2010-08-17 20:00:00,0.8698666666666667,0.10246666666666666,241.01116666666667,3.6666666666666665,0.0,0.0,1.5666666666666667
2010-08-17 21:00:00,0.888,0.0,239.775,3.7,0.0,0.0,1.0
2010-08-17 22:00:00,0.888,0.0,239.775,3.7,0.0,0.0,1.0
2010-08-17 23:00:00,0.888,0.0,239.775,3.7,0.0,0.0,1.0
2010-08-18 00:00:00,0.888,0.0,239.775,3.7,0.0,0.0,1.0
2010-08-18 01:00:00,0.888,0.0,239.775,3.7,0.0,0.0,1.0
2010-08-18 02:00:00,0.888,0.0,239.775,3.7,0.0,0.0,1.0
2010-08-18 03:00:00,0.888,0.0,239.775,3.7,0.0,0.0,1.0
2010-08-18 04:00:00,0.888,0.0,239.775,3.7,0.0,0.0,1.0
2010-08-18 05:00:00,0.888,0.0,239.775,3.7,0.0,0.0,1.0
2010-08-18 06:00:00,0.888,0.0,239.775,3.7,0.0,0.0,1.0
2010-08-18 07:00:00,0.888,0.0,239.775,3.7,0.0,0.0,1.0
2010-08-18 08:00:00,0.888,0.0,239.775,3.7,0.0,0.0,1.0
2010-08-18 09:00:00,0.888,0.0,239.775,3.7,0.0,0.0,1.0
2010-08-18 10:00:00,0.888,0.0,239.775,3.7,0.0,0.0,1.0
2010-08-18 11:00:00,0.888,0.0,239.775,3.7,0.0,0.0,1.0
2010-08-18 12:00:00,0.888,0.0,239.775,3.7,0.0,0.0,1.0
2010-08-18 13:00:00,0.888,0.0,239.775,3.7,0.0,0.0,1.0
2010-08-18 14:00:00,0.888,0.0,239.775,3.7,0.0,0.0,1.0
2010-08-18 15:00:00,0.888,0.0,239.775,3.7,0.0,0.0,1.0
2010-08-18 16:00:00,0.888,0.0,239.775,3.7,0.0,0.0,1.0
2010-08-18 17:00:00,0.888,0.0,239.775,3.7,0.0,0.0,1.0
2010-08-18 18:00:00,0.888,0.0,239.775,3.7,0.0,0.0,1.0
2010-08-18 19:00:00,0.888,0.0,239.775,3.7,0.0,0.0,1.0
2010-08-18 20:00:00,0.888,0.0,239.775,3.7,0.0,0.0,1.0
2010-08-18 21:00:00,0.888,0.0,239.775,3.7,0.0,0.0,1.0
2010-08-18 22:00:00,0.888,0.0,239.775,3.7,0.0,0.0,1.0
2010-08-18 23:00:00,0.888,0.0,239.775,3.7,0.0,0.0,1.0
2010-08-19 00:00:00,0.888,0.0,239.775,3.7,0.0,0.0,1.0
2010-08-19 01:00:00,0.888,0.0,239.775,3.7,0.0,0.0,1.0
2010-08-19 02:00:00,0.888,0.0,239.775,3.7,0.0,0.0,1.0
2010-08-19 03:00:00,0.888,0.0,239.775,3.7,0.0,0.0,1.0
2010-08-19 04:00:00,0.888,0.0,239.775,3.7,0.0,0.0,1.0
2010-08-19 05:00:00,0.888,0.0,239.775,3.7,0.0,0.0,1.0
2010-08-19 06:00:00,0.888,0.0,239.775,3.7,0.0,0.0,1.0
2010-08-19 07:00:00,0.888,0.0,239.775,3.7,0.0,0.0,1.0
2010-08-19 08:00:00,0.888,0.0,239.775,3.7,0.0,0.0,1.0
2010-08-19 09:00:00,0.888,0.0,239.775,3.7,0.0,0.0,1.0
2010-08-19 10:00:00,0.888,0.0,239.775,3.7,0.0,0.0,1.0
2010-08-19 11:00:00,0.888,0.0,239.775,3.7,0.0,0.0,1.0
2010-08-19 12:00:00,0.888,0.0,239.775,3.7,0.0,0.0,1.0
2010-08-19 13:00:00,0.888,0.0,239.775,3.7,0.0,0.0,1.0
2010-08-19 14:00:00,0.888,0.0,239.775,3.7,0.0,0.0,1.0
2010-08-19 15:00:00,0.888,0.0,239.775,3.7,0.0,0.0,1.0
2010-08-19 16:00:00,0.888,0.0,239.775,3.7,0.0,0.0,1.0
2010-08-19 17:00:00,0.888,0.0,239.775,3.7,0.0,0.0,1.0
2010-08-19 18:00:00,0.888,0.0,239.775,3.7,0.0,0.0,1.0
2010-08-19 19:00:00,0.888,0.0,239.775,3.7,0.0,0.0,1.0
2010-08-19 20:00:00,0.888,0.0,239.775,3.7,0.0,0.0,1.0
2010-08-19 21:00:00,0.888,0.0,239.775,3.7,0.0,0.0,1.0
2010-08-19 22:00:00,0.888,0.0,239.775,3.7,0.0,0.0,1.0
2010-08-19 23:00:00,0.888,0.0,239.775,3.7,0.0,0.0,1.0
2010-08-20 00:00:00,0.888,0.0,239.775,3.7,0.0,0.0,1.0
2010-08-20 01:00:00,0.888,0.0,239.775,3.7,0.0,0.0,1.0
2010-08-20 02:00:00,0.888,0.0,239.775,3.7,0.0,0.0,1.0
2010-08-20 03:00:00,0.888,0.0,239.775,3.7,0.0,0.0,1.0
2010-08-20 04:00:00,0.888,0.0,239.775,3.7,0.0,0.0,1.0
2010-08-20 05:00:00,0.888,0.0,239.775,3.7,0.0,0.0,1.0
2010-08-20 06:00:00,0.888,0.0,239.775,3.7,0.0,0.0,1.0
2010-08-20 07:00:00,0.888,0.0,239.775,3.7,0.0,0.0,1.0
2010-08-20 08:00:00,0.888,0.0,239.775,3.7,0.0,0.0,1.0
2010-08-20 09:00:00,0.888,0.0,239.775,3.7,0.0,0.0,1.0
2010-08-20 10:00:00,0.888,0.0,239.775,3.7,0.0,0.0,1.0
2010-08-20 11:00:00,0.888,0.0,239.775,3.7,0.0,0.0,1.0
2010-08-20 12:00:00,0.888,0.0,239.775,3.7,0.0,0.0,1.0
2010-08-20 13:00:00,0.888,0.0,239.775,3.7,0.0,0.0,1.0
2010-08-20 14:00:00,0.888,0.0,239.775,3.7,0.0,0.0,1.0
2010-08-20 15:00:00,0.888,0.0,239.775,3.7,0.0,0.0,1.0
2010-08-20 16:00:00,0.888,0.0,239.775,3.7,0.0,0.0,1.0
2010-08-20 17:00:00,0.888,0.0,239.775,3.7,0.0,0.0,1.0
2010-08-20 18:00:00,0.888,0.0,239.775,3.7,0.0,0.0,1.0
2010-08-20 19:00:00,0.888,0.0,239.775,3.7,0.0,0.0,1.0
2010-08-20 20:00:00,0.888,0.0,239.775,3.7,0.0,0.0,1.0
2010-08-20 21:00:00,0.888,0.0,239.775,3.7,0.0,0.0,1.0
2010-08-20 22:00:00,0.888,0.0,239.775,3.7,0.0,0.0,1.0
2010-08-20 23:00:00,0.888,0.0,239.775,3.7,0.0,0.0,1.0
2010-08-21 00:00:00,0.888,0.0,239.775,3.7,0.0,0.0,1.0
2010-08-21 01:00:00,0.888,0.0,239.775,3.7,0.0,0.0,1.0
2010-08-21 02:00:00,0.888,0.0,239.775,3.7,0.0,0.0,1.0
2010-08-21 03:00:00,0.888,0.0,239.775,3.7,0.0,0.0,1.0
2010-08-21 04:00:00,0.888,0.0,239.775,3.7,0.0,0.0,1.0
2010-08-21 05:00:00,0.888,0.0,239.775,3.7,0.0,0.0,1.0
2010-08-21 06:00:00,0.888,0.0,239.775,3.7,0.0,0.0,1.0
2010-08-21 07:00:00,0.888,0.0,239.775,3.7,0.0,0.0,1.0
2010-08-21 08:00:00,0.888,0.0,239.775,3.7,0.0,0.0,1.0
2010-08-21 09:00:00,0.888,0.0,239.775,3.7,0.0,0.0,1.0
2010-08-21 10:00:00,0.888,0.0,239.775,3.7,0.0,0.0,1.0
2010-08-21 11:00:00,0.888,0.0,239.775,3.7,0.0,0.0,1.0
2010-08-21 12:00:00,0.888,0.0,239.775,3.7,0.0,0.0,1.0
2010-08-21 13:00:00,0.888,0.0,239.775,3.7,0.0,0.0,1.0
2010-08-21 14:00:00,0.888,0.0,239.775,3.7,0.0,0.0,1.0
2010-08-21 15:00:00,0.888,0.0,239.775,3.7,0.0,0.0,1.0
2010-08-21 16:00:00,0.888,0.0,239.775,3.7,0.0,0.0,1.0
2010-08-21 17:00:00,0.888,0.0,239.775,3.7,0.0,0.0,1.0
2010-08-21 18:00:00,0.888,0.0,239.775,3.7,0.0,0.0,1.0
2010-08-21 19:00:00,0.888,0.0,239.775,3.7,0.0,0.0,1.0
2010-08-21 20:00:00,0.888,0.0,239.775,3.7,0.0,0.0,1.0
2010-08-21 21:00:00,0.888,0.0,239.775,3.7,0.0,0.0,1.0
2010-08-21 22:00:00,0.888,0.0,239.775,3.7,0.0,0.0,1.0
2010-08-21 23:00:00,0.888,0.0,239.775,3.7,0.0,0.0,1.0
2010-08-22 00:00:00,0.888,0.0,239.775,3.7,0.0,0.0,1.0
2010-08-22 01:00:00,0.888,0.0,239.775,3.7,0.0,0.0,1.0
2010-08-22 02:00:00,0.888,0.0,239.775,3.7,0.0,0.0,1.0
2010-08-22 03:00:00,0.888,0.0,239.775,3.7,0.0,0.0,1.0
2010-08-22 04:00:00,0.888,0.0,239.775,3.7,0.0,0.0,1.0
2010-08-22 05:00:00,0.888,0.0,239.775,3.7,0.0,0.0,1.0
2010-08-22 06:00:00,0.888,0.0,239.775,3.7,0.0,0.0,1.0
2010-08-22 07:00:00,0.888,0.0,239.775,3.7,0.0,0.0,1.0
2010-08-22 08:00:00,0.888,0.0,239.775,3.7,0.0,0.0,1.0
2010-08-22 09:00:00,0.888,0.0,239.775,3.7,0.0,0.0,1.0
2010-08-22 10:00:00,0.888,0.0,239.775,3.7,0.0,0.0,1.0
2010-08-22 11:00:00,0.888,0.0,239.775,3.7,0.0,0.0,1.0
2010-08-22 12:00:00,0.888,0.0,239.775,3.7,0.0,0.0,1.0
2010-08-22 13:00:00,0.888,0.0,239.775,3.7,0.0,0.0,1.0
2010-08-22 14:00:00,0.888,0.0,239.775,3.7,0.0,0.0,1.0
2010-08-22 15:00:00,0.888,0.0,239.775,3.7,0.0,0.0,1.0
2010-08-22 16:00:00,0.888,0.0,239.775,3.7,0.0,0.0,1.0
2010-08-22 17:00:00,0.888,0.0,239.775,3.7,0.0,0.0,1.0
2010-08-22 18:00:00,0.888,0.0,239.775,3.7,0.0,0.0,1.0
2010-08-22 19:00:00,0.888,0.0,239.775,3.7,0.0,0.0,1.0
2010-08-22 20:00:00,0.888,0.0,239.775,3.7,0.0,0.0,1.0
2010-08-22 21:00:00,0.712,0.136875,242.605,3.1,0.0,0.34375,2.78125
2010-08-22 22:00:00,0.8115333333333333,0.179,241.85116666666667,3.5300000000000002,0.0,0.15,1.75
2010-08-22 23:00:00,0.3643666666666666,0.1588,243.50983333333335,1.6733333333333333,0.0,0.5666666666666667,1.7666666666666666
2010-08-23 00:00:00,0.3487,0.1334,243.16899999999998,1.5733333333333335,0.0,0.38333333333333336,1.7666666666666666
2010-08-23 01:00:00,0.3358666666666667,0.12053333333333334,242.23633333333333,1.5033333333333334,0.0,0.3333333333333333,1.7666666666666666
2010-08-23 02:00:00,0.3663,0.1557,241.084,1.7,0.0,0.6166666666666667,1.8166666666666667
2010-08-23 03:00:00,0.7253000000000001,0.11456666666666666,241.494,3.0766666666666667,0.0,0.1,8.3
2010-08-23 04:00:00,0.7053666666666667,0.1459,241.09466666666668,3.0133333333333336,0.0,0.7166666666666667,7.616666666666666
2010-08-23 05:00:00,0.32436666666666664,0.10103333333333334,241.20033333333333,1.4400000000000002,0.0,0.0,1.7833333333333334
2010-08-23 06:00:00,0.3664,0.1628,242.157,1.6866666666666668,0.0,0.7333333333333333,1.7666666666666666
2010-08-23 07:00:00,1.3092666666666666,0.08833333333333333,240.10433333333333,5.47,0.0,0.0,15.066666666666666
2010-08-23 08:00:00,1.4588999999999999,0.16223333333333334,239.58383333333333,6.086666666666667,0.0,0.7166666666666667,20.016666666666666
2010-08-23 09:00:00,0.6013666666666667,0.13503333333333334,244.09716666666665,2.5766666666666667,0.0,0.15,6.183333333333334
2010-08-23 10:00:00,0.36869999999999997,0.15603333333333333,243.02083333333334,1.7,0.0,0.5833333333333334,2.1333333333333333
2010-08-23 11:00:00,0.33999999999999997,0.13713333333333333,241.83666666666667,1.5599999999999998,0.0,0.36666666666666664,1.7333333333333334
2010-08-23 12:00:00,0.3449,0.14423333333333332,242.75666666666666,1.5966666666666667,0.0,0.36666666666666664,1.7833333333333334
2010-08-23 13:00:00,0.34793333333333337,0.14216666666666666,241.39883333333333,1.5933333333333333,0.0,0.55,1.8
2010-08-23 14:00:00,0.31766666666666665,0.11233333333333334,240.89583333333334,1.4333333333333333,0.0,0.16666666666666666,1.5833333333333333
2010-08-23 15:00:00,0.3702333333333333,0.17623333333333333,243.01416666666668,1.7366666666666668,0.0,0.7166666666666667,1.85
2010-08-23 16:00:00,0.3078333333333333,0.09390000000000001,242.97666666666666,1.38,0.0,0.0,1.7166666666666666
2010-08-23 17:00:00,0.3748333333333333,0.1893,243.42066666666668,1.74,0.0,0.7166666666666667,1.7
2010-08-23 18:00:00,0.9786666666666667,0.09936666666666666,243.12533333333334,4.06,0.0,0.0,12.666666666666666
2010-08-23 19:00:00,0.4583333333333333,0.16856666666666667,243.38233333333335,2.0466666666666664,0.0,0.7333333333333333,1.75
2010-08-23 20:00:00,0.5619999999999999,0.17850000000000002,240.26016666666666,2.4766666666666666,0.0,0.21666666666666667,1.7833333333333334
2010-08-23 21:00:00,0.6539333333333333,0.25,239.22633333333334,2.9166666666666665,0.0,0.5166666666666667,1.7166666666666666
2010-08-23 22:00:00,0.46623333333333333,0.1538,242.58849999999998,2.026666666666667,0.0,0.4166666666666667,1.7166666666666666
2010-08-23 23:00:00,0.3278666666666667,0.1255,244.9665,1.4766666666666666,0.0,0.31666666666666665,1.75
2010-08-24 00:00:00,0.3574,0.1572,240.54799999999997,1.6600000000000001,0.0,0.6,1.75
2010-08-24 01:00:00,0.3172333333333333,0.1042,240.4118333333333,1.4233333333333333,0.0,0.11666666666666667,1.75
2010-08-24 02:00:00,0.3532666666666666,0.1499,239.91366666666667,1.6366666666666667,0.0,0.7166666666666667,1.7666666666666666
2010-08-24 03:00:00,0.30146666666666666,0.0833,241.416,1.3466666666666667,0.0,0.0,1.7166666666666666
2010-08-24 04:00:00,0.36010000000000003,0.16136666666666669,241.15566666666666,1.6466666666666667,0.0,0.6833333333333333,1.6833333333333333
2010-08-24 05:00:00,0.6707000000000001,0.05936666666666667,239.87733333333333,2.81,0.0,0.0,8.016666666666667
2010-08-24 06:00:00,0.716,0.14023333333333332,240.48566666666665,3.04,0.0,0.7,7.733333333333333
2010-08-24 07:00:00,0.996,0.0977,240.42383333333333,4.226666666666667,0.0,0.1,10.933333333333334
2010-08-24 08:00:00,1.4222333333333335,0.1189,240.31616666666665,5.913333333333333,0.0,0.5833333333333334,19.516666666666666
2010-08-24 09:00:00,0.7737333333333333,0.11786666666666666,242.35733333333334,3.356666666666667,0.0,0.3333333333333333,8.8
2010-08-24 10:00:00,0.34600000000000003,0.1239,241.28766666666667,1.68,0.0,0.35,1.7
2010-08-24 11:00:00,0.34986666666666666,0.128,241.22716666666665,1.6933333333333331,0.0,0.5333333333333333,1.6833333333333333
2010-08-24 12:00:00,0.32876666666666665,0.10626666666666668,240.99266666666665,1.6133333333333333,0.0,0.15,1.6666666666666667
2010-08-24 13:00:00,0.3661333333333333,0.1511,240.77633333333333,1.78,0.0,0.6833333333333333,1.6333333333333333
2010-08-24 14:00:00,0.31010000000000004,0.07413333333333334,240.16649999999998,1.5066666666666668,0.0,0.0,1.6666666666666667
2010-08-24 15:00:00,0.32543333333333335,0.14633333333333332,242.03483333333332,1.6033333333333333,0.0,0.7166666666666667,0.8333333333333334
2010-08-24 16:00:00,0.3030666666666667,0.0809,242.66716666666667,1.48,0.0,0.0,1.4833333333333334
2010-08-24 17:00:00,0.3684,0.15960000000000002,242.16850000000002,1.78,0.0,0.7,1.6666666666666667
2010-08-24 18:00:00,0.9464,0.0894,242.26783333333333,4.006666666666667,0.0,0.0,11.916666666666666
2010-08-24 19:00:00,0.3782333333333333,0.15296666666666667,243.22633333333334,1.8333333333333333,0.0,0.6833333333333333,1.6833333333333333
2010-08-24 20:00:00,0.34700000000000003,0.10796666666666667,244.31683333333334,1.6433333333333333,0.0,0.15,1.65
2010-08-24 21:00:00,0.37443333333333334,0.14853333333333335,242.4205,1.79,0.0,0.5333333333333333,1.6333333333333333
2010-08-24 22:00:00,0.6837,0.12446666666666667,244.50516666666667,2.9133333333333336,0.0,0.36666666666666664,0.6666666666666666
2010-08-24 23:00:00,0.3534666666666667,0.1407,243.6328333333333,1.7333333333333334,0.0,0.31666666666666665,1.65
2010-08-25 00:00:00,0.3427,0.1219,242.00366666666665,1.6566666666666667,0.0,0.55,1.65
2010-08-25 01:00:00,0.3297666666666667,0.10339999999999999,241.69216666666668,1.5899999999999999,0.0,0.13333333333333333,1.6666666666666667
2010-08-25 02:00:00,0.3562666666666667,0.14196666666666669,241.44549999999998,1.7466666666666666,0.0,0.6666666666666666,1.6333333333333333
2010-08-25 03:00:00,0.3103666666666667,0.08349999999999999,242.036,1.51,0.0,0.0,1.6
2010-08-25 04:00:00,0.8391,0.12426666666666666,241.38166666666666,3.5966666666666667,0.0,0.6666666666666666,9.55
2010-08-25 05:00:00,0.5518,0.07303333333333333,240.8826666666667,2.4733333333333336,0.0,0.0,5.683333333333334
2010-08-25 06:00:00,0.35719999999999996,0.14323333333333332,241.8445,1.7366666666666668,0.0,0.6666666666666666,1.6
2010-08-25 07:00:00,1.1821333333333333,0.0754,241.4008333333333,4.966666666666667,0.0,0.0,13.05
2010-08-25 08:00:00,1.8391333333333333,0.13333333333333333,239.2305,7.6899999999999995,7.383333333333334,0.6666666666666666,19.2
2010-08-25 09:00:00,1.5416666666666667,0.08486666666666666,240.93833333333333,6.4,8.766666666666667,0.15,13.5
2010-08-25 10:00:00,0.33676666666666666,0.13303333333333334,240.12633333333332,1.5466666666666666,0.0,0.5166666666666667,1.6333333333333333
2010-08-25 11:00:00,0.27136666666666664,0.09033333333333333,240.52466666666666,1.2433333333333332,0.0,0.35,0.9166666666666666
2010-08-25 12:00:00,0.31046666666666667,0.12113333333333333,241.47733333333332,1.4200000000000002,0.0,0.31666666666666665,1.3666666666666667
2010-08-25 13:00:00,0.31943333333333335,0.10880000000000001,238.42883333333333,1.46,0.0,0.5166666666666667,1.6166666666666667
2010-08-25 14:00:00,0.31183333333333335,0.10600000000000001,240.7711666666667,1.4200000000000002,0.0,0.15,1.6
2010-08-25 15:00:00,0.33676666666666666,0.14226666666666665,241.96483333333333,1.5599999999999998,0.0,0.6666666666666666,1.5833333333333333
2010-08-25 16:00:00,0.23946666666666666,0.06876666666666666,240.58516666666668,1.0833333333333333,0.0,0.0,0.6333333333333333
2010-08-25 17:00:00,0.3452,0.1441,240.24066666666667,1.5633333333333332,0.0,0.6666666666666666,1.6166666666666667
2010-08-25 18:00:00,0.9426,0.0758,239.24533333333332,3.936666666666667,0.0,0.0,12.416666666666666
2010-08-25 19:00:00,0.35346666666666665,0.14983333333333335,240.53066666666666,1.63,0.0,0.6833333333333333,1.6333333333333333
2010-08-25 20:00:00,1.0539333333333334,0.08176666666666667,241.24166666666667,4.430000000000001,0.0,0.0,7.4
2010-08-25 21:00:00,1.5824,0.1401,240.53116666666668,6.583333333333333,0.0,0.65,19.416666666666668
2010-08-25 22:00:00,1.4606999999999999,0.1012,243.469,5.973333333333333,0.0,0.11666666666666667,19.833333333333332
2010-08-25 23:00:00,0.8256,0.1375,244.79866666666666,3.46,0.0,0.5666666666666667,8.516666666666667
2010-08-26 00:00:00,0.5391666666666667,0.12116666666666667,242.19500000000002,2.3266666666666667,0.0,0.31666666666666665,1.6666666666666667
2010-08-26 01:00:00,0.2715666666666667,0.1075,240.13433333333333,1.26,0.0,0.36666666666666664,0.6333333333333333
2010-08-26 02:00:00,0.32380000000000003,0.1145,240.17233333333334,1.5,0.0,0.48333333333333334,1.6666666666666667
2010-08-26 03:00:00,0.3172666666666667,0.11136666666666667,240.449,1.4466666666666665,0.0,0.2,1.6333333333333333
2010-08-26 04:00:00,0.3435666666666667,0.1372,239.91683333333333,1.5733333333333335,0.0,0.65,1.6833333333333333
2010-08-26 05:00:00,0.3033666666666666,0.08366666666666668,239.22566666666668,1.3633333333333333,0.0,0.03333333333333333,1.6666666666666667
2010-08-26 06:00:00,0.33786666666666665,0.1383,240.49266666666665,1.5733333333333335,0.0,0.6666666666666666,1.6833333333333333
2010-08-26 07:00:00,1.3136333333333332,0.11783333333333333,239.80949999999999,5.516666666666667,0.0,0.0,13.9
2010-08-26 08:00:00,1.4059333333333333,0.1247,241.05083333333332,5.83,0.0,0.6833333333333333,19.483333333333334
2010-08-26 09:00:00,0.7121333333333334,0.0965,243.53183333333334,2.993333333333333,0.0,0.0,8.233333333333333
2010-08-26 10:00:00,0.32939999999999997,0.12863333333333332,240.5865,1.5533333333333335,0.0,0.6833333333333333,1.1666666666666667
2010-08-26 11:00:00,0.33196666666666663,0.09780000000000001,240.65883333333335,1.53,0.0,0.08333333333333333,1.7
2010-08-26 12:00:00,0.5291,0.20350000000000001,242.2975,2.4233333333333333,0.0,0.6,1.6666666666666667
2010-08-26 13:00:00,0.33676666666666666,0.12169999999999999,243.46516666666668,1.5266666666666666,0.0,0.2833333333333333,1.7
2010-08-26 14:00:00,0.33819999999999995,0.14266666666666666,243.00416666666666,1.5366666666666666,0.0,0.4166666666666667,1.6333333333333333
2010-08-26 15:00:00,0.32599999999999996,0.1235,243.292,1.49,0.0,0.4666666666666667,1.6666666666666667
2010-08-26 16:00:00,0.3312,0.13140000000000002,244.3355,1.5100000000000002,0.0,0.23333333333333334,1.6666666666666667
2010-08-26 17:00:00,0.3519333333333333,0.1576,244.11933333333334,1.6366666666666667,0.0,0.6333333333333333,1.7
2010-08-26 18:00:00,0.9729666666666666,0.09366666666666666,242.45766666666665,4.076666666666666,0.0,0.06666666666666667,12.083333333333334
2010-08-26 19:00:00,0.4751,0.1507,243.09216666666669,2.18,0.0,0.7,0.8666666666666667
2010-08-26 20:00:00,0.3965666666666667,0.07823333333333334,242.8085,1.7166666666666666,0.0,0.0,1.4666666666666666
2010-08-26 21:00:00,0.6557,0.12916666666666668,239.785,2.8233333333333333,0.0,0.7,1.65
2010-08-26 22:00:00,0.3233,0.09493333333333333,242.86333333333332,1.43,0.0,0.0,1.7333333333333334
2010-08-26 23:00:00,1.0543666666666667,0.162,243.78783333333334,4.3966666666666665,0.0,0.7,1.6833333333333333
2010-08-27 00:00:00,0.5064,0.10553333333333333,242.3826666666667,2.183333333333333,0.0,0.08333333333333333,1.65
2010-08-27 01:00:00,0.4091666666666667,0.1474,241.78316666666666,1.8566666666666665,0.0,0.6166666666666667,1.6666666666666667
2010-08-27 02:00:00,0.3346666666666666,0.09543333333333333,241.41233333333332,1.46,0.0,0.2833333333333333,1.7166666666666666
2010-08-27 03:00:00,0.34983333333333333,0.14396666666666666,242.112,1.6066666666666667,0.0,0.4166666666666667,1.7
2010-08-27 04:00:00,1.1094333333333333,0.11233333333333334,241.19183333333334,4.63,0.0,0.4666666666666667,14.6
2010-08-27 05:00:00,0.32436666666666664,0.11753333333333334,241.0945,1.4766666666666666,0.0,0.21666666666666667,1.6666666666666667
2010-08-27 06:00:00,0.3486,0.14493333333333333,241.06433333333334,1.63,0.0,0.65,1.6666666666666667
2010-08-27 07:00:00,0.5213333333333333,0.0974,239.54816666666665,2.393333333333333,0.0,0.05,1.7
2010-08-27 08:00:00,1.2256,0.16363333333333333,239.36233333333334,5.266666666666667,0.0,0.6833333333333333,12.65
2010-08-27 09:00:00,1.6963000000000001,0.09603333333333333,238.267,7.14,0.0,4.716666666666667,19.15
2010-08-27 10:00:00,1.5059666666666667,0.16766666666666669,239.5148333333333,6.286666666666666,0.0,0.7166666666666667,19.366666666666667
2010-08-27 11:00:00,1.5641,0.2768,239.68583333333333,6.576666666666667,0.0,0.0,19.366666666666667
2010-08-27 12:00:00,2.142533333333333,0.4401,241.73533333333336,9.043333333333333,0.0,7.75,19.65
2010-08-27 13:00:00,1.7725000000000002,0.3673,240.648,7.48,0.4,0.7833333333333333,19.416666666666668
2010-08-27 14:00:00,2.996566666666667,0.3868,238.957,12.793333333333333,7.1,10.483333333333333,19.166666666666668
2010-08-27 15:00:00,2.477133333333333,0.27086666666666664,240.73933333333335,10.486666666666668,8.0,15.066666666666666,7.783333333333333
2010-08-27 16:00:00,0.7748333333333334,0.229,243.407,3.453333333333333,0.0,6.616666666666666,1.7
2010-08-27 17:00:00,1.7782333333333333,0.21539999999999998,243.19816666666665,7.503333333333333,0.0,20.216666666666665,1.8
2010-08-27 18:00:00,2.8016333333333336,0.31679999999999997,240.1515,11.823333333333332,0.0,22.133333333333333,11.366666666666667
2010-08-27 19:00:00,3.0526666666666666,0.2905,241.04799999999997,12.76,0.0,19.8,15.616666666666667
2010-08-27 20:00:00,2.0804666666666667,0.2589666666666667,239.52066666666667,8.833333333333334,0.0,13.716666666666667,1.3166666666666667
2010-08-27 21:00:00,2.3304,0.22403333333333333,237.712,9.84,0.0,0.016666666666666666,13.533333333333333
2010-08-27 22:00:00,1.1623666666666668,0.2674666666666667,242.0685,4.9,0.0,0.9,1.75
2010-08-27 23:00:00,0.5790666666666666,0.13606666666666667,244.0225,2.433333333333333,0.0,0.0,1.7833333333333334
2010-08-28 00:00:00,0.45653333333333335,0.23879999999999998,243.19616666666667,2.1133333333333333,0.0,0.7666666666666667,1.7
2010-08-28 01:00:00,0.3438,0.14213333333333333,243.66416666666666,1.5266666666666666,0.0,0.2,1.7
2010-08-28 02:00:00,0.3683666666666667,0.1797,243.13533333333334,1.6933333333333331,0.0,0.55,1.7333333333333334
2010-08-28 03:00:00,0.3543333333333333,0.16486666666666666,243.74583333333334,1.6433333333333335,0.0,0.4166666666666667,1.6833333333333333
2010-08-28 04:00:00,0.33370000000000005,0.13106666666666666,243.85150000000002,1.4966666666666666,0.0,0.3,1.7166666666666666
2010-08-28 05:00:00,0.9637,0.1655,242.78983333333332,4.053333333333333,0.0,0.6,11.683333333333334
2010-08-28 06:00:00,0.3224,0.12126666666666666,243.3485,1.4400000000000002,0.0,0.11666666666666667,1.6333333333333333
2010-08-28 07:00:00,0.33146666666666663,0.16380000000000003,242.88716666666667,1.5599999999999998,0.0,0.7,1.1
2010-08-28 08:00:00,0.4172,0.09026666666666668,242.46916666666667,2.0166666666666666,0.0,0.0,1.1833333333333333
2010-08-28 09:00:00,0.6422000000000001,0.1293,244.37016666666665,2.816666666666667,0.0,0.6833333333333333,1.6666666666666667
2010-08-28 10:00:00,0.6088666666666666,0.14383333333333334,243.98933333333335,2.69,0.0,0.0,3.0
2010-08-28 11:00:00,1.4582666666666666,0.161,240.45383333333334,6.053333333333333,0.0,0.6833333333333333,19.45
2010-08-28 12:00:00,2.592233333333333,0.22476666666666667,240.34433333333334,11.186666666666667,11.533333333333333,0.0,19.466666666666665
2010-08-28 13:00:00,2.3489666666666666,0.3251666666666667,242.08633333333333,10.063333333333333,7.566666666666666,0.7,19.666666666666668
2010-08-28 14:00:00,2.0538333333333334,0.1253,240.32866666666666,8.553333333333335,7.533333333333333,0.11666666666666667,19.383333333333333
2010-08-28 15:00:00,2.025333333333333,0.18536666666666665,240.47333333333333,8.463333333333333,8.133333333333333,0.5666666666666667,19.366666666666667
2010-08-28 16:00:00,2.005333333333333,0.26530000000000004,240.54799999999997,8.406666666666666,0.0,0.2833333333333333,19.316666666666666
2010-08-28 17:00:00,1.7953333333333332,0.20523333333333332,241.22933333333333,7.496666666666667,0.0,0.4,19.483333333333334
2010-08-28 18:00:00,1.4537333333333333,0.1586,241.53116666666668,6.036666666666666,0.0,0.6166666666666667,19.583333333333332
2010-08-28 19:00:00,1.4208666666666665,0.12206666666666667,242.55766666666665,5.826666666666667,0.0,0.06666666666666667,19.633333333333333
2010-08-28 20:00:00,0.7807333333333334,0.1766,243.84900000000002,3.3333333333333335,0.0,0.6833333333333333,8.283333333333333
2010-08-28 21:00:00,0.33340000000000003,0.1033,242.95683333333332,1.4533333333333334,0.0,0.0,1.65
2010-08-28 22:00:00,0.30256666666666665,0.13116666666666668,243.39116666666666,1.3966666666666667,0.0,0.7,0.6666666666666666
2010-08-28 23:00:00,0.3344333333333333,0.10400000000000001,244.38383333333334,1.4433333333333331,0.0,0.0,1.6333333333333333
2010-08-29 00:00:00,0.6910666666666666,0.1549333333333333,242.58183333333332,2.96,0.0,0.7,1.6666666666666667
2010-08-29 01:00:00,0.3606,0.11076666666666667,241.93583333333333,1.6033333333333333,0.0,0.2,1.6666666666666667
2010-08-29 02:00:00,0.3186333333333333,0.10803333333333334,241.19616666666667,1.4200000000000002,0.0,0.48333333333333334,1.65
2010-08-29 03:00:00,0.3600333333333333,0.12853333333333333,241.50300000000001,1.6433333333333335,0.0,0.4,1.6833333333333333
2010-08-29 04:00:00,0.27476666666666666,0.09403333333333334,242.36433333333335,1.25,0.0,0.3,0.9333333333333333
2010-08-29 05:00:00,1.1188666666666667,0.12136666666666666,241.63966666666664,4.66,0.0,0.55,14.616666666666667
2010-08-29 06:00:00,0.2983,0.09053333333333334,242.17383333333333,1.3333333333333333,0.0,0.13333333333333333,1.6333333333333333
2010-08-29 07:00:00,0.34223333333333333,0.14780000000000001,241.6205,1.5799999999999998,0.0,0.6833333333333333,1.6
2010-08-29 08:00:00,0.49173333333333336,0.0669,240.3615,2.26,0.0,0.0,1.5833333333333333
2010-08-29 09:00:00,0.3921,0.12510000000000002,240.25583333333333,1.8566666666666667,0.0,0.6833333333333333,0.6333333333333333
2010-08-29 10:00:00,0.6474666666666666,0.14006666666666667,240.9325,2.8033333333333332,0.0,0.0,2.95
2010-08-29 11:00:00,1.5473333333333334,0.1408333333333333,240.07816666666668,6.423333333333333,0.0,0.6666666666666666,19.25
2010-08-29 12:00:00,2.5704,0.14026666666666668,240.33133333333333,11.110000000000001,12.716666666666667,0.0,19.366666666666667
2010-08-29 13:00:00,2.1139,0.21916666666666668,241.444,8.946666666666665,5.75,0.7,19.516666666666666
2010-08-29 14:00:00,1.5021333333333333,0.0803,240.32416666666668,6.206666666666666,0.0,0.0,19.316666666666666
2010-08-29 15:00:00,1.4193666666666667,0.18296666666666667,240.83983333333333,5.903333333333333,0.0,0.6833333333333333,15.633333333333333
2010-08-29 16:00:00,0.37416666666666665,0.11389999999999999,242.45983333333334,1.6700000000000002,0.0,0.11666666666666667,1.45
2010-08-29 17:00:00,1.4337666666666666,0.20243333333333335,241.38333333333333,6.573333333333333,14.45,0.5666666666666667,1.65
2010-08-29 18:00:00,1.1072,0.16346666666666668,241.09516666666667,4.713333333333334,0.03333333333333333,0.26666666666666666,7.116666666666666
2010-08-29 19:00:00,1.7450666666666668,0.18259999999999998,240.212,7.253333333333333,0.0,0.4166666666666667,19.3
2010-08-29 20:00:00,2.1989333333333336,0.10693333333333334,237.24566666666666,9.236666666666668,0.13333333333333333,0.4,17.866666666666667
2010-08-29 21:00:00,3.2344999999999997,0.10253333333333334,237.15716666666668,13.6,8.05,0.26666666666666666,18.833333333333332
2010-08-29 22:00:00,2.3159666666666667,0.14933333333333335,241.49483333333333,9.566666666666666,8.95,0.55,19.466666666666665
2010-08-29 23:00:00,0.9494666666666667,0.1221,243.56016666666667,3.933333333333333,0.0,0.13333333333333333,8.866666666666667
2010-08-30 00:00:00,0.5507333333333334,0.12346666666666666,242.4155,2.3400000000000003,0.0,0.6666666666666666,0.65
2010-08-30 01:00:00,0.48323333333333335,0.07336666666666666,242.3665,2.04,0.0,0.0,1.6166666666666667
2010-08-30 02:00:00,0.34113333333333334,0.15316666666666665,241.34066666666666,1.5866666666666667,0.0,0.6833333333333333,1.55
2010-08-30 03:00:00,0.28736666666666666,0.08263333333333334,242.29533333333333,1.2966666666666666,0.0,0.0,1.5833333333333333
2010-08-30 04:00:00,0.2851,0.13086666666666666,241.66516666666666,1.3266666666666667,0.0,0.65,0.65
2010-08-30 05:00:00,0.28673333333333334,0.07883333333333332,240.30766666666665,1.29,0.0,0.0,1.55
2010-08-30 06:00:00,0.33676666666666666,0.1482,242.52349999999998,1.55,0.0,0.6666666666666666,1.5666666666666667
2010-08-30 07:00:00,0.8905666666666666,0.07976666666666667,240.45083333333332,3.89,0.0,0.0,8.1
2010-08-30 08:00:00,1.4085333333333334,0.11166666666666666,238.77216666666666,5.883333333333334,0.0,0.6666666666666666,18.083333333333332
2010-08-30 09:00:00,1.0479,0.06703333333333333,240.11666666666667,4.38,0.0,0.0,13.45
2010-08-30 10:00:00,0.8792666666666666,0.14666666666666667,240.99783333333335,3.83,0.0,0.65,8.566666666666666
2010-08-30 11:00:00,1.5097,0.11136666666666667,241.60150000000002,6.243333333333334,0.0,0.0,19.5
2010-08-30 12:00:00,1.7421333333333335,0.25926666666666665,240.111,7.33,0.0,0.6666666666666666,19.316666666666666
2010-08-30 13:00:00,2.218233333333333,0.09026666666666666,240.61,9.233333333333333,7.483333333333333,0.11666666666666667,19.35
2010-08-30 14:00:00,2.417133333333333,0.14653333333333332,240.70966666666666,10.026666666666667,8.183333333333334,0.5333333333333333,19.316666666666666
2010-08-30 15:00:00,1.8369,0.06513333333333333,241.23883333333333,7.596666666666667,0.0,0.23333333333333334,18.45
2010-08-30 16:00:00,1.6935666666666667,0.12663333333333332,240.61933333333334,7.010000000000001,0.0,0.43333333333333335,19.266666666666666
2010-08-30 17:00:00,0.3625,0.1181,241.60616666666667,1.6133333333333333,0.0,0.3333333333333333,2.066666666666667
2010-08-30 18:00:00,0.3312333333333333,0.11033333333333334,242.424,1.4866666666666668,0.0,0.3333333333333333,0.65
2010-08-30 19:00:00,1.1589,0.21823333333333333,241.32566666666668,4.933333333333334,0.0,4.333333333333333,1.5666666666666667
2010-08-30 20:00:00,0.8696333333333333,0.128,241.57866666666666,3.6533333333333333,0.0,0.8166666666666667,1.5666666666666667
2010-08-30 21:00:00,2.242233333333333,0.17523333333333332,240.67516666666668,9.323333333333332,0.0,4.116666666666666,15.833333333333334
2010-08-30 22:00:00,1.1637666666666666,0.1217,243.51133333333334,4.8933333333333335,0.0,7.333333333333333,0.9666666666666667
2010-08-30 23:00:00,0.5701,0.14446666666666666,243.72233333333332,2.4233333333333333,0.0,1.2666666666666666,1.2833333333333334
2010-08-31 00:00:00,0.4017666666666667,0.09673333333333334,243.58350000000002,1.8,0.0,0.15,1.55
2010-08-31 01:00:00,0.3663666666666667,0.13710000000000003,241.26633333333334,1.7133333333333334,0.0,0.85,1.55
2010-08-31 02:00:00,0.3196333333333333,0.09293333333333333,240.66850000000002,1.43,0.0,0.15,1.5666666666666667
2010-08-31 03:00:00,0.2955333333333333,0.12066666666666667,240.93383333333335,1.3833333333333333,0.0,0.8333333333333334,0.6333333333333333
2010-08-31 04:00:00,1.0354333333333332,0.08726666666666666,240.362,4.34,0.0,0.15,13.616666666666667
2010-08-31 05:00:00,0.32880000000000004,0.1222,240.76899999999998,1.52,0.0,0.7666666666666667,1.5333333333333334
2010-08-31 06:00:00,0.24463333333333334,0.06506666666666666,240.69916666666668,1.0966666666666667,0.0,0.016666666666666666,0.6333333333333333
2010-08-31 07:00:00,0.5892,0.14393333333333336,242.94383333333332,2.746666666666667,0.0,0.6666666666666666,2.066666666666667
2010-08-31 08:00:00,1.5327666666666666,0.07863333333333333,242.77833333333334,6.3133333333333335,0.0,0.13333333333333333,19.65
2010-08-31 09:00:00,1.4823666666666666,0.12743333333333334,241.24083333333334,6.376666666666667,7.616666666666666,7.066666666666666,5.0
2010-08-31 10:00:00,1.1666333333333334,0.08386666666666667,239.82383333333334,4.9366666666666665,8.55,0.26666666666666666,0.85
2010-08-31 11:00:00,1.5806666666666667,0.1027,238.04916666666668,6.596666666666667,0.0,0.4,15.85
2010-08-31 12:00:00,1.2884666666666666,0.12456666666666667,239.64166666666668,5.4399999999999995,0.0,0.4,11.683333333333334
2010-08-31 13:00:00,1.0535666666666665,0.15176666666666666,238.02833333333334,4.683333333333334,3.0,2.9,1.5666666666666667
2010-08-31 14:00:00,0.8699333333333333,0.14026666666666668,239.0836666666667,3.783333333333333,0.0,4.333333333333333,1.5666666666666667
2010-08-31 15:00:00,0.6130333333333333,0.09206666666666667,240.85766666666666,2.5733333333333333,0.0,0.16666666666666666,0.6333333333333333
2010-08-31 16:00:00,0.7542333333333333,0.12793333333333334,242.4741666666667,3.1633333333333336,0.0,0.6333333333333333,2.683333333333333
2010-08-31 17:00:00,1.4517333333333333,0.08526666666666666,240.748,5.996666666666667,0.0,0.05,19.383333333333333
2010-08-31 18:00:00,1.7887,0.14526666666666666,240.39516666666665,8.22,4.683333333333334,7.433333333333334,7.883333333333334
2010-08-31 19:00:00,1.3791,0.23556666666666667,242.002,6.903333333333333,11.083333333333334,0.0,0.65
2010-08-31 20:00:00,1.8193666666666668,0.12386666666666667,242.78866666666667,7.513333333333334,0.05,0.6833333333333333,13.9
2010-08-31 21:00:00,1.1395666666666666,0.08716666666666666,241.681,4.743333333333334,0.0,0.0,5.066666666666666
2010-08-31 22:00:00,0.6880000000000001,0.13673333333333335,243.36583333333334,2.8866666666666663,0.0,0.6666666666666666,1.6166666666666667
2010-08-31 23:00:00,0.5622666666666666,0.09866666666666667,244.43283333333332,2.3233333333333333,0.0,0.0,1.5
2010-09-01 00:00:00,0.37710000000000005,0.1247,242.204,1.6533333333333333,0.0,0.6666666666666666,0.7333333333333333
2010-09-01 01:00:00,0.2891333333333333,0.07693333333333334,241.41066666666666,1.3066666666666669,0.0,0.0,1.6166666666666667
2010-09-01 02:00:00,0.3401666666666667,0.14513333333333334,242.32933333333332,1.56,0.0,0.65,1.5833333333333333
2010-09-01 03:00:00,0.3021333333333333,0.095,243.1645,1.3433333333333333,0.0,0.06666666666666667,1.5833333333333333
2010-09-01 04:00:00,0.8031666666666667,0.10556666666666667,242.692,3.433333333333333,0.0,0.6,9.516666666666667
2010-09-01 05:00:00,0.3105333333333334,0.1019,242.73666666666668,1.4033333333333333,0.0,0.16666666666666666,1.6333333333333333
2010-09-01 06:00:00,0.46140000000000003,0.1257,242.49033333333333,2.13,0.0,0.5,1.5833333333333333
2010-09-01 07:00:00,0.9840333333333333,0.08956666666666666,241.08333333333334,4.213333333333334,0.0,0.26666666666666666,10.833333333333334
2010-09-01 08:00:00,1.4570666666666665,0.11423333333333334,239.72150000000002,6.069999999999999,0.0,0.38333333333333336,19.233333333333334
2010-09-01 09:00:00,0.8423666666666667,0.07160000000000001,241.99366666666668,3.5633333333333335,0.0,0.36666666666666664,8.966666666666667
2010-09-01 10:00:00,1.9099333333333335,0.1949,240.02966666666669,8.17,7.933333333333334,4.116666666666666,12.766666666666667
2010-09-01 11:00:00,2.1177333333333332,0.21156666666666665,238.20083333333332,9.023333333333333,8.833333333333334,1.15,19.05
2010-09-01 12:00:00,1.6747333333333332,0.15406666666666666,238.90033333333335,7.0633333333333335,0.0,0.15,19.116666666666667
2010-09-01 13:00:00,1.6333,0.11313333333333334,239.2165,6.833333333333333,0.0,1.3833333333333333,19.233333333333334
2010-09-01 14:00:00,1.7136333333333333,0.08883333333333333,238.17283333333336,7.17,0.0,5.966666666666667,19.033333333333335
2010-09-01 15:00:00,1.4292333333333334,0.1509,238.59533333333331,5.956666666666667,0.0,0.7,19.033333333333335
2010-09-01 16:00:00,1.3891666666666667,0.055433333333333334,241.08916666666667,5.72,0.0,0.0,18.433333333333334
2010-09-01 17:00:00,1.4856333333333334,0.12329999999999999,240.53650000000002,6.1466666666666665,0.0,0.7,19.383333333333333
2010-09-01 18:00:00,0.5392333333333333,0.09406666666666667,242.11316666666664,2.3733333333333335,0.0,0.0,4.9
2010-09-01 19:00:00,0.5494333333333333,0.20713333333333334,242.36266666666668,2.466666666666667,0.0,0.6833333333333333,1.6333333333333333
2010-09-01 20:00:00,1.8614333333333333,0.16483333333333333,241.42716666666666,7.766666666666667,0.25,0.16666666666666666,5.283333333333333
2010-09-01 21:00:00,2.5369,0.1259,240.0765,10.596666666666666,7.2,0.5333333333333333,14.733333333333333
2010-09-01 22:00:00,1.1801333333333335,0.12343333333333333,244.0165,4.946666666666667,8.233333333333333,0.3,1.6666666666666667
2010-09-01 23:00:00,0.3677,0.1451666666666667,245.745,1.6900000000000002,0.0,0.38333333333333336,1.6166666666666667
2010-09-02 00:00:00,0.3330666666666667,0.129,243.38533333333334,1.5466666666666666,0.0,0.43333333333333335,1.6
2010-09-02 01:00:00,0.3055,0.09536666666666667,241.35216666666665,1.37,0.0,0.25,1.6166666666666667
2010-09-02 02:00:00,0.34659999999999996,0.1429,241.01049999999998,1.6099999999999999,0.0,0.55,1.6
2010-09-02 03:00:00,0.2548,0.06476666666666667,240.91016666666667,1.1233333333333335,0.0,0.13333333333333333,0.65
2010-09-02 04:00:00,0.3398333333333333,0.13986666666666667,240.986,1.5666666666666667,0.0,0.6333333333333333,1.6
2010-09-02 05:00:00,0.30093333333333333,0.08506666666666667,240.11966666666666,1.34,0.0,0.05,1.6333333333333333
2010-09-02 06:00:00,1.0378666666666667,0.12273333333333333,241.05333333333334,4.336666666666667,0.0,0.6666666666666666,13.35
2010-09-02 07:00:00,0.7744333333333333,0.1104,240.07533333333333,3.453333333333333,0.0,0.0,4.266666666666667
2010-09-02 08:00:00,1.5999333333333332,0.09506666666666666,239.21833333333333,6.666666666666667,0.0,0.6666666666666666,19.016666666666666
2010-09-02 09:00:00,1.6337333333333333,0.09653333333333333,239.54616666666666,6.8133333333333335,0.0,0.0,19.683333333333334
2010-09-02 10:00:00,1.7061,0.1254,239.3435,7.073333333333333,0.0,0.6666666666666666,19.2
2010-09-02 11:00:00,1.6545333333333334,0.06953333333333332,239.16483333333332,6.833333333333333,0.0,0.0,18.15
2010-09-02 12:00:00,1.5187666666666668,0.1226,238.13516666666666,6.343333333333334,0.0,0.6833333333333333,19.016666666666666
2010-09-02 13:00:00,1.3599999999999999,0.07606666666666667,238.37683333333334,5.67,0.0,0.0,19.133333333333333
2010-09-02 14:00:00,1.4055333333333333,0.13523333333333334,239.489,5.826666666666667,0.0,0.6833333333333333,19.25
2010-09-02 15:00:00,0.8876333333333334,0.08406666666666666,241.0275,3.77,0.0,0.0,11.016666666666667
2010-09-02 16:00:00,0.3390666666666667,0.14556666666666668,242.48183333333333,1.5966666666666667,0.0,0.6833333333333333,1.65
2010-09-02 17:00:00,0.49420000000000003,0.08386666666666667,241.4296666666667,2.0766666666666667,0.0,0.0,0.65
2010-09-02 18:00:00,0.7261666666666666,0.16646666666666665,242.09083333333334,3.07,0.0,0.6833333333333333,1.6333333333333333
2010-09-02 19:00:00,0.6808666666666666,0.2293,243.82016666666667,3.036666666666667,0.0,0.0,2.066666666666667
2010-09-02 20:00:00,2.4065,0.1564,240.60483333333335,10.06,7.35,0.6833333333333333,15.65
2010-09-02 21:00:00,1.5888333333333333,0.1184,240.70683333333332,6.6466666666666665,8.133333333333333,0.08333333333333333,1.6666666666666667
2010-09-02 22:00:00,0.9164333333333333,0.13496666666666668,243.386,3.8033333333333332,0.0,0.6166666666666667,1.65
2010-09-02 23:00:00,0.5968666666666667,0.10896666666666667,244.93516666666667,2.496666666666667,0.0,0.16666666666666666,0.6666666666666666
2010-09-03 00:00:00,0.39016666666666666,0.1423,243.62033333333332,1.7566666666666668,0.0,0.5166666666666667,1.6166666666666667
2010-09-03 01:00:00,0.345,0.1035,240.64133333333334,1.5166666666666666,0.0,0.2833333333333333,1.6666666666666667
2010-09-03 02:00:00,0.3454666666666667,0.11056666666666667,239.4381666666667,1.54,0.0,0.4,1.6833333333333333
2010-09-03 03:00:00,0.4543,0.11013333333333333,240.9561666666667,1.9866666666666668,0.0,0.36666666666666664,1.6666666666666667
2010-09-03 04:00:00,0.6939333333333334,0.1501,240.19783333333334,3.0266666666666664,0.0,0.31666666666666665,4.35
2010-09-03 05:00:00,0.9556333333333333,0.10666666666666667,239.83133333333333,4.01,0.0,0.45,10.033333333333333
2010-09-03 06:00:00,0.9327666666666666,0.0869,239.17833333333334,3.9099999999999997,0.0,0.21666666666666667,1.6666666666666667
2010-09-03 07:00:00,1.1414666666666666,0.15286666666666668,241.23316666666668,4.85,0.0,0.55,6.566666666666666
2010-09-03 08:00:00,1.5048,0.09256666666666667,239.56966666666668,6.29,0.0,0.13333333333333333,19.283333333333335
2010-09-03 09:00:00,1.4632,0.10466666666666667,239.5345,6.086666666666667,0.0,0.6333333333333333,19.283333333333335
2010-09-03 10:00:00,1.3639333333333332,0.07933333333333333,238.0475,5.706666666666666,0.0,0.03333333333333333,19.016666666666666
2010-09-03 11:00:00,1.4092333333333333,0.1332,238.0225,5.903333333333333,0.0,0.6833333333333333,19.016666666666666
2010-09-03 12:00:00,1.6444666666666667,0.09283333333333334,238.50466666666668,6.92,0.0,0.0,19.066666666666666
2010-09-03 13:00:00,0.7313666666666666,0.13006666666666666,240.0975,3.1633333333333336,0.0,0.6833333333333333,6.633333333333334
2010-09-03 14:00:00,0.35523333333333335,0.0946,239.8325,1.6766666666666665,0.0,0.0,1.6
2010-09-03 15:00:00,0.41023333333333334,0.14809999999999998,240.77666666666667,1.9033333333333333,0.0,0.6833333333333333,1.65
2010-09-03 16:00:00,0.3091333333333333,0.07903333333333333,241.23066666666668,1.3633333333333333,0.0,0.0,1.6333333333333333
2010-09-03 17:00:00,0.34396666666666664,0.1318,241.85716666666667,1.57,0.0,0.6833333333333333,1.5833333333333333
2010-09-03 18:00:00,0.36483333333333334,0.0672,242.74533333333332,1.5599999999999998,0.0,0.0,0.8
2010-09-03 19:00:00,0.531,0.2102,241.13083333333333,2.42,0.0,0.6833333333333333,1.4833333333333334
2010-09-03 20:00:00,2.3058666666666667,0.09433333333333334,238.57700000000003,9.71,5.116666666666666,0.0,16.0
2010-09-03 21:00:00,1.8044333333333331,0.1095,240.43033333333332,7.5233333333333325,2.8833333333333333,0.7,2.8833333333333333
2010-09-03 22:00:00,1.6770333333333334,0.12333333333333334,242.7095,6.97,7.666666666666667,0.03333333333333333,1.6
2010-09-03 23:00:00,0.9627666666666667,0.15613333333333335,244.64516666666665,4.0,0.0,0.6666666666666666,1.6666666666666667
2010-09-04 00:00:00,0.4686666666666667,0.1065,242.45366666666666,2.006666666666667,0.0,0.16666666666666666,1.7333333333333334
2010-09-04 01:00:00,0.33326666666666666,0.12506666666666666,241.86,1.5233333333333334,0.0,0.5166666666666667,1.6666666666666667
2010-09-04 02:00:00,0.2752666666666667,0.10043333333333333,241.66883333333334,1.2533333333333334,0.0,0.2833333333333333,0.65
2010-09-04 03:00:00,0.3137666666666667,0.10149999999999999,242.96933333333334,1.3766666666666665,0.0,0.4166666666666667,1.6166666666666667
2010-09-04 04:00:00,1.0629666666666666,0.12486666666666667,241.85216666666665,4.453333333333333,0.0,0.38333333333333336,13.7
2010-09-04 05:00:00,0.32289999999999996,0.1113,242.57416666666668,1.4200000000000002,0.0,0.3,1.6666666666666667
2010-09-04 06:00:00,0.6717333333333334,0.10713333333333333,241.44016666666667,2.86,0.0,0.48333333333333334,6.466666666666667
2010-09-04 07:00:00,1.9570333333333332,0.10086666666666666,240.0355,8.2,0.0,0.18333333333333332,19.366666666666667
2010-09-04 08:00:00,1.4460000000000002,0.12240000000000001,238.75683333333333,6.033333333333333,0.0,0.6,19.116666666666667
2010-09-04 09:00:00,0.779,0.1024,241.28866666666667,3.3033333333333332,0.0,0.08333333333333333,9.35
2010-09-04 10:00:00,0.9023666666666668,0.29923333333333335,240.95166666666668,4.083333333333333,0.0,0.6833333333333333,1.6666666666666667
2010-09-04 11:00:00,1.6402333333333334,0.10566666666666666,240.26316666666668,6.9,0.0,3.3333333333333335,13.15
2010-09-04 12:00:00,1.3255666666666668,0.24876666666666666,242.08416666666665,6.163333333333333,8.766666666666667,1.0333333333333334,1.6833333333333333
2010-09-04 13:00:00,1.1751666666666667,0.13236666666666666,242.32166666666666,5.076666666666667,6.933333333333334,0.0,1.6333333333333333
2010-09-04 14:00:00,2.1475999999999997,0.3065666666666667,238.1385,9.703333333333335,12.466666666666667,0.6833333333333333,11.033333333333333
2010-09-04 15:00:00,1.7486666666666666,0.11126666666666667,240.393,7.346666666666667,6.783333333333333,0.0,17.216666666666665
2010-09-04 16:00:00,0.7704666666666667,0.16893333333333332,242.42783333333333,3.3366666666666664,6.75,0.7,1.5333333333333334
2010-09-04 17:00:00,0.5642333333333334,0.26476666666666665,242.33149999999998,2.6633333333333336,1.7166666666666666,0.0,1.6666666666666667
2010-09-04 18:00:00,1.6101999999999999,0.2842333333333333,240.93666666666667,6.766666666666667,0.0,0.7,15.65
2010-09-04 19:00:00,1.6162333333333334,0.15983333333333333,241.4515,6.6866666666666665,0.0,0.016666666666666666,19.616666666666667
2010-09-04 20:00:00,2.278833333333333,0.13756666666666667,239.88566666666665,9.506666666666666,0.0,0.7,19.316666666666666
2010-09-04 21:00:00,2.5189666666666666,0.1124,239.06383333333332,10.483333333333333,0.0,0.15,19.216666666666665
2010-09-04 22:00:00,2.1733666666666664,0.0966,239.45316666666668,9.020000000000001,0.0,0.55,19.283333333333335
2010-09-04 23:00:00,0.9614999999999999,0.10306666666666667,241.845,3.9966666666666666,0.0,0.26666666666666666,2.683333333333333
2010-09-05 00:00:00,0.5580999999999999,0.15533333333333335,243.62066666666666,2.4066666666666667,0.0,0.43333333333333335,1.35
2010-09-05 01:00:00,0.4830333333333333,0.11806666666666667,242.62083333333334,2.0833333333333335,0.0,0.38333333333333336,1.7
2010-09-05 02:00:00,0.5433,0.1293,242.87966666666668,2.316666666666667,0.0,0.3,1.6833333333333333
2010-09-05 03:00:00,0.3478,0.1391,244.03816666666668,1.5633333333333332,0.0,0.5,1.6666666666666667
2010-09-05 04:00:00,0.3080333333333333,0.10626666666666668,244.32999999999998,1.3833333333333333,0.0,0.2,1.65
2010-09-05 05:00:00,0.33823333333333333,0.14396666666666666,244.14350000000002,1.5266666666666666,0.0,0.6,1.6333333333333333
2010-09-05 06:00:00,0.26953333333333335,0.0876,243.79483333333334,1.2033333333333334,0.0,0.1,0.8666666666666667
2010-09-05 07:00:00,0.30996666666666667,0.11113333333333333,244.23100000000002,1.3666666666666667,0.0,0.6833333333333333,1.4333333333333333
2010-09-05 08:00:00,1.3496,0.09526666666666667,241.40016666666668,5.67,0.0,0.0,15.1
2010-09-05 09:00:00,0.43196666666666667,0.1149,241.2885,1.9,0.0,0.6833333333333333,1.65
2010-09-05 10:00:00,1.256,0.07010000000000001,240.55949999999999,5.3933333333333335,0.0,0.0,12.6
2010-09-05 11:00:00,1.6126,0.126,240.44633333333334,6.696666666666667,0.0,0.7333333333333333,19.366666666666667
2010-09-05 12:00:00,0.9832,0.08416666666666667,241.02033333333333,4.23,0.0,6.516666666666667,5.45
2010-09-05 13:00:00,0.7988999999999999,0.14386666666666667,241.2866666666667,3.5533333333333332,3.8833333333333333,1.6666666666666667,1.0666666666666667
2010-09-05 14:00:00,1.2334666666666665,0.09383333333333334,239.23566666666665,5.246666666666667,4.25,1.85,9.533333333333333
2010-09-05 15:00:00,2.2218333333333335,0.33859999999999996,239.83966666666666,9.696666666666665,8.7,18.283333333333335,4.083333333333333
2010-09-05 16:00:00,1.0086333333333333,0.20636666666666667,242.97766666666666,4.503333333333333,0.0,9.716666666666667,1.6666666666666667
2010-09-05 17:00:00,0.5999333333333333,0.10036666666666667,243.18666666666667,2.98,0.0,0.7,1.7166666666666666
2010-09-05 18:00:00,0.8549,0.11333333333333333,241.99949999999998,3.6766666666666667,0.0,0.3333333333333333,8.8
2010-09-05 19:00:00,1.3828666666666665,0.20106666666666667,241.06583333333336,6.193333333333333,9.966666666666667,0.4,3.5
2010-09-05 20:00:00,1.0963666666666667,0.0847,240.783,4.596666666666667,0.016666666666666666,0.43333333333333335,1.2333333333333334
2010-09-05 21:00:00,2.119,0.09956666666666666,240.51333333333332,8.753333333333334,0.0,0.2833333333333333,17.05
2010-09-05 22:00:00,1.5342333333333333,0.13196666666666668,241.493,6.38,0.0,0.55,8.033333333333333
2010-09-05 23:00:00,0.4088,0.12196666666666668,244.62,1.8099999999999998,0.0,0.18333333333333332,1.6833333333333333
2010-09-06 00:00:00,0.36146666666666666,0.12326666666666666,243.44866666666667,1.6366666666666667,0.0,0.65,1.5833333333333333
2010-09-06 01:00:00,0.33393333333333336,0.10956666666666666,243.15816666666666,1.5133333333333332,0.0,0.06666666666666667,1.6333333333333333
2010-09-06 02:00:00,0.34256666666666663,0.1461,243.178,1.5333333333333334,0.0,0.7333333333333333,1.6333333333333333
2010-09-06 03:00:00,0.28243333333333337,0.07886666666666667,243.75349999999997,1.2466666666666666,0.0,0.0,1.6333333333333333
2010-09-06 04:00:00,0.351,0.15553333333333336,243.40316666666666,1.5966666666666667,0.0,0.7166666666666667,1.6833333333333333
2010-09-06 05:00:00,0.22310000000000002,0.06596666666666666,242.67666666666668,1.02,0.0,0.0,0.65
2010-09-06 06:00:00,1.5419333333333334,0.15519999999999998,241.46866666666668,6.473333333333333,0.0,0.7166666666666667,15.333333333333334
2010-09-06 07:00:00,1.8616333333333333,0.09636666666666667,239.375,7.766666666666667,0.0,0.0,19.333333333333332
2010-09-06 08:00:00,1.5826333333333333,0.1326,239.35816666666668,6.596666666666667,0.0,0.7,19.25
2010-09-06 09:00:00,1.4338000000000002,0.06806666666666666,240.74699999999999,5.906666666666666,0.0,0.0,18.533333333333335
2010-09-06 10:00:00,0.5483666666666667,0.11393333333333334,242.24650000000003,2.37,0.0,0.7333333333333333,3.2333333333333334
2010-09-06 11:00:00,0.3156,0.0986,242.3975,1.4033333333333333,0.0,0.0,1.6333333333333333
2010-09-06 12:00:00,1.2417666666666667,0.1679,241.95666666666665,5.276666666666667,7.316666666666666,0.7166666666666667,7.716666666666667
2010-09-06 13:00:00,1.3418333333333334,0.10836666666666667,242.19566666666665,5.65,8.516666666666667,0.0,8.833333333333334
2010-09-06 14:00:00,0.36543333333333333,0.12723333333333334,241.38916666666668,1.7066666666666668,0.0,0.7333333333333333,1.6333333333333333
2010-09-06 15:00:00,0.9581666666666667,0.09013333333333334,243.07216666666667,4.05,0.0,0.0,10.95
2010-09-06 16:00:00,1.4072333333333333,0.09763333333333334,240.035,5.846666666666667,0.0,0.7166666666666667,19.25
2010-09-06 17:00:00,2.497666666666667,0.11463333333333334,238.99566666666666,10.76,14.2,0.016666666666666666,19.133333333333333
2010-09-06 18:00:00,0.8907,0.13893333333333333,240.66533333333334,3.886666666666667,2.25,0.7166666666666667,7.65
2010-09-06 19:00:00,1.2747333333333333,0.09123333333333333,240.85966666666667,5.586666666666667,5.55,0.05,1.6666666666666667
2010-09-06 20:00:00,1.1888666666666665,0.0928,241.45983333333334,4.983333333333333,0.25,0.65,1.6666666666666667
2010-09-06 21:00:00,1.7181666666666666,0.0614,240.9118333333333,7.13,6.616666666666666,0.15,1.6666666666666667
2010-09-06 22:00:00,1.2335,0.14883333333333332,242.41150000000002,5.206666666666666,8.033333333333333,0.55,1.65
2010-09-06 23:00:00,0.41806666666666664,0.10356666666666667,245.0385,1.82,0.0,0.25,1.6166666666666667
2010-09-07 00:00:00,0.6620666666666666,0.13833333333333334,243.4835,2.7933333333333334,0.0,0.4666666666666667,6.3
2010-09-07 01:00:00,0.6508333333333333,0.09169999999999999,242.2686666666667,2.75,0.0,0.3333333333333333,6.616666666666666
2010-09-07 02:00:00,0.2722,0.09493333333333333,242.40333333333334,1.23,0.0,0.36666666666666664,0.65
2010-09-07 03:00:00,0.3152666666666667,0.12066666666666667,242.31083333333333,1.4366666666666668,0.0,0.4166666666666667,1.6666666666666667
2010-09-07 04:00:00,0.305,0.11726666666666666,242.32049999999998,1.4166666666666667,0.0,0.2833333333333333,1.6833333333333333
2010-09-07 05:00:00,0.32686666666666664,0.11286666666666667,242.31599999999997,1.46,0.0,0.5166666666666667,1.6333333333333333
2010-09-07 06:00:00,0.6378,0.08683333333333333,241.72133333333335,2.7,0.0,0.2,6.75
2010-09-07 07:00:00,1.8521333333333334,0.1008,239.65533333333332,7.753333333333333,0.0,0.5666666666666667,19.316666666666666
2010-09-07 08:00:00,1.4305333333333332,0.0645,238.81833333333333,5.993333333333334,0.0,0.11666666666666667,19.183333333333334
2010-09-07 09:00:00,1.4320333333333333,0.1381,241.24066666666667,5.923333333333333,0.0,0.65,19.45
2010-09-07 10:00:00,0.6150333333333333,0.0803,240.46183333333335,2.69,0.0,5.766666666666667,1.1666666666666667
2010-09-07 11:00:00,1.0950666666666666,0.25466666666666665,238.12533333333334,5.05,0.0,1.45,1.1166666666666667
2010-09-07 12:00:00,0.4864666666666667,0.12710000000000002,240.47633333333334,2.24,0.0,0.0,1.6666666666666667
2010-09-07 13:00:00,0.4363666666666666,0.13143333333333335,241.515,2.0,0.0,0.7166666666666667,1.65
2010-09-07 14:00:00,0.3362,0.08923333333333333,240.32383333333334,1.5566666666666669,0.0,0.0,1.6833333333333333
2010-09-07 15:00:00,0.3363333333333333,0.1177,241.64283333333333,1.4966666666666666,0.0,0.7,1.65
2010-09-07 16:00:00,0.9365000000000001,0.06473333333333334,241.29966666666667,3.893333333333333,0.0,0.0,12.233333333333333
2010-09-07 17:00:00,0.3335,0.11243333333333333,242.5045,1.4866666666666668,0.0,0.7,1.7
2010-09-07 18:00:00,1.0712666666666666,0.08633333333333333,242.14883333333333,4.496666666666667,2.033333333333333,0.0,11.85
2010-09-07 19:00:00,2.7609333333333335,0.2352,239.783,12.05,14.433333333333334,0.7166666666666667,19.383333333333333
2010-09-07 20:00:00,2.1508333333333334,0.07593333333333334,239.27666666666667,8.933333333333334,0.06666666666666667,0.0,19.233333333333334
2010-09-07 21:00:00,2.2494333333333336,0.1102,240.14966666666666,9.333333333333334,0.0,0.7,19.366666666666667
2010-09-07 22:00:00,2.4007666666666667,0.07973333333333334,242.1281666666667,9.953333333333335,6.933333333333334,0.03333333333333333,19.5
2010-09-07 23:00:00,1.1041333333333334,0.16836666666666666,244.22966666666667,4.733333333333333,8.683333333333334,0.6666666666666666,1.7
2010-09-08 00:00:00,0.36596666666666666,0.1056,241.31333333333333,1.6833333333333333,0.016666666666666666,0.16666666666666666,1.6833333333333333
2010-09-08 01:00:00,0.34976666666666667,0.11063333333333333,239.84666666666666,1.57,0.0,0.5166666666666667,1.6666666666666667
2010-09-08 02:00:00,0.45790000000000003,0.1093,239.70466666666667,2.06,0.0,0.2833333333333333,1.45
2010-09-08 03:00:00,0.3013333333333333,0.10653333333333334,239.98783333333333,1.3566666666666667,0.0,0.4166666666666667,0.9
2010-09-08 04:00:00,0.346,0.12133333333333333,240.45766666666668,1.5533333333333335,0.0,0.38333333333333336,1.6666666666666667
2010-09-08 05:00:00,0.32243333333333335,0.0964,239.48816666666667,1.4366666666666668,0.0,0.31666666666666665,1.6833333333333333
2010-09-08 06:00:00,0.7884333333333333,0.1235,240.01133333333334,3.3833333333333333,0.0,0.4666666666666667,6.383333333333334
2010-09-08 07:00:00,1.9181,0.12359999999999999,238.42566666666667,8.076666666666666,0.0,0.25,19.166666666666668
2010-09-08 08:00:00,1.6187,0.12233333333333334,238.92516666666668,6.786666666666666,0.0,0.5166666666666667,19.116666666666667
2010-09-08 09:00:00,1.4468333333333334,0.10579999999999999,237.18283333333332,6.076666666666667,0.0,0.16666666666666666,18.95
2010-09-08 10:00:00,0.4638666666666667,0.1072,240.33966666666666,2.1333333333333333,0.0,0.5833333333333334,2.35
2010-09-08 11:00:00,0.3372,0.1017,242.41150000000002,1.48,0.0,0.1,1.6
2010-09-08 12:00:00,0.6727666666666666,0.2212,242.975,3.0300000000000002,0.0,0.6833333333333333,1.6333333333333333
2010-09-08 13:00:00,0.45713333333333334,0.076,242.5656666666667,2.02,0.0,0.0,1.5833333333333333
2010-09-08 14:00:00,0.5007,0.11826666666666667,241.19650000000001,2.24,0.0,0.7,1.6333333333333333
2010-09-08 15:00:00,0.45720000000000005,0.09383333333333334,242.13316666666665,2.0266666666666664,0.0,0.0,0.9666666666666667
2010-09-08 16:00:00,0.5627333333333334,0.1236,242.59883333333335,2.5566666666666666,0.0,0.6666666666666666,1.3
2010-09-08 17:00:00,0.9294,0.13696666666666665,240.74766666666667,4.09,0.0,0.0,1.6166666666666667
2010-09-08 18:00:00,1.6340333333333334,0.15403333333333333,241.518,6.826666666666667,0.0,0.6833333333333333,14.016666666666667
2010-09-08 19:00:00,0.7245333333333334,0.1191,242.26416666666668,3.143333333333333,0.0,0.0,1.8166666666666667
2010-09-08 20:00:00,1.8530000000000002,0.22383333333333333,241.18566666666666,7.826666666666667,0.0,0.6666666666666666,0.6333333333333333
2010-09-08 21:00:00,2.8006,0.08539999999999999,240.01366666666667,11.639999999999999,0.0,0.0,17.3
2010-09-08 22:00:00,1.4298333333333333,0.10996666666666667,243.76016666666666,5.88,0.0,0.6833333333333333,3.9
2010-09-08 23:00:00,0.9917333333333332,0.0569,244.5631666666667,4.053333333333333,0.0,0.0,1.6166666666666667
2010-09-09 00:00:00,0.9049666666666667,0.0717,241.18366666666668,3.7800000000000002,0.0,0.6666666666666666,0.7333333333333333
2010-09-09 01:00:00,0.47246666666666665,0.05206666666666667,240.55983333333333,2.02,0.0,0.0,1.5333333333333334
2010-09-09 02:00:00,0.32793333333333335,0.11963333333333333,240.37216666666666,1.4933333333333332,0.0,0.6666666666666666,1.5833333333333333
2010-09-09 03:00:00,0.2828,0.0872,241.03966666666665,1.28,0.0,0.0,1.65
2010-09-09 04:00:00,0.24960000000000002,0.0868,240.93283333333332,1.1266666666666665,0.0,0.65,0.6333333333333333
2010-09-09 05:00:00,0.7349333333333334,0.0729,240.11166666666668,3.1133333333333337,0.0,0.016666666666666666,8.983333333333333
2010-09-09 06:00:00,0.8782666666666666,0.11433333333333333,240.9305,3.73,0.0,0.65,10.116666666666667
2010-09-09 07:00:00,1.9045999999999998,0.08800000000000001,238.91850000000002,7.973333333333333,0.0,0.08333333333333333,19.15
2010-09-09 08:00:00,1.4102,0.0846,239.38299999999998,5.883333333333334,0.0,0.5666666666666667,18.166666666666668
2010-09-09 09:00:00,0.9942666666666666,0.07913333333333333,239.36683333333335,4.253333333333334,0.0,0.16666666666666666,12.133333333333333
2010-09-09 10:00:00,0.4267666666666666,0.11923333333333333,239.21450000000002,1.98,0.0,0.48333333333333334,1.5833333333333333
2010-09-09 11:00:00,0.8445666666666667,0.09116666666666666,239.39733333333334,3.5733333333333333,0.0,0.23333333333333334,10.266666666666667
2010-09-09 12:00:00,0.8244666666666667,0.15623333333333334,240.41283333333334,3.6766666666666667,0.0,0.43333333333333335,3.65
2010-09-09 13:00:00,0.958,0.09906666666666666,239.76049999999998,4.133333333333334,7.7,0.3,1.5833333333333333
2010-09-09 14:00:00,0.42096666666666666,0.1105,239.72983333333335,1.9566666666666668,1.1,0.35,1.5666666666666667
2010-09-09 15:00:00,0.7772333333333333,0.09709999999999999,241.1461666666667,3.3733333333333335,8.416666666666666,0.38333333333333336,0.6333333333333333
2010-09-09 16:00:00,0.3003666666666666,0.08796666666666667,242.469,1.32,0.0,0.2833333333333333,1.5833333333333333
2010-09-09 17:00:00,0.7164666666666667,0.09723333333333334,239.31166666666667,3.1166666666666667,0.0,6.0,1.5666666666666667
2010-09-09 18:00:00,0.47,0.17806666666666668,241.8046666666667,2.106666666666667,0.0,0.85,0.65
2010-09-09 19:00:00,1.5420666666666667,0.29646666666666666,242.08149999999998,6.556666666666667,0.0,15.883333333333333,1.6333333333333333
2010-09-09 20:00:00,2.6474333333333333,0.22363333333333335,239.917,11.51,12.966666666666667,4.6,13.7
2010-09-09 21:00:00,1.2951666666666666,0.1134,239.18400000000003,5.4366666666666665,0.03333333333333333,1.0666666666666667,1.1333333333333333
2010-09-09 22:00:00,0.8265333333333333,0.10326666666666666,242.46083333333334,3.49,0.0,0.3333333333333333,1.1166666666666667
2010-09-09 23:00:00,0.43516666666666665,0.16953333333333334,244.78866666666667,1.9566666666666668,0.0,0.8,1.5833333333333333
2010-09-10 00:00:00,0.3246,0.09583333333333334,244.601,1.4266666666666665,0.0,0.21666666666666667,1.5666666666666667
2010-09-10 01:00:00,0.8062666666666666,0.09663333333333333,243.3538333333333,3.3633333333333337,0.0,0.8333333333333334,9.55
2010-09-10 02:00:00,0.4391,0.09443333333333334,242.94133333333332,1.9066666666666667,0.0,0.16666666666666666,4.033333333333333
2010-09-10 03:00:00,0.33616666666666667,0.12073333333333333,243.09033333333335,1.4933333333333332,0.0,0.75,1.5166666666666666
2010-09-10 04:00:00,0.2793333333333334,0.09366666666666666,243.74083333333334,1.2866666666666666,0.0,0.0,1.5666666666666667
2010-09-10 05:00:00,0.26126666666666665,0.1006,242.61266666666668,1.1866666666666668,0.0,0.65,0.65
2010-09-10 06:00:00,0.9106666666666666,0.08333333333333333,243.14066666666668,3.8633333333333337,0.0,0.0,6.583333333333333
2010-09-10 07:00:00,1.698,0.1239,239.85783333333333,7.083333333333333,0.0,0.65,18.766666666666666
2010-09-10 08:00:00,0.31983333333333336,0.09906666666666666,240.7195,1.48,0.0,0.0,1.5666666666666667
2010-09-10 09:00:00,0.30700000000000005,0.11646666666666666,241.15733333333336,1.3966666666666667,0.0,0.65,0.6333333333333333
2010-09-10 10:00:00,0.3499333333333333,0.09263333333333333,243.51683333333332,1.5833333333333333,0.0,0.0,1.5833333333333333
2010-09-10 11:00:00,0.46993333333333337,0.13613333333333333,242.717,2.15,0.0,0.65,1.5333333333333334
2010-09-10 12:00:00,0.23243333333333333,0.0743,243.0618333333333,1.0666666666666667,0.0,0.0,0.65
2010-09-10 13:00:00,0.37426666666666664,0.1205,240.59183333333334,1.6533333333333333,0.0,0.65,1.55
2010-09-10 14:00:00,0.4270333333333333,0.08403333333333333,241.55683333333334,1.8866666666666667,0.0,0.0,1.2166666666666666
2010-09-10 15:00:00,0.3281,0.10333333333333333,241.07333333333332,1.4766666666666666,0.0,0.65,1.6666666666666667
2010-09-10 16:00:00,0.9026,0.10123333333333333,241.29433333333333,3.7733333333333334,0.0,0.0,11.65
2010-09-10 17:00:00,1.0888,0.3046,241.03416666666666,4.756666666666666,0.0,0.6666666666666666,10.15
2010-09-10 18:00:00,2.1483,0.23666666666666666,239.05200000000002,9.053333333333335,7.3,0.06666666666666667,19.183333333333334
2010-09-10 19:00:00,1.8013000000000001,0.24556666666666666,239.28083333333333,7.569999999999999,3.3666666666666667,0.5833333333333334,18.666666666666668
2010-09-10 20:00:00,2.3795,0.10053333333333334,239.34783333333334,9.933333333333334,5.433333333333334,1.1666666666666667,18.633333333333333
2010-09-10 21:00:00,2.0765000000000002,0.099,239.9741666666667,8.606666666666666,0.0,0.43333333333333335,19.233333333333334
2010-09-10 22:00:00,2.3522000000000003,0.18083333333333332,241.36499999999998,9.716666666666667,0.0,0.9,19.45
2010-09-10 23:00:00,1.5219999999999998,0.43016666666666664,244.5555,6.403333333333333,0.0,1.2166666666666666,7.95
2010-09-11 00:00:00,1.0361333333333334,0.3156333333333333,243.1218333333333,4.433333333333334,0.0,0.06666666666666667,1.6333333333333333
2010-09-11 01:00:00,0.461,0.2058,242.30633333333333,2.086666666666667,0.0,0.9166666666666666,1.6
2010-09-11 02:00:00,0.345,0.13403333333333334,241.39866666666666,1.5433333333333332,0.0,0.4,1.6
2010-09-11 03:00:00,0.2740666666666666,0.12656666666666666,242.76466666666664,1.2600000000000002,0.0,0.5,0.65
2010-09-11 04:00:00,0.34280000000000005,0.15833333333333333,243.1705,1.5666666666666667,0.0,0.7,1.5833333333333333
2010-09-11 05:00:00,0.30256666666666665,0.09973333333333333,242.697,1.3266666666666667,0.0,0.1,1.55
2010-09-11 06:00:00,0.7187666666666667,0.13833333333333334,241.16383333333334,3.0533333333333332,0.0,0.75,6.916666666666667
2010-09-11 07:00:00,1.6514,0.08733333333333333,240.1005,6.8,0.0,0.0,19.333333333333332
2010-09-11 08:00:00,1.4151,0.09586666666666667,239.2035,5.92,0.0,0.7333333333333333,18.15
2010-09-11 09:00:00,0.8931,0.19083333333333333,242.4296666666667,3.953333333333333,0.0,0.21666666666666667,7.85
2010-09-11 10:00:00,1.3423,0.22323333333333334,241.99066666666667,5.696666666666667,0.0,0.5166666666666667,16.016666666666666
2010-09-11 11:00:00,0.4276666666666667,0.12563333333333335,241.26083333333332,1.8666666666666667,0.0,0.55,1.6
2010-09-11 12:00:00,1.0580333333333334,0.2733333333333333,239.62133333333335,4.776666666666667,0.0,8.633333333333333,0.6333333333333333
2010-09-11 13:00:00,1.7219,0.18116666666666664,239.44666666666666,7.296666666666667,7.133333333333334,1.1833333333333333,15.2
2010-09-11 14:00:00,1.8109,0.15793333333333334,238.90866666666668,7.553333333333333,6.15,1.1833333333333333,19.083333333333332
2010-09-11 15:00:00,0.9680666666666667,0.14626666666666666,242.04733333333334,4.136666666666667,2.216666666666667,1.1666666666666667,7.366666666666666
2010-09-11 16:00:00,0.4590666666666667,0.19349999999999998,242.57416666666668,2.0833333333333335,0.0,1.15,1.6166666666666667
2010-09-11 17:00:00,1.2209333333333334,0.14259999999999998,241.53866666666667,5.113333333333333,0.0,1.1333333333333333,13.566666666666666
2010-09-11 18:00:00,0.7318333333333332,0.16286666666666666,241.1415,3.143333333333333,0.0,1.15,6.85
2010-09-11 19:00:00,0.38176666666666664,0.19313333333333335,240.06216666666666,1.8033333333333335,0.0,1.1333333333333333,1.6666666666666667
2010-09-11 20:00:00,1.0722999999999998,0.19593333333333335,239.8493333333333,4.65,0.0,1.1166666666666667,1.6
2010-09-11 21:00:00,1.8523999999999998,0.1893,242.50716666666668,7.6,0.0,0.48333333333333334,0.65
2010-09-11 22:00:00,1.9503333333333333,0.12293333333333334,244.67783333333333,7.930000000000001,0.0,0.0,1.6166666666666667
2010-09-11 23:00:00,1.9510666666666665,0.06686666666666666,246.11516666666665,7.8933333333333335,0.0,0.0,1.6
2010-09-12 00:00:00,1.9163,0.11163333333333333,242.31866666666667,7.8933333333333335,0.0,0.5333333333333333,1.65
2010-09-12 01:00:00,1.7626333333333333,0.1642,240.221,7.33,0.0,1.1833333333333333,1.6333333333333333
2010-09-12 02:00:00,2.2741,0.15109999999999998,240.19616666666667,9.45,0.016666666666666666,1.1333333333333333,15.416666666666666
2010-09-12 03:00:00,2.235966666666667,0.14873333333333333,241.56633333333332,9.296666666666665,7.95,0.6333333333333333,14.733333333333333
2010-09-12 04:00:00,1.4288333333333334,0.09503333333333333,242.29316666666668,5.956666666666666,8.733333333333333,0.0,11.566666666666666
2010-09-12 05:00:00,0.2998,0.08923333333333333,243.30583333333334,1.4333333333333333,0.0,0.0,1.6
2010-09-12 06:00:00,0.2696,0.0996,242.69333333333333,1.3466666666666667,0.0,0.3,0.95
2010-09-12 07:00:00,0.3461,0.19390000000000002,243.60966666666667,1.72,0.0,1.2166666666666666,1.2666666666666666
2010-09-12 08:00:00,0.3628,0.19906666666666667,243.30949999999999,1.8066666666666669,0.0,1.15,1.6166666666666667
2010-09-12 09:00:00,0.4345,0.12996666666666667,240.91416666666666,2.0533333333333332,0.0,0.6166666666666667,1.5833333333333333
2010-09-12 10:00:00,0.26186666666666664,0.06416666666666666,241.714,1.12,0.0,0.0,1.65
2010-09-12 11:00:00,0.8206,0.07763333333333332,241.209,3.4133333333333336,0.0,1.05,9.516666666666667
2010-09-12 12:00:00,1.1534333333333333,0.18316666666666667,244.4155,5.0233333333333325,5.416666666666667,4.066666666666666,2.1166666666666667
2010-09-12 13:00:00,2.1095333333333333,0.2722333333333333,240.55116666666666,9.020000000000001,0.08333333333333333,13.683333333333334,15.05
2010-09-12 14:00:00,1.6432,0.12263333333333333,240.12366666666668,6.826666666666667,0.0,1.7333333333333334,19.3
2010-09-12 15:00:00,1.5487333333333335,0.10766666666666666,240.64183333333332,6.416666666666667,0.0,1.3,18.366666666666667
2010-09-12 16:00:00,1.0166,0.16146666666666668,241.36983333333333,4.38,0.0,1.3166666666666667,8.666666666666666
2010-09-12 17:00:00,0.4826,0.1865666666666667,240.94966666666667,2.2333333333333334,0.0,1.2833333333333334,1.6
2010-09-12 18:00:00,0.4251666666666667,0.16763333333333333,239.35433333333333,1.9633333333333334,0.0,1.3,1.6333333333333333
2010-09-12 19:00:00,0.3076666666666667,0.1135,240.4355,1.4200000000000002,0.0,0.85,0.65
2010-09-12 20:00:00,1.3974,0.16526666666666667,240.58083333333335,5.883333333333334,0.0,0.016666666666666666,5.483333333333333
2010-09-12 21:00:00,1.5438333333333332,0.0596,241.12716666666665,6.386666666666667,0.0,0.0,8.966666666666667
2010-09-12 22:00:00,1.5374333333333332,0.08943333333333332,242.1585,6.346666666666667,2.683333333333333,0.03333333333333333,1.5333333333333334
2010-09-12 23:00:00,1.2895,0.20253333333333334,243.8145,5.416666666666667,5.2,1.2666666666666666,1.6333333333333333
2010-09-13 00:00:00,0.7721333333333333,0.19993333333333335,244.96483333333333,3.336666666666667,8.066666666666666,1.1666666666666667,0.6666666666666666
2010-09-13 01:00:00,0.3366,0.1992,243.4296666666667,1.62,0.0,1.1333333333333333,1.6166666666666667
2010-09-13 02:00:00,0.9683333333333334,0.1784,241.5368333333333,4.093333333333333,0.0,1.1333333333333333,12.216666666666667
2010-09-13 03:00:00,0.3106666666666667,0.13883333333333334,242.08983333333333,1.4366666666666668,0.0,0.5166666666666667,1.7166666666666666
2010-09-13 04:00:00,0.2142,0.07056666666666667,242.14283333333333,0.9266666666666666,0.0,0.0,0.65
2010-09-13 05:00:00,0.2632,0.07893333333333333,240.876,1.1333333333333333,0.0,0.0,1.5833333333333333
2010-09-13 06:00:00,0.6192333333333333,0.08693333333333333,241.10649999999998,2.606666666666667,0.0,0.0,6.183333333333334
2010-09-13 07:00:00,1.9085666666666665,0.08786666666666668,238.84866666666667,7.996666666666667,0.0,0.13333333333333333,19.133333333333333
2010-09-13 08:00:00,1.4395666666666667,0.13696666666666665,238.33033333333333,6.056666666666667,0.0,1.2333333333333334,18.266666666666666
2010-09-13 09:00:00,0.5902333333333334,0.1821,240.13766666666666,2.5866666666666664,0.0,1.15,5.216666666666667
2010-09-13 10:00:00,0.3597666666666666,0.18503333333333333,239.0615,1.6900000000000002,0.0,1.1166666666666667,1.5833333333333333
2010-09-13 11:00:00,0.3375666666666667,0.1396,240.0295,1.54,0.0,0.8666666666666667,1.5666666666666667
2010-09-13 12:00:00,0.26786666666666664,0.07913333333333333,241.47316666666666,1.2266666666666666,0.0,0.0,0.6333333333333333
2010-09-13 13:00:00,1.2969000000000002,0.08026666666666667,241.4225,5.38,0.0,0.0,17.3
2010-09-13 14:00:00,0.3499666666666667,0.08293333333333333,240.9415,1.5466666666666666,0.0,0.0,1.5833333333333333
2010-09-13 15:00:00,0.24180000000000001,0.06883333333333333,242.84466666666668,1.0466666666666666,0.0,0.0,0.65
2010-09-13 16:00:00,0.3480666666666667,0.16226666666666667,243.16616666666667,1.5833333333333333,0.0,1.1,1.55
2010-09-13 17:00:00,0.34590000000000004,0.16993333333333333,241.22716666666665,1.6166666666666667,0.0,1.15,1.5833333333333333
2010-09-13 18:00:00,0.7102666666666667,0.16966666666666666,241.12683333333334,3.1966666666666668,5.883333333333334,1.15,1.5833333333333333
2010-09-13 19:00:00,1.2278333333333333,0.31753333333333333,239.05683333333334,6.003333333333333,7.7,1.1333333333333333,0.6333333333333333
2010-09-13 20:00:00,1.4990999999999999,0.09670000000000001,238.65216666666666,6.303333333333333,0.03333333333333333,0.31666666666666665,1.55
2010-09-13 21:00:00,1.7951000000000001,0.08020000000000001,238.35766666666666,7.52,0.0,0.0,5.433333333333334
2010-09-13 22:00:00,1.4222333333333335,0.08786666666666668,241.7445,5.913333333333333,0.0,0.0,8.25
2010-09-13 23:00:00,0.31356666666666666,0.0836,245.15916666666666,1.4266666666666665,0.0,0.0,0.6833333333333333
2010-09-14 00:00:00,0.3368333333333334,0.1591,243.84183333333334,1.5633333333333332,0.0,0.9666666666666667,1.5333333333333334
2010-09-14 01:00:00,0.3358,0.17833333333333332,243.2015,1.5766666666666667,0.0,1.1666666666666667,1.55
2010-09-14 02:00:00,0.3402,0.183,241.832,1.5933333333333333,0.0,1.15,1.5666666666666667
2010-09-14 03:00:00,0.27923333333333333,0.15856666666666666,242.69750000000002,1.3099999999999998,0.0,1.05,0.65
2010-09-14 04:00:00,0.25666666666666665,0.08036666666666667,242.44716666666667,1.0966666666666667,0.0,0.0,1.55
2010-09-14 05:00:00,0.2604,0.0812,240.92749999999998,1.12,0.0,0.0,1.5666666666666667
2010-09-14 06:00:00,0.6287,0.08376666666666667,240.19966666666667,2.6366666666666663,0.0,0.0,6.65
2010-09-14 07:00:00,1.7493333333333334,0.07553333333333333,239.37716666666665,7.3100000000000005,0.0,0.0,19.166666666666668
2010-09-14 08:00:00,1.4405000000000001,0.1448,239.451,5.993333333333334,0.0,1.2333333333333334,18.2
2010-09-14 09:00:00,2.193433333333333,0.14026666666666668,237.88166666666666,9.273333333333333,6.166666666666667,10.7,16.35
2010-09-14 10:00:00,0.9704666666666667,0.19916666666666666,237.33266666666665,4.253333333333333,2.2333333333333334,8.55,1.6166666666666667
2010-09-14 11:00:00,1.7899,0.2942,238.8815,7.806666666666667,7.75,14.833333333333334,1.5833333333333333
2010-09-14 12:00:00,0.5667666666666666,0.13643333333333332,241.81816666666666,2.4233333333333333,0.0,0.9833333333333333,0.65
2010-09-14 13:00:00,0.5091666666666667,0.09686666666666667,241.25133333333332,2.31,0.0,0.0,2.1166666666666667
2010-09-14 14:00:00,0.9451666666666667,0.06563333333333334,240.03583333333333,3.9833333333333334,0.0,0.0,12.6
2010-09-14 15:00:00,0.3289666666666667,0.10263333333333333,241.3961666666667,1.56,0.0,0.0,1.6
2010-09-14 16:00:00,0.3869666666666667,0.10433333333333333,241.046,1.7533333333333334,0.0,0.6833333333333333,0.65
2010-09-14 17:00:00,0.5251666666666667,0.18489999999999998,241.03466666666665,2.42,0.0,1.1666666666666667,2.6
2010-09-14 18:00:00,1.5987,0.22076666666666667,239.8718333333333,6.6899999999999995,0.0,1.1333333333333333,19.283333333333335
2010-09-14 19:00:00,1.9842333333333333,0.23353333333333334,240.21116666666666,8.316666666666666,0.0,1.1166666666666667,19.366666666666667
2010-09-14 20:00:00,2.0944333333333334,0.0856,240.46383333333333,8.71,0.0,0.35,19.316666666666666
2010-09-14 21:00:00,2.1402666666666668,0.06653333333333333,239.76783333333333,8.893333333333334,0.35,0.0,18.733333333333334
2010-09-14 22:00:00,1.3248333333333333,0.10496666666666667,243.45266666666666,5.486666666666666,7.083333333333333,0.0,1.6166666666666667
2010-09-14 23:00:00,0.8584999999999999,0.1029,244.171,3.6166666666666667,7.65,0.0,0.65
2010-09-15 00:00:00,0.3932,0.21336666666666665,243.01083333333332,1.82,0.0,1.2,1.65
2010-09-15 01:00:00,0.40836666666666666,0.1897666666666667,242.58616666666666,1.8299999999999998,0.0,1.15,1.6166666666666667
2010-09-15 02:00:00,0.38073333333333337,0.19463333333333335,241.82316666666665,1.7833333333333334,0.0,1.1333333333333333,1.6333333333333333
2010-09-15 03:00:00,0.351,0.1655,241.8275,1.59,0.0,0.8166666666666667,1.6333333333333333
2010-09-15 04:00:00,0.23933333333333331,0.06186666666666667,241.63416666666666,1.0633333333333332,0.0,0.0,0.65
2010-09-15 05:00:00,0.305,0.09286666666666667,242.359,1.3566666666666667,0.0,0.0,1.6333333333333333
2010-09-15 06:00:00,0.8122666666666667,0.0983,242.54483333333334,3.4066666666666667,0.0,0.0,8.966666666666667
2010-09-15 07:00:00,2.0184,0.16699999999999998,238.4561666666667,8.483333333333333,0.0,0.75,19.133333333333333
2010-09-15 08:00:00,1.5053666666666667,0.16319999999999998,237.77483333333333,6.3133333333333335,0.0,1.15,19.016666666666666
2010-09-15 09:00:00,1.1082333333333334,0.1635,237.8131666666667,4.7,0.0,1.1166666666666667,14.433333333333334
2010-09-15 10:00:00,0.31056666666666666,0.15476666666666666,241.86083333333332,1.4400000000000002,0.0,0.9666666666666667,1.3666666666666667
2010-09-15 11:00:00,0.22896666666666665,0.07383333333333333,242.82116666666667,0.9833333333333333,0.0,0.0,0.9
2010-09-15 12:00:00,0.3728666666666667,0.11126666666666667,243.87833333333336,1.7066666666666668,0.0,0.0,1.5666666666666667
2010-09-15 13:00:00,0.27376666666666666,0.09646666666666667,242.46016666666668,1.1866666666666668,0.0,0.0,1.5833333333333333
2010-09-15 14:00:00,0.3443333333333333,0.13936666666666667,241.96933333333334,1.6066666666666667,0.0,0.6,1.6
2010-09-15 15:00:00,0.35886666666666667,0.1675,241.08616666666666,1.7533333333333334,0.0,1.1666666666666667,0.6333333333333333
2010-09-15 16:00:00,0.4031333333333333,0.1743,240.56516666666667,1.9033333333333333,0.0,1.1333333333333333,1.6166666666666667
2010-09-15 17:00:00,0.3624,0.1836,241.77149999999997,1.6833333333333333,0.0,1.1333333333333333,1.6333333333333333
2010-09-15 18:00:00,0.9830333333333333,0.12916666666666668,240.61816666666667,4.156666666666667,0.0,0.48333333333333334,12.95
2010-09-15 19:00:00,0.20803333333333332,0.061233333333333334,239.453,0.8833333333333333,0.0,0.0,0.6333333333333333
2010-09-15 20:00:00,0.7553,0.11396666666666667,238.59133333333332,3.2733333333333334,0.0,0.0,1.6166666666666667
2010-09-15 21:00:00,1.5866666666666667,0.19126666666666664,239.3635,6.616666666666666,0.0,0.0,1.6166666666666667
2010-09-15 22:00:00,1.7083666666666666,0.3360666666666667,242.6281666666667,7.116666666666666,0.0,1.0,1.5666666666666667
2010-09-15 23:00:00,1.0167,0.2165,244.226,4.22,0.0,1.1666666666666667,0.65
2010-09-16 00:00:00,0.4185666666666667,0.18636666666666668,241.90166666666667,1.9433333333333336,0.0,1.1333333333333333,1.5833333333333333
2010-09-16 01:00:00,0.3141333333333333,0.13013333333333332,241.15783333333331,1.41,0.0,0.5166666666666667,1.5833333333333333
2010-09-16 02:00:00,0.26486666666666664,0.07863333333333333,240.512,1.1466666666666667,0.0,0.0,1.5666666666666667
2010-09-16 03:00:00,0.9834999999999999,0.05233333333333333,240.2375,4.076666666666667,0.0,0.0,13.533333333333333
2010-09-16 04:00:00,0.2645,0.08163333333333332,240.60033333333334,1.15,0.0,0.0,1.6
2010-09-16 05:00:00,0.31039999999999995,0.13943333333333333,240.33166666666665,1.4333333333333333,0.0,0.9666666666666667,1.5833333333333333
2010-09-16 06:00:00,0.6315666666666666,0.16786666666666666,240.27183333333332,2.7866666666666666,0.0,1.15,5.433333333333334
2010-09-16 07:00:00,1.9140666666666666,0.16570000000000001,241.17716666666666,7.943333333333333,0.0,1.1333333333333333,18.833333333333332
2010-09-16 08:00:00,1.4490333333333334,0.13103333333333333,240.3145,6.036666666666666,0.0,0.5666666666666667,19.283333333333335
2010-09-16 09:00:00,0.5514666666666667,0.12493333333333334,240.60466666666667,2.4433333333333334,0.0,0.0,4.816666666666666
2010-09-16 10:00:00,0.5208333333333334,0.08196666666666667,240.10016666666667,2.26,0.0,0.0,5.383333333333334
2010-09-16 11:00:00,1.34,0.07896666666666666,239.44416666666666,5.5600000000000005,0.0,0.0,19.233333333333334
2010-09-16 12:00:00,1.4146666666666665,0.15933333333333335,240.00050000000002,5.866666666666666,0.0,1.25,18.316666666666666
2010-09-16 13:00:00,1.4808333333333332,0.155,240.99033333333333,6.116666666666666,0.0,1.1333333333333333,19.333333333333332
2010-09-16 14:00:00,0.5958666666666667,0.16646666666666665,240.75683333333333,2.65,0.0,1.1166666666666667,5.733333333333333
2010-09-16 15:00:00,0.2752666666666667,0.0763,242.12366666666668,1.16,0.0,0.0,1.5833333333333333
2010-09-16 16:00:00,0.2105,0.0613,242.08066666666667,0.91,0.0,0.0,0.65
2010-09-16 17:00:00,0.2618333333333333,0.06336666666666667,240.99633333333335,1.1266666666666665,0.0,0.0,1.5833333333333333
2010-09-16 18:00:00,0.7915333333333333,0.14496666666666666,240.11566666666667,3.3266666666666667,0.0,0.6833333333333333,1.5833333333333333
2010-09-16 19:00:00,1.3970333333333333,0.22416666666666665,238.263,5.953333333333333,0.0,1.15,5.666666666666667
2010-09-16 20:00:00,2.9842999999999997,0.1341,236.512,12.643333333333334,7.75,1.1166666666666667,18.7
2010-09-16 21:00:00,1.7319333333333333,0.10923333333333334,237.90233333333333,7.276666666666667,3.6333333333333333,0.4,2.05
2010-09-16 22:00:00,1.4389,0.0616,241.06483333333333,5.983333333333333,5.916666666666667,0.0,0.6333333333333333
2010-09-16 23:00:00,0.7833666666666667,0.081,242.42283333333336,3.2133333333333334,0.0,0.0,1.5666666666666667
2010-09-17 00:00:00,0.4765666666666667,0.11346666666666666,242.66400000000002,2.06,0.0,0.2,1.5833333333333333
2010-09-17 01:00:00,0.2953,0.15923333333333334,241.9935,1.3833333333333333,0.0,1.2333333333333334,0.65
2010-09-17 02:00:00,0.5791000000000001,0.1563,241.4365,2.5266666666666664,0.0,1.1333333333333333,5.833333333333333
2010-09-17 03:00:00,0.6627333333333334,0.1293,241.47916666666666,2.8133333333333335,0.0,0.7,7.583333333333333
2010-09-17 04:00:00,0.19949999999999998,0.04396666666666667,241.5395,0.8433333333333334,0.0,0.0,0.65
2010-09-17 05:00:00,0.26236666666666664,0.076,241.45200000000003,1.1266666666666665,0.0,0.0,1.4666666666666666
2010-09-17 06:00:00,0.6324333333333333,0.0862,240.85,2.6733333333333333,0.0,0.0,6.0
2010-09-17 07:00:00,1.9198,0.14676666666666668,238.26916666666665,8.043333333333333,0.0,1.0833333333333333,18.466666666666665
2010-09-17 08:00:00,1.3942666666666665,0.13776666666666668,234.36633333333333,5.96,0.0,1.1333333333333333,17.966666666666665
2010-09-17 09:00:00,0.8596,0.13736666666666666,237.49266666666665,3.69,0.0,0.8166666666666667,10.733333333333333
2010-09-17 10:00:00,0.1999,0.05296666666666667,237.8493333333333,0.86,0.0,0.0,0.6333333333333333
2010-09-17 11:00:00,0.28723333333333334,0.06866666666666667,241.03033333333332,1.24,0.0,0.0,1.5166666666666666
2010-09-17 12:00:00,0.5261666666666667,0.10383333333333332,242.88183333333333,2.283333333333333,0.0,0.0,1.5666666666666667
2010-09-17 13:00:00,0.3563,0.12556666666666666,242.63483333333335,1.5799999999999998,0.0,1.0,0.65
2010-09-17 14:00:00,0.7945666666666666,0.17616666666666667,241.8898333333333,3.5,0.0,5.383333333333334,4.55
2010-09-17 15:00:00,1.6732333333333334,0.15483333333333332,242.05866666666668,6.923333333333333,0.0,3.1333333333333333,19.566666666666666
2010-09-17 16:00:00,2.9641666666666664,0.17353333333333332,239.61616666666666,12.483333333333333,0.0,24.666666666666668,19.216666666666665
2010-09-17 17:00:00,1.5464666666666667,0.07016666666666667,239.92633333333333,6.416666666666667,0.0,1.9833333333333334,18.266666666666666
2010-09-17 18:00:00,1.9456333333333333,0.24659999999999999,239.429,8.423333333333334,17.0,4.066666666666666,6.15
2010-09-17 19:00:00,2.9272,0.24726666666666666,239.069,12.370000000000001,7.583333333333333,18.966666666666665,14.666666666666666
2010-09-17 20:00:00,2.8731333333333335,0.1896,238.91516666666666,12.17,7.983333333333333,22.866666666666667,0.6333333333333333
2010-09-17 21:00:00,0.5738333333333333,0.1962,242.0836666666667,2.506666666666667,0.0,1.4166666666666667,1.5833333333333333
2010-09-17 22:00:00,0.5266333333333334,0.20356666666666667,244.46349999999998,2.316666666666667,0.0,1.6333333333333333,1.5166666666666666
2010-09-17 23:00:00,0.484,0.08203333333333333,246.16649999999998,2.0733333333333333,0.0,0.18333333333333332,0.6666666666666666
2010-09-18 00:00:00,0.2914333333333333,0.09040000000000001,245.74116666666666,1.2733333333333334,0.0,0.16666666666666666,1.5666666666666667
2010-09-18 01:00:00,0.2673666666666667,0.07293333333333334,243.2595,1.1566666666666667,0.0,0.15,1.5666666666666667
2010-09-18 02:00:00,0.8251666666666666,0.1052,241.82466666666667,3.433333333333333,0.0,0.7666666666666667,10.166666666666666
2010-09-18 03:00:00,0.3550333333333333,0.18676666666666666,243.49633333333335,1.6433333333333333,0.0,1.35,1.6
2010-09-18 04:00:00,0.331,0.17003333333333334,242.76899999999998,1.5433333333333332,0.0,1.1666666666666667,1.5333333333333334
2010-09-18 05:00:00,0.20823333333333333,0.0693,242.5546666666667,0.88,0.0,0.11666666666666667,0.65
2010-09-18 06:00:00,0.6108666666666667,0.0864,241.24583333333334,2.566666666666667,0.0,0.0,6.35
2010-09-18 07:00:00,1.8039999999999998,0.07093333333333333,240.18449999999999,7.52,0.0,0.0,19.3
2010-09-18 08:00:00,1.3785999999999998,0.1245,239.87233333333333,5.703333333333333,0.0,0.55,19.15
2010-09-18 09:00:00,0.8287,0.19446666666666665,240.4945,3.5766666666666667,0.0,1.1833333333333333,6.816666666666666
2010-09-18 10:00:00,0.5166333333333334,0.10693333333333334,240.30249999999998,2.2633333333333336,0.0,1.1333333333333333,1.5166666666666666
2010-09-18 11:00:00,0.3648666666666667,0.05043333333333333,241.16616666666667,1.57,0.0,0.03333333333333333,0.65
2010-09-18 12:00:00,0.3004,0.1011,241.86033333333333,1.4066666666666667,0.0,0.0,1.4833333333333334
2010-09-18 13:00:00,0.8346333333333333,0.07566666666666667,241.71816666666666,3.6133333333333337,7.366666666666666,0.0,0.65
2010-09-18 14:00:00,1.0549333333333333,0.1308,239.93833333333333,4.433333333333334,1.1333333333333333,0.75,12.233333333333333
2010-09-18 15:00:00,0.8408666666666667,0.17539999999999997,240.96433333333334,3.71,7.866666666666666,1.15,1.4833333333333334
2010-09-18 16:00:00,0.9072666666666667,0.14936666666666668,242.10333333333335,3.82,0.0,0.9833333333333333,10.783333333333333
2010-09-18 17:00:00,1.3213666666666666,0.061599999999999995,240.12083333333334,5.46,0.0,0.0,19.233333333333334
2010-09-18 18:00:00,0.7356333333333333,0.1164,241.422,3.21,0.0,0.0,4.95
2010-09-18 19:00:00,1.5119,0.08943333333333332,239.1038333333333,6.333333333333333,0.0,0.0,15.1
2010-09-18 20:00:00,1.7384666666666666,0.14316666666666666,239.09633333333335,7.260000000000001,0.0,0.9833333333333333,19.033333333333335
2010-09-18 21:00:00,1.5982333333333334,0.09543333333333333,241.65583333333333,6.59,0.0,1.1666666666666667,18.533333333333335
2010-09-18 22:00:00,1.6708,0.14936666666666668,242.26000000000002,6.87,0.0,0.9166666666666666,19.483333333333334
2010-09-18 23:00:00,0.5027,0.0836,244.26333333333332,2.06,0.0,0.0,2.4833333333333334
2010-09-19 00:00:00,0.3826,0.07266666666666667,242.28933333333333,1.5599999999999998,0.0,0.0,0.65
2010-09-19 01:00:00,0.40396666666666664,0.06970000000000001,239.7125,1.6733333333333333,0.0,0.0,1.5166666666666666
2010-09-19 02:00:00,0.414,0.11933333333333333,239.27916666666667,1.7766666666666668,0.0,0.9166666666666666,0.6333333333333333
2010-09-19 03:00:00,0.48569999999999997,0.166,241.86499999999998,2.1233333333333335,0.0,1.15,1.5
2010-09-19 04:00:00,0.28163333333333335,0.10769999999999999,242.68833333333333,1.2366666666666668,0.0,0.4,1.4666666666666666
2010-09-19 05:00:00,0.1971,0.0687,241.96599999999998,0.8433333333333334,0.0,0.0,0.65
2010-09-19 06:00:00,0.23706666666666668,0.0827,240.85133333333334,1.04,0.0,0.0,1.5
2010-09-19 07:00:00,0.5294333333333333,0.09749999999999999,240.948,2.353333333333333,0.0,0.38333333333333336,3.9
2010-09-19 08:00:00,0.9478333333333333,0.15993333333333334,238.5945,4.026666666666666,0.0,1.1833333333333333,9.066666666666666
2010-09-19 09:00:00,0.8190666666666666,0.10363333333333333,239.26433333333335,3.4266666666666667,0.0,0.8833333333333333,7.9
2010-09-19 10:00:00,0.5698333333333333,0.07443333333333334,239.882,2.39,0.0,0.0,6.183333333333334
2010-09-19 11:00:00,0.2659,0.0552,242.197,1.1366666666666667,0.0,0.0,1.5
2010-09-19 12:00:00,0.21293333333333334,0.06696666666666666,245.39399999999998,0.91,0.0,0.0,0.6666666666666666
2010-09-19 13:00:00,0.4809333333333334,0.13726666666666668,244.1455,2.1033333333333335,0.0,1.15,1.5
2010-09-19 14:00:00,0.3187333333333333,0.11776666666666666,242.8415,1.4200000000000002,0.0,1.15,0.65
2010-09-19 15:00:00,0.2951,0.1246,243.826,1.3466666666666667,0.0,0.5,1.55
2010-09-19 16:00:00,0.25279999999999997,0.057699999999999994,243.68666666666667,1.12,0.0,0.0,0.6666666666666666
2010-09-19 17:00:00,0.3328,0.08383333333333334,241.3865,1.5166666666666666,0.0,0.0,1.5666666666666667
2010-09-19 18:00:00,1.6387333333333334,0.089,238.74099999999999,6.95,0.0,8.966666666666667,11.883333333333333
2010-09-19 19:00:00,1.0944666666666667,0.255,240.43216666666666,4.716666666666667,0.0,3.8833333333333333,1.6
2010-09-19 20:00:00,2.343566666666667,0.1202,241.16833333333335,9.723333333333333,0.0,1.1333333333333333,14.166666666666666
2010-09-19 21:00:00,1.8975666666666666,0.07143333333333332,241.2995,7.819999999999999,0.0,0.08333333333333333,12.95
2010-09-19 22:00:00,0.7172333333333333,0.0979,243.82116666666667,3.0,0.0,0.0,1.6
2010-09-19 23:00:00,0.2076666666666667,0.0576,244.79149999999998,0.8633333333333333,0.0,0.0,0.6666666666666666
2010-09-20 00:00:00,0.3577666666666667,0.15289999999999998,244.5025,1.6233333333333335,0.0,0.9,1.6166666666666667
2010-09-20 01:00:00,0.3307333333333334,0.18333333333333332,244.17299999999997,1.5599999999999998,0.0,1.1666666666666667,1.5833333333333333
2010-09-20 02:00:00,0.8504666666666666,0.10673333333333333,243.09133333333332,3.5366666666666666,0.0,0.55,10.816666666666666
2010-09-20 03:00:00,0.2718666666666667,0.08243333333333333,244.08416666666665,1.1666666666666667,0.0,0.0,1.6
2010-09-20 04:00:00,0.1951,0.04343333333333333,244.01783333333333,0.81,0.0,0.0,0.6666666666666666
2010-09-20 05:00:00,0.2795333333333333,0.09666666666666666,242.751,1.23,0.0,0.3333333333333333,1.55
2010-09-20 06:00:00,0.6302,0.15246666666666667,243.49866666666668,2.7266666666666666,0.0,1.2,5.483333333333333
2010-09-20 07:00:00,2.116966666666667,0.1875,241.281,8.786666666666667,0.0,0.9166666666666666,19.3
2010-09-20 08:00:00,1.4034333333333333,0.07963333333333332,239.86166666666668,5.816666666666666,0.0,0.0,19.25
2010-09-20 09:00:00,1.3784666666666667,0.0749,240.326,5.693333333333333,0.0,0.0,19.283333333333335
2010-09-20 10:00:00,1.4202666666666666,0.0649,242.0315,5.89,0.0,0.0,18.583333333333332
2010-09-20 11:00:00,0.8689,0.22546666666666668,241.504,3.9,0.2833333333333333,1.15,6.266666666666667
2010-09-20 12:00:00,2.172266666666667,0.30263333333333337,238.89066666666668,9.25,8.583333333333334,1.1333333333333333,18.116666666666667
2010-09-20 13:00:00,1.1652666666666667,0.0924,239.82433333333333,5.003333333333333,8.65,0.5,5.25
2010-09-20 14:00:00,0.9749333333333333,0.08026666666666667,240.632,4.676666666666667,0.0,0.0,8.95
2010-09-20 15:00:00,1.3373333333333333,0.06856666666666666,241.11433333333335,5.503333333333333,0.0,0.0,19.2
2010-09-20 16:00:00,1.3558999999999999,0.1134,241.93566666666666,5.583333333333333,0.0,0.43333333333333335,18.783333333333335
2010-09-20 17:00:00,1.4825333333333333,0.16623333333333334,238.30533333333332,6.2266666666666675,0.0,1.1833333333333333,18.983333333333334
2010-09-20 18:00:00,1.1808666666666667,0.2126333333333333,239.56116666666668,5.416666666666667,11.183333333333334,1.1333333333333333,1.4666666666666666
2010-09-20 19:00:00,1.3009,0.23573333333333332,238.2045,6.223333333333333,10.75,0.0,1.6333333333333333
2010-09-20 20:00:00,2.063066666666667,0.07956666666666666,240.89033333333333,8.54,2.183333333333333,0.0,9.783333333333333
2010-09-20 21:00:00,2.5983666666666663,0.0953,240.57866666666666,10.803333333333335,5.733333333333333,0.0,10.566666666666666
2010-09-20 22:00:00,1.6893666666666667,0.201,241.208,7.1,8.016666666666667,1.0166666666666666,1.6333333333333333
2010-09-20 23:00:00,0.6227,0.15546666666666667,243.582,2.5966666666666667,0.0,1.15,0.6666666666666666
2010-09-21 00:00:00,0.4720333333333333,0.12793333333333334,242.11616666666666,2.0433333333333334,0.0,0.7333333333333333,1.6
2010-09-21 01:00:00,0.30283333333333334,0.09516666666666666,241.76366666666667,1.3966666666666667,0.0,0.0,1.5833333333333333
2010-09-21 02:00:00,0.20446666666666669,0.05363333333333333,240.44916666666668,0.8866666666666667,0.0,0.0,0.6333333333333333
2010-09-21 03:00:00,0.26890000000000003,0.08286666666666666,241.32816666666668,1.1733333333333333,0.0,0.08333333333333333,1.6166666666666667
2010-09-21 04:00:00,0.27230000000000004,0.13376666666666667,241.31816666666666,1.23,0.0,1.2333333333333334,0.65
2010-09-21 05:00:00,0.9105000000000001,0.15123333333333333,239.48,3.86,0.0,1.15,11.266666666666667
2010-09-21 06:00:00,0.6151666666666668,0.09236666666666667,241.19033333333334,2.5633333333333335,0.0,0.0,6.283333333333333
2010-09-21 07:00:00,1.8787333333333334,0.059133333333333336,238.60333333333335,7.876666666666667,0.0,0.0,18.116666666666667
2010-09-21 08:00:00,1.3339666666666665,0.0735,238.30133333333333,5.573333333333333,0.0,0.0,19.05
2010-09-21 09:00:00,1.3714666666666666,0.13663333333333333,237.60983333333334,5.733333333333333,0.0,0.95,18.933333333333334
2010-09-21 10:00:00,1.0264,0.2304,239.36883333333333,4.516666666666667,0.0,1.15,6.966666666666667
2010-09-21 11:00:00,0.7342333333333334,0.3114,238.71216666666666,3.5766666666666667,0.0,0.4166666666666667,1.65
2010-09-21 12:00:00,0.8323666666666667,0.08566666666666665,240.08333333333334,3.55,0.0,0.0,8.133333333333333
2010-09-21 13:00:00,0.5928666666666668,0.07326666666666666,240.858,2.5166666666666666,0.0,0.0,6.316666666666666
2010-09-21 14:00:00,0.3046333333333333,0.1169,241.73083333333335,1.41,0.0,0.6333333333333333,0.6333333333333333
2010-09-21 15:00:00,0.4209333333333333,0.17626666666666668,241.24883333333335,1.9966666666666666,0.0,1.1666666666666667,1.6166666666666667
2010-09-21 16:00:00,0.4111333333333333,0.1671,242.01033333333334,1.91,0.0,0.9833333333333333,1.6166666666666667
2010-09-21 17:00:00,0.24773333333333333,0.04989999999999999,242.90716666666668,1.14,0.0,0.0,0.65
2010-09-21 18:00:00,0.3106333333333334,0.08603333333333334,242.44866666666667,1.4266666666666665,0.0,0.0,1.6333333333333333
2010-09-21 19:00:00,0.5627666666666666,0.15953333333333333,242.41133333333335,2.4699999999999998,0.0,0.0,0.65
2010-09-21 20:00:00,2.0710333333333333,0.174,240.93066666666667,8.6,0.0,1.2333333333333334,13.916666666666666
2010-09-21 21:00:00,2.0067666666666666,0.16226666666666667,239.7365,8.363333333333333,0.0,1.1333333333333333,6.966666666666667
2010-09-21 22:00:00,1.0306666666666666,0.1042,244.3505,4.203333333333334,0.0,0.45,0.65
2010-09-21 23:00:00,0.3404,0.09206666666666667,243.09016666666668,1.46,0.0,0.0,1.6833333333333333
2010-09-22 00:00:00,0.28543333333333337,0.0611,240.40633333333332,1.25,0.0,0.0,0.7333333333333333
2010-09-22 01:00:00,0.3053666666666667,0.12203333333333334,241.11683333333335,1.37,0.0,0.55,1.4833333333333334
2010-09-22 02:00:00,0.32706666666666667,0.15330000000000002,240.0366666666667,1.5066666666666666,0.0,1.1666666666666667,1.65
2010-09-22 03:00:00,0.26043333333333335,0.12716666666666668,241.05883333333335,1.2233333333333334,0.0,0.8833333333333333,0.6333333333333333
2010-09-22 04:00:00,0.7687,0.07143333333333333,240.64716666666666,3.203333333333333,0.0,0.0,10.133333333333333
2010-09-22 05:00:00,0.3939666666666667,0.06513333333333333,240.40683333333334,1.6633333333333333,0.0,0.0,3.683333333333333
2010-09-22 06:00:00,0.5784,0.10490000000000001,241.78133333333332,2.4466666666666668,0.0,0.08333333333333333,5.616666666666666
2010-09-22 07:00:00,2.0355333333333334,0.16943333333333335,240.96016666666668,8.456666666666667,0.0,1.2333333333333334,19.433333333333334
2010-09-22 08:00:00,1.8892,0.21253333333333335,239.03466666666665,7.95,0.3333333333333333,7.083333333333333,19.183333333333334
2010-09-22 09:00:00,1.8499333333333332,0.07913333333333333,238.51000000000002,7.77,8.416666666666666,0.05,19.083333333333332
2010-09-22 10:00:00,1.5564,0.051533333333333334,239.59983333333332,6.536666666666666,8.783333333333333,0.0,13.716666666666667
2010-09-22 11:00:00,0.3938333333333333,0.16723333333333334,240.788,1.8,0.0,0.0,1.6333333333333333
2010-09-22 12:00:00,0.7272666666666667,0.21736666666666665,240.75799999999998,3.2366666666666664,0.0,1.1666666666666667,4.116666666666666
2010-09-22 13:00:00,1.4374666666666667,0.16636666666666666,239.39466666666667,6.03,0.0,1.1333333333333333,18.466666666666665
2010-09-22 14:00:00,0.3046333333333333,0.11389999999999999,242.19716666666667,1.4166666666666667,0.0,0.6166666666666667,0.65
2010-09-22 15:00:00,0.9953000000000001,0.09519999999999999,242.20766666666665,4.133333333333334,0.0,0.0,12.4
2010-09-22 16:00:00,1.3890333333333333,0.0949,242.24883333333335,5.6899999999999995,0.0,0.0,19.7
2010-09-22 17:00:00,1.4524333333333332,0.17223333333333332,240.18083333333334,6.05,0.0,1.2166666666666666,19.333333333333332
2010-09-22 18:00:00,1.643,0.27453333333333335,240.34433333333334,7.653333333333333,17.75,1.1666666666666667,2.3833333333333333
2010-09-22 19:00:00,1.6807,0.2567,238.80483333333333,7.406666666666666,5.916666666666667,1.1166666666666667,5.5
2010-09-22 20:00:00,2.1387,0.0977,239.20316666666668,8.926666666666668,0.0,1.1333333333333333,12.566666666666666
2010-09-22 21:00:00,1.5795666666666668,0.09240000000000001,239.66283333333334,6.553333333333333,0.0,0.85,1.35
2010-09-22 22:00:00,0.8024,0.0959,243.20583333333335,3.283333333333333,0.0,0.0,1.0
2010-09-22 23:00:00,0.3784666666666666,0.0767,243.16583333333335,1.6766666666666665,0.0,0.0,1.6833333333333333
2010-09-23 00:00:00,0.3320666666666667,0.1048,242.65466666666669,1.4833333333333334,0.0,0.36666666666666664,1.6833333333333333
2010-09-23 01:00:00,0.4959,0.14946666666666666,239.9735,2.1933333333333334,0.0,1.1833333333333333,3.8666666666666667
2010-09-23 02:00:00,0.7034,0.1642,238.44183333333334,3.0366666666666666,0.0,1.1333333333333333,7.566666666666666
2010-09-23 03:00:00,0.29883333333333334,0.1279,240.36966666666666,1.34,0.0,0.5333333333333333,1.6833333333333333
2010-09-23 04:00:00,0.2033333333333333,0.055466666666666664,240.652,0.8566666666666667,0.0,0.0,0.65
2010-09-23 05:00:00,0.2656,0.09580000000000001,239.65883333333335,1.1566666666666665,0.0,0.0,1.65
2010-09-23 06:00:00,0.7313666666666666,0.10206666666666667,239.11216666666667,3.103333333333333,0.0,0.48333333333333334,6.35
2010-09-23 07:00:00,2.5547,0.161,238.53416666666666,10.723333333333333,0.0,1.1666666666666667,18.9
2010-09-23 08:00:00,1.9102333333333334,0.14286666666666664,237.7995,8.06,7.683333333333334,1.1,18.15
2010-09-23 09:00:00,1.4231666666666667,0.09376666666666668,241.08149999999998,5.833333333333333,1.15,0.0,19.5
2010-09-23 10:00:00,1.8184666666666667,0.0929,239.67866666666666,7.566666666666666,8.183333333333334,0.0,19.216666666666665
2010-09-23 11:00:00,0.8200666666666667,0.08916666666666666,240.42816666666667,3.4166666666666665,0.0,0.0,9.533333333333333
2010-09-23 12:00:00,1.5701,0.16796666666666665,239.66383333333334,6.553333333333333,0.0,1.2,19.266666666666666
2010-09-23 13:00:00,1.4990999999999999,0.12366666666666666,240.06583333333336,6.1866666666666665,0.0,1.1333333333333333,18.283333333333335
2010-09-23 14:00:00,1.401166666666667,0.14323333333333332,238.56199999999998,5.86,0.0,0.9,19.116666666666667
2010-09-23 15:00:00,0.6156666666666666,0.09706666666666666,240.99949999999998,2.6533333333333333,0.0,0.0,7.033333333333333
2010-09-23 16:00:00,0.3339,0.10369999999999999,243.1881666666667,1.5133333333333332,0.0,0.0,1.65
2010-09-23 17:00:00,0.36843333333333333,0.06546666666666666,243.18616666666668,1.5866666666666667,0.0,0.06666666666666667,0.6666666666666666
2010-09-23 18:00:00,0.6257333333333333,0.16366666666666668,242.78883333333334,2.6666666666666665,0.0,1.25,1.6666666666666667
2010-09-23 19:00:00,1.2010333333333334,0.14953333333333332,240.92166666666665,5.069999999999999,0.0,1.15,1.6666666666666667
2010-09-23 20:00:00,0.9679333333333333,0.1075,242.54716666666667,4.0200000000000005,0.0,0.8833333333333333,0.7666666666666667
2010-09-23 21:00:00,2.0422333333333333,0.08376666666666667,240.5405,8.45,0.0,0.0,17.883333333333333
2010-09-23 22:00:00,1.0331,0.06333333333333332,243.11783333333332,4.223333333333334,0.0,0.0,1.65
2010-09-23 23:00:00,0.9488333333333333,0.10066666666666667,243.42183333333332,3.9133333333333336,0.0,0.03333333333333333,1.6333333333333333
2010-09-24 00:00:00,0.4999333333333333,0.17763333333333334,243.64416666666665,2.1599999999999997,0.0,1.25,1.0
2010-09-24 01:00:00,0.3203,0.17316666666666666,241.20316666666668,1.4733333333333334,0.0,1.1333333333333333,1.3166666666666667
2010-09-24 02:00:00,0.31416666666666665,0.14096666666666666,239.88066666666666,1.3933333333333333,0.0,0.85,1.6166666666666667
2010-09-24 03:00:00,0.26683333333333337,0.09046666666666667,239.02316666666667,1.1700000000000002,0.0,0.0,1.65
2010-09-24 04:00:00,0.2029,0.06613333333333334,239.2585,0.8733333333333333,0.0,0.0,0.6166666666666667
2010-09-24 05:00:00,0.7952666666666667,0.07756666666666666,239.4188333333333,3.3433333333333333,0.0,0.0,10.533333333333333
2010-09-24 06:00:00,0.7827666666666667,0.16820000000000002,240.13866666666667,3.3800000000000003,0.0,1.1666666666666667,8.283333333333333
2010-09-24 07:00:00,2.1366666666666663,0.17763333333333334,238.79033333333334,8.979999999999999,0.0,1.1333333333333333,19.166666666666668
2010-09-24 08:00:00,1.4683333333333333,0.1456,239.99249999999998,6.123333333333333,0.0,0.65,19.366666666666667
2010-09-24 09:00:00,1.3575333333333333,0.062433333333333334,239.33350000000002,5.61,0.0,0.0,19.166666666666668
2010-09-24 10:00:00,1.2882,0.07856666666666667,238.977,5.333333333333333,0.0,0.0,17.933333333333334
2010-09-24 11:00:00,0.39576666666666666,0.05156666666666666,240.37983333333335,1.6866666666666668,0.0,0.21666666666666667,1.6166666666666667
2010-09-24 12:00:00,0.5886666666666667,0.18596666666666667,242.183,2.6233333333333335,0.0,1.2166666666666666,1.6
2010-09-24 13:00:00,0.8107,0.19133333333333333,242.04016666666666,3.5033333333333334,7.833333333333333,1.1333333333333333,1.6333333333333333
2010-09-24 14:00:00,0.9828333333333333,0.16276666666666667,240.25366666666665,4.303333333333333,8.466666666666667,0.65,0.6333333333333333
2010-09-24 15:00:00,0.26486666666666664,0.07766666666666668,242.07866666666666,1.13,0.0,0.0,1.6
2010-09-24 16:00:00,0.6632,0.11190000000000001,241.904,2.856666666666667,0.0,0.0,7.25
2010-09-24 17:00:00,0.7355333333333333,0.061000000000000006,241.60133333333334,3.063333333333333,0.0,0.21666666666666667,8.516666666666667
2010-09-24 18:00:00,0.8364666666666667,0.22943333333333332,239.83616666666666,3.7933333333333334,6.666666666666667,1.2166666666666666,1.6
2010-09-24 19:00:00,2.0984,0.2321,238.208,9.146666666666667,6.016666666666667,1.25,6.683333333333334
2010-09-24 20:00:00,2.2476,0.13636666666666666,238.89083333333335,9.366666666666667,0.0,0.5333333333333333,7.916666666666667
2010-09-24 21:00:00,1.5723666666666667,0.09643333333333333,239.57016666666667,6.553333333333333,0.0,0.0,1.5666666666666667
2010-09-24 22:00:00,1.0881666666666667,0.0824,242.87383333333335,4.45,0.0,0.0,1.5833333333333333
2010-09-24 23:00:00,0.41573333333333334,0.11030000000000001,244.64916666666667,1.85,0.0,0.26666666666666666,1.5833333333333333
2010-09-25 00:00:00,0.35550000000000004,0.1605,243.96116666666666,1.6266666666666665,0.0,1.2166666666666666,0.8333333333333334
2010-09-25 01:00:00,0.9487333333333333,0.14720000000000003,238.89816666666667,3.993333333333333,0.0,1.1333333333333333,11.95
2010-09-25 02:00:00,0.2379666666666667,0.09346666666666666,239.82000000000002,1.05,0.0,0.15,1.0666666666666667
2010-09-25 03:00:00,0.24060714285714285,0.07953571428571428,240.39589285714285,1.0392857142857141,0.0,0.0,1.1607142857142858
2010-09-25 04:00:00,0.24060714285714285,0.07953571428571428,240.39589285714285,1.0392857142857141,0.0,0.0,1.1607142857142858
2010-09-25 05:00:00,0.24060714285714285,0.07953571428571428,240.39589285714285,1.0392857142857141,0.0,0.0,1.1607142857142858
2010-09-25 06:00:00,0.24060714285714285,0.07953571428571428,240.39589285714285,1.0392857142857141,0.0,0.0,1.1607142857142858
2010-09-25 07:00:00,0.24060714285714285,0.07953571428571428,240.39589285714285,1.0392857142857141,0.0,0.0,1.1607142857142858
2010-09-25 08:00:00,0.24060714285714285,0.07953571428571428,240.39589285714285,1.0392857142857141,0.0,0.0,1.1607142857142858
2010-09-25 09:00:00,0.24060714285714285,0.07953571428571428,240.39589285714285,1.0392857142857141,0.0,0.0,1.1607142857142858
2010-09-25 10:00:00,0.24060714285714285,0.07953571428571428,240.39589285714285,1.0392857142857141,0.0,0.0,1.1607142857142858
2010-09-25 11:00:00,0.24060714285714285,0.07953571428571428,240.39589285714285,1.0392857142857141,0.0,0.0,1.1607142857142858
2010-09-25 12:00:00,0.24060714285714285,0.07953571428571428,240.39589285714285,1.0392857142857141,0.0,0.0,1.1607142857142858
2010-09-25 13:00:00,0.24060714285714285,0.07953571428571428,240.39589285714285,1.0392857142857141,0.0,0.0,1.1607142857142858
2010-09-25 14:00:00,0.24060714285714285,0.07953571428571428,240.39589285714285,1.0392857142857141,0.0,0.0,1.1607142857142858
2010-09-25 15:00:00,0.24060714285714285,0.07953571428571428,240.39589285714285,1.0392857142857141,0.0,0.0,1.1607142857142858
2010-09-25 16:00:00,0.24060714285714285,0.07953571428571428,240.39589285714285,1.0392857142857141,0.0,0.0,1.1607142857142858
2010-09-25 17:00:00,0.24060714285714285,0.07953571428571428,240.39589285714285,1.0392857142857141,0.0,0.0,1.1607142857142858
2010-09-25 18:00:00,0.24060714285714285,0.07953571428571428,240.39589285714285,1.0392857142857141,0.0,0.0,1.1607142857142858
2010-09-25 19:00:00,0.24060714285714285,0.07953571428571428,240.39589285714285,1.0392857142857141,0.0,0.0,1.1607142857142858
2010-09-25 20:00:00,0.24060714285714285,0.07953571428571428,240.39589285714285,1.0392857142857141,0.0,0.0,1.1607142857142858
2010-09-25 21:00:00,0.24060714285714285,0.07953571428571428,240.39589285714285,1.0392857142857141,0.0,0.0,1.1607142857142858
2010-09-25 22:00:00,0.24060714285714285,0.07953571428571428,240.39589285714285,1.0392857142857141,0.0,0.0,1.1607142857142858
2010-09-25 23:00:00,0.24060714285714285,0.07953571428571428,240.39589285714285,1.0392857142857141,0.0,0.0,1.1607142857142858
2010-09-26 00:00:00,0.24060714285714285,0.07953571428571428,240.39589285714285,1.0392857142857141,0.0,0.0,1.1607142857142858
2010-09-26 01:00:00,0.24060714285714285,0.07953571428571428,240.39589285714285,1.0392857142857141,0.0,0.0,1.1607142857142858
2010-09-26 02:00:00,0.24060714285714285,0.07953571428571428,240.39589285714285,1.0392857142857141,0.0,0.0,1.1607142857142858
2010-09-26 03:00:00,0.24060714285714285,0.07953571428571428,240.39589285714285,1.0392857142857141,0.0,0.0,1.1607142857142858
2010-09-26 04:00:00,0.24060714285714285,0.07953571428571428,240.39589285714285,1.0392857142857141,0.0,0.0,1.1607142857142858
2010-09-26 05:00:00,0.24060714285714285,0.07953571428571428,240.39589285714285,1.0392857142857141,0.0,0.0,1.1607142857142858
2010-09-26 06:00:00,0.24060714285714285,0.07953571428571428,240.39589285714285,1.0392857142857141,0.0,0.0,1.1607142857142858
2010-09-26 07:00:00,0.24060714285714285,0.07953571428571428,240.39589285714285,1.0392857142857141,0.0,0.0,1.1607142857142858
2010-09-26 08:00:00,0.24060714285714285,0.07953571428571428,240.39589285714285,1.0392857142857141,0.0,0.0,1.1607142857142858
2010-09-26 09:00:00,0.24060714285714285,0.07953571428571428,240.39589285714285,1.0392857142857141,0.0,0.0,1.1607142857142858
2010-09-26 10:00:00,0.24060714285714285,0.07953571428571428,240.39589285714285,1.0392857142857141,0.0,0.0,1.1607142857142858
2010-09-26 11:00:00,0.24060714285714285,0.07953571428571428,240.39589285714285,1.0392857142857141,0.0,0.0,1.1607142857142858
2010-09-26 12:00:00,0.24060714285714285,0.07953571428571428,240.39589285714285,1.0392857142857141,0.0,0.0,1.1607142857142858
2010-09-26 13:00:00,0.24060714285714285,0.07953571428571428,240.39589285714285,1.0392857142857141,0.0,0.0,1.1607142857142858
2010-09-26 14:00:00,0.24060714285714285,0.07953571428571428,240.39589285714285,1.0392857142857141,0.0,0.0,1.1607142857142858
2010-09-26 15:00:00,0.24060714285714285,0.07953571428571428,240.39589285714285,1.0392857142857141,0.0,0.0,1.1607142857142858
2010-09-26 16:00:00,0.24060714285714285,0.07953571428571428,240.39589285714285,1.0392857142857141,0.0,0.0,1.1607142857142858
2010-09-26 17:00:00,0.24060714285714285,0.07953571428571428,240.39589285714285,1.0392857142857141,0.0,0.0,1.1607142857142858
2010-09-26 18:00:00,0.24060714285714285,0.07953571428571428,240.39589285714285,1.0392857142857141,0.0,0.0,1.1607142857142858
2010-09-26 19:00:00,0.24060714285714285,0.07953571428571428,240.39589285714285,1.0392857142857141,0.0,0.0,1.1607142857142858
2010-09-26 20:00:00,0.24060714285714285,0.07953571428571428,240.39589285714285,1.0392857142857141,0.0,0.0,1.1607142857142858
2010-09-26 21:00:00,0.24060714285714285,0.07953571428571428,240.39589285714285,1.0392857142857141,0.0,0.0,1.1607142857142858
2010-09-26 22:00:00,0.24060714285714285,0.07953571428571428,240.39589285714285,1.0392857142857141,0.0,0.0,1.1607142857142858
2010-09-26 23:00:00,0.24060714285714285,0.07953571428571428,240.39589285714285,1.0392857142857141,0.0,0.0,1.1607142857142858
2010-09-27 00:00:00,0.24060714285714285,0.07953571428571428,240.39589285714285,1.0392857142857141,0.0,0.0,1.1607142857142858
2010-09-27 01:00:00,0.24060714285714285,0.07953571428571428,240.39589285714285,1.0392857142857141,0.0,0.0,1.1607142857142858
2010-09-27 02:00:00,0.24060714285714285,0.07953571428571428,240.39589285714285,1.0392857142857141,0.0,0.0,1.1607142857142858
2010-09-27 03:00:00,0.24060714285714285,0.07953571428571428,240.39589285714285,1.0392857142857141,0.0,0.0,1.1607142857142858
2010-09-27 04:00:00,0.24060714285714285,0.07953571428571428,240.39589285714285,1.0392857142857141,0.0,0.0,1.1607142857142858
2010-09-27 05:00:00,0.24060714285714285,0.07953571428571428,240.39589285714285,1.0392857142857141,0.0,0.0,1.1607142857142858
2010-09-27 06:00:00,0.24060714285714285,0.07953571428571428,240.39589285714285,1.0392857142857141,0.0,0.0,1.1607142857142858
2010-09-27 07:00:00,0.24060714285714285,0.07953571428571428,240.39589285714285,1.0392857142857141,0.0,0.0,1.1607142857142858
2010-09-27 08:00:00,0.24060714285714285,0.07953571428571428,240.39589285714285,1.0392857142857141,0.0,0.0,1.1607142857142858
2010-09-27 09:00:00,0.24060714285714285,0.07953571428571428,240.39589285714285,1.0392857142857141,0.0,0.0,1.1607142857142858
2010-09-27 10:00:00,0.24060714285714285,0.07953571428571428,240.39589285714285,1.0392857142857141,0.0,0.0,1.1607142857142858
2010-09-27 11:00:00,0.24060714285714285,0.07953571428571428,240.39589285714285,1.0392857142857141,0.0,0.0,1.1607142857142858
2010-09-27 12:00:00,0.24060714285714285,0.07953571428571428,240.39589285714285,1.0392857142857141,0.0,0.0,1.1607142857142858
2010-09-27 13:00:00,0.24060714285714285,0.07953571428571428,240.39589285714285,1.0392857142857141,0.0,0.0,1.1607142857142858
2010-09-27 14:00:00,0.24060714285714285,0.07953571428571428,240.39589285714285,1.0392857142857141,0.0,0.0,1.1607142857142858
2010-09-27 15:00:00,0.24060714285714285,0.07953571428571428,240.39589285714285,1.0392857142857141,0.0,0.0,1.1607142857142858
2010-09-27 16:00:00,0.24060714285714285,0.07953571428571428,240.39589285714285,1.0392857142857141,0.0,0.0,1.1607142857142858
2010-09-27 17:00:00,0.24060714285714285,0.07953571428571428,240.39589285714285,1.0392857142857141,0.0,0.0,1.1607142857142858
2010-09-27 18:00:00,0.24060714285714285,0.07953571428571428,240.39589285714285,1.0392857142857141,0.0,0.0,1.1607142857142858
2010-09-27 19:00:00,0.24060714285714285,0.07953571428571428,240.39589285714285,1.0392857142857141,0.0,0.0,1.1607142857142858
2010-09-27 20:00:00,0.24060714285714285,0.07953571428571428,240.39589285714285,1.0392857142857141,0.0,0.0,1.1607142857142858
2010-09-27 21:00:00,0.24060714285714285,0.07953571428571428,240.39589285714285,1.0392857142857141,0.0,0.0,1.1607142857142858
2010-09-27 22:00:00,0.24060714285714285,0.07953571428571428,240.39589285714285,1.0392857142857141,0.0,0.0,1.1607142857142858
2010-09-27 23:00:00,0.24060714285714285,0.07953571428571428,240.39589285714285,1.0392857142857141,0.0,0.0,1.1607142857142858
2010-09-28 00:00:00,0.24060714285714285,0.07953571428571428,240.39589285714285,1.0392857142857141,0.0,0.0,1.1607142857142858
2010-09-28 01:00:00,0.24060714285714285,0.07953571428571428,240.39589285714285,1.0392857142857141,0.0,0.0,1.1607142857142858
2010-09-28 02:00:00,0.24060714285714285,0.07953571428571428,240.39589285714285,1.0392857142857141,0.0,0.0,1.1607142857142858
2010-09-28 03:00:00,0.24060714285714285,0.07953571428571428,240.39589285714285,1.0392857142857141,0.0,0.0,1.1607142857142858
2010-09-28 04:00:00,0.24060714285714285,0.07953571428571428,240.39589285714285,1.0392857142857141,0.0,0.0,1.1607142857142858
2010-09-28 05:00:00,0.24060714285714285,0.07953571428571428,240.39589285714285,1.0392857142857141,0.0,0.0,1.1607142857142858
2010-09-28 06:00:00,0.24060714285714285,0.07953571428571428,240.39589285714285,1.0392857142857141,0.0,0.0,1.1607142857142858
2010-09-28 07:00:00,0.24060714285714285,0.07953571428571428,240.39589285714285,1.0392857142857141,0.0,0.0,1.1607142857142858
2010-09-28 08:00:00,0.24060714285714285,0.07953571428571428,240.39589285714285,1.0392857142857141,0.0,0.0,1.1607142857142858
2010-09-28 09:00:00,0.24060714285714285,0.07953571428571428,240.39589285714285,1.0392857142857141,0.0,0.0,1.1607142857142858
2010-09-28 10:00:00,0.24060714285714285,0.07953571428571428,240.39589285714285,1.0392857142857141,0.0,0.0,1.1607142857142858
2010-09-28 11:00:00,0.24060714285714285,0.07953571428571428,240.39589285714285,1.0392857142857141,0.0,0.0,1.1607142857142858
2010-09-28 12:00:00,0.24060714285714285,0.07953571428571428,240.39589285714285,1.0392857142857141,0.0,0.0,1.1607142857142858
2010-09-28 13:00:00,0.24060714285714285,0.07953571428571428,240.39589285714285,1.0392857142857141,0.0,0.0,1.1607142857142858
2010-09-28 14:00:00,0.24060714285714285,0.07953571428571428,240.39589285714285,1.0392857142857141,0.0,0.0,1.1607142857142858
2010-09-28 15:00:00,0.24060714285714285,0.07953571428571428,240.39589285714285,1.0392857142857141,0.0,0.0,1.1607142857142858
2010-09-28 16:00:00,0.24060714285714285,0.07953571428571428,240.39589285714285,1.0392857142857141,0.0,0.0,1.1607142857142858
2010-09-28 17:00:00,0.24060714285714285,0.07953571428571428,240.39589285714285,1.0392857142857141,0.0,0.0,1.1607142857142858
2010-09-28 18:00:00,0.24060714285714285,0.07953571428571428,240.39589285714285,1.0392857142857141,0.0,0.0,1.1607142857142858
2010-09-28 19:00:00,2.1969787234042553,0.08319148936170213,236.07659574468087,9.306382978723406,0.06382978723404255,0.0,12.404255319148936
2010-09-28 20:00:00,1.9826333333333332,0.10016666666666667,238.398,8.326666666666666,8.083333333333334,0.9833333333333333,1.5333333333333334
2010-09-28 21:00:00,2.0791666666666666,0.10353333333333332,239.648,8.703333333333335,7.6,1.15,1.0833333333333333
2010-09-28 22:00:00,1.0864333333333334,0.08373333333333334,243.44416666666666,4.453333333333333,0.0,0.8833333333333333,1.1333333333333333
2010-09-28 23:00:00,0.9712333333333334,0.07806666666666667,242.75816666666665,4.003333333333333,0.0,0.0,1.5666666666666667
2010-09-29 00:00:00,0.9060333333333334,0.07123333333333333,241.35600000000002,3.743333333333333,0.0,0.0,0.65
2010-09-29 01:00:00,0.7261666666666666,0.07170000000000001,241.72,2.9799999999999995,0.0,0.0,1.5833333333333333
2010-09-29 02:00:00,0.8463999999999999,0.09863333333333334,242.52783333333335,3.503333333333333,0.0,0.65,8.933333333333334
2010-09-29 03:00:00,0.5398333333333334,0.13933333333333334,242.784,2.26,0.0,1.1666666666666667,3.55
2010-09-29 04:00:00,0.3545666666666667,0.12406666666666667,241.388,1.5066666666666668,0.0,0.8166666666666667,0.65
2010-09-29 05:00:00,0.3657666666666667,0.07553333333333333,241.16066666666666,1.5266666666666666,0.0,0.0,1.5333333333333334
2010-09-29 06:00:00,0.7652333333333333,0.06383333333333334,240.459,3.2266666666666666,0.0,0.0,4.7
2010-09-29 07:00:00,2.4926000000000004,0.0679,239.52,10.356666666666666,0.0,0.0,19.1
2010-09-29 08:00:00,1.5998666666666668,0.10993333333333334,238.9845,6.6866666666666665,0.0,0.9,19.133333333333333
2010-09-29 09:00:00,1.5772666666666666,0.11230000000000001,239.381,6.5633333333333335,0.0,1.15,19.1
2010-09-29 10:00:00,1.4527,0.06393333333333333,238.75233333333333,6.093333333333334,0.0,0.8,16.583333333333332
2010-09-29 11:00:00,1.4236666666666666,0.05773333333333333,239.15683333333334,5.96,0.0,0.0,17.066666666666666
2010-09-29 12:00:00,1.0519666666666667,0.13913333333333336,241.35966666666667,4.766666666666667,9.566666666666666,0.0,1.5833333333333333
2010-09-29 13:00:00,0.39596666666666663,0.06336666666666667,244.08133333333333,1.72,0.08333333333333333,0.06666666666666667,0.6666666666666666
2010-09-29 14:00:00,1.1739333333333333,0.12326666666666666,242.33633333333333,4.9,0.0,1.2333333333333334,12.383333333333333
2010-09-29 15:00:00,1.6014333333333333,0.12913333333333335,241.9255,6.616666666666666,0.0,1.15,19.55
2010-09-29 16:00:00,1.4675333333333331,0.0882,241.78166666666667,5.98,0.0,0.4,19.216666666666665
2010-09-29 17:00:00,1.4179666666666668,0.07206666666666667,241.65216666666666,5.793333333333334,0.0,0.0,18.783333333333335
2010-09-29 18:00:00,1.231,0.08193333333333334,241.52866666666665,5.086666666666667,0.0,0.0,14.233333333333333
2010-09-29 19:00:00,0.9260666666666667,0.1315,239.715,3.94,0.0,0.45,0.6333333333333333
2010-09-29 20:00:00,1.7860666666666667,0.155,239.05083333333332,7.496666666666667,6.416666666666667,1.1666666666666667,1.5833333333333333
2010-09-29 21:00:00,1.5102666666666666,0.14593333333333333,240.61766666666665,6.33,1.8833333333333333,0.85,1.6
2010-09-29 22:00:00,1.3882,0.08386666666666667,242.947,5.709999999999999,8.366666666666667,0.0,4.633333333333334
2010-09-29 23:00:00,1.0732666666666666,0.05396666666666667,245.17583333333332,4.3533333333333335,0.0,0.0,10.0
2010-09-30 00:00:00,0.4951,0.0673,244.4921666666667,2.026666666666667,0.0,0.03333333333333333,0.65
2010-09-30 01:00:00,0.6155666666666666,0.1446,241.964,2.6,0.0,1.2333333333333334,1.6
2010-09-30 02:00:00,0.6082,0.14893333333333333,242.833,2.533333333333333,0.0,1.1,1.5833333333333333
2010-09-30 03:00:00,0.49779999999999996,0.08186666666666667,243.85266666666666,2.06,0.0,0.0,0.65
2010-09-30 04:00:00,0.5483,0.05196666666666667,243.38666666666668,2.2233333333333336,0.0,0.0,1.65
2010-09-30 05:00:00,0.4808,0.08299999999999999,242.7765,2.0033333333333334,0.0,0.0,0.65
2010-09-30 06:00:00,0.9968333333333333,0.1325,244.16716666666667,4.1,0.0,1.0666666666666667,6.683333333333334
2010-09-30 07:00:00,2.6383666666666667,0.12286666666666667,239.32683333333335,10.986666666666668,0.0,1.15,19.233333333333334
2010-09-30 08:00:00,1.6083,0.0954,239.32616666666667,6.693333333333333,0.0,0.38333333333333336,19.183333333333334
2010-09-30 09:00:00,1.3473333333333335,0.05553333333333334,239.03933333333333,5.6033333333333335,0.0,0.0,18.133333333333333
2010-09-30 10:00:00,1.4476333333333333,0.09383333333333334,242.08466666666666,5.92,0.0,0.0,19.566666666666666
2010-09-30 11:00:00,1.1480333333333335,0.0927,243.53900000000002,4.7,0.0,0.5166666666666667,14.3
2010-09-30 12:00:00,0.5352,0.19856666666666667,243.97366666666667,2.3333333333333335,0.0,1.1833333333333333,0.65
2010-09-30 13:00:00,0.5711333333333334,0.10023333333333334,241.70383333333334,2.3666666666666667,0.0,0.8333333333333334,1.65
2010-09-30 14:00:00,0.6650666666666666,0.059533333333333334,242.88,2.7,0.0,0.0,0.65
2010-09-30 15:00:00,0.6374333333333334,0.057100000000000005,242.32333333333332,2.6300000000000003,0.0,0.0,1.65
2010-09-30 16:00:00,0.45386666666666664,0.0971,242.27316666666667,1.8966666666666667,0.0,0.26666666666666666,0.65
2010-09-30 17:00:00,0.6844,0.11873333333333333,242.23316666666668,2.853333333333333,0.0,1.2166666666666666,1.6166666666666667
2010-09-30 18:00:00,2.0233333333333334,0.20763333333333334,240.038,8.516666666666667,0.0,1.15,16.833333333333332
2010-09-30 19:00:00,0.7304333333333334,0.16083333333333333,239.659,3.146666666666667,0.0,1.1333333333333333,0.9333333333333333
2010-09-30 20:00:00,0.44453333333333334,0.13763333333333333,242.28983333333332,1.9200000000000002,0.0,1.1333333333333333,1.65
2010-09-30 21:00:00,0.3501666666666667,0.10963333333333332,242.22283333333334,1.4833333333333334,0.0,0.45,0.65
2010-09-30 22:00:00,0.45716666666666667,0.0762,244.324,1.87,0.0,0.0,1.65
2010-09-30 23:00:00,0.8196333333333333,0.06023333333333333,244.678,3.3333333333333335,0.0,0.0,0.6666666666666666
2010-10-01 00:00:00,0.46653333333333336,0.11976666666666666,241.74783333333335,2.0166666666666666,0.0,0.6166666666666667,1.6166666666666667
2010-10-01 01:00:00,0.4644666666666667,0.15133333333333335,240.81483333333333,1.96,0.0,1.1666666666666667,1.2333333333333334
2010-10-01 02:00:00,0.39353333333333335,0.13443333333333335,241.66,1.6566666666666667,0.0,1.1,1.05
2010-10-01 03:00:00,1.1539666666666666,0.08736666666666666,239.71450000000002,4.806666666666667,0.0,0.0,14.833333333333334
2010-10-01 04:00:00,0.29843333333333333,0.0455,240.61616666666666,1.23,0.0,0.0,0.65
2010-10-01 05:00:00,0.34769999999999995,0.08086666666666667,240.49833333333333,1.4833333333333334,0.0,0.0,1.6
2010-10-01 06:00:00,0.7348666666666667,0.10613333333333334,242.19650000000001,3.07,0.0,0.9166666666666666,5.3
2010-10-01 07:00:00,2.3709,0.15356666666666668,240.01083333333332,9.863333333333333,0.0,1.15,19.3
2010-10-01 08:00:00,1.4533999999999998,0.09153333333333333,240.17116666666666,6.010000000000001,0.0,0.5333333333333333,19.283333333333335
2010-10-01 09:00:00,0.46159999999999995,0.08,241.704,1.9200000000000002,0.0,0.0,3.3
2010-10-01 10:00:00,0.4330666666666667,0.07023333333333334,241.4118333333333,1.8099999999999998,0.0,0.0,2.6333333333333333
2010-10-01 11:00:00,1.5200666666666665,0.07993333333333334,239.60183333333333,6.293333333333334,0.0,0.25,19.283333333333335
2010-10-01 12:00:00,2.4493666666666667,0.13166666666666668,240.172,10.553333333333335,12.25,1.2,18.3
2010-10-01 13:00:00,1.7681666666666667,0.2034,240.55949999999999,7.366666666666666,0.016666666666666666,1.1333333333333333,19.35
2010-10-01 14:00:00,1.4742666666666666,0.10196666666666668,243.67666666666668,5.989999999999999,0.0,0.2,19.8
2010-10-01 15:00:00,1.0447666666666666,0.145,241.38016666666667,4.45,0.0,0.0,3.9
2010-10-01 16:00:00,1.7117666666666667,0.08853333333333334,240.7475,7.056666666666667,0.0,0.0,16.433333333333334
2010-10-01 17:00:00,0.3544333333333334,0.0911,242.51066666666665,1.4833333333333334,0.0,0.6166666666666667,0.65
2010-10-01 18:00:00,0.5629000000000001,0.13649999999999998,238.14849999999998,2.4166666666666665,0.0,1.15,1.6166666666666667
2010-10-01 19:00:00,1.1308333333333331,0.20783333333333334,238.8105,4.84,0.0,1.1333333333333333,1.6333333333333333
2010-10-01 20:00:00,0.7974666666666667,0.06803333333333333,241.70200000000003,3.26,0.0,0.3,0.65
2010-10-01 21:00:00,2.1828333333333334,0.06319999999999999,238.721,9.129999999999999,4.216666666666667,0.0,13.783333333333333
2010-10-01 22:00:00,0.6092,0.07446666666666667,240.04166666666666,2.5233333333333334,4.5,0.0,0.6333333333333333
2010-10-01 23:00:00,0.8957999999999999,0.11736666666666666,242.6295,3.753333333333333,8.216666666666667,0.6,1.6166666666666667
2010-10-02 00:00:00,0.36519999999999997,0.12073333333333333,241.39766666666668,1.5266666666666666,0.0,1.1666666666666667,0.6333333333333333
2010-10-02 01:00:00,0.8989666666666667,0.12506666666666666,240.61866666666668,3.8,0.0,0.35,1.6166666666666667
2010-10-02 02:00:00,0.3085333333333333,0.0487,241.02366666666666,1.2666666666666666,0.0,0.0,0.65
2010-10-02 03:00:00,0.9448000000000001,0.09006666666666667,239.82716666666664,3.95,0.0,0.0,11.383333333333333
2010-10-02 04:00:00,0.36136666666666667,0.1258,240.741,1.54,0.0,0.75,0.8
2010-10-02 05:00:00,0.42223333333333335,0.1475,240.50866666666667,1.8033333333333335,0.0,1.15,1.45
2010-10-02 06:00:00,0.8281666666666666,0.10163333333333333,241.35150000000002,3.433333333333333,0.0,0.5,6.966666666666667
2010-10-02 07:00:00,2.1751666666666667,0.0359,239.56733333333332,9.033333333333333,0.0,0.0,18.216666666666665
2010-10-02 08:00:00,1.8114666666666668,0.09603333333333335,238.85833333333332,7.59,0.0,0.0,19.133333333333333
2010-10-02 09:00:00,0.4921333333333333,0.11359999999999999,240.529,2.1266666666666665,0.0,0.5833333333333334,2.55
2010-10-02 10:00:00,0.417,0.14,240.65933333333334,1.8366666666666667,0.0,1.1666666666666667,0.65
2010-10-02 11:00:00,0.8097,0.12396666666666666,241.84383333333332,3.386666666666667,0.0,0.6833333333333333,7.5
2010-10-02 12:00:00,0.5983,0.07840000000000001,241.47266666666667,2.51,0.0,0.0,4.666666666666667
2010-10-02 13:00:00,0.7486333333333334,0.10186666666666667,241.5765,3.17,0.0,0.0,1.5833333333333333
2010-10-02 14:00:00,1.8700666666666665,0.12736666666666668,241.01366666666667,7.73,0.26666666666666666,0.43333333333333335,18.383333333333333
2010-10-02 15:00:00,2.1852333333333336,0.1312,240.92783333333333,9.06,7.216666666666667,1.1833333333333333,19.133333333333333
2010-10-02 16:00:00,1.9975666666666667,0.09963333333333332,239.90383333333332,8.32,8.133333333333333,1.1333333333333333,18.516666666666666
2010-10-02 17:00:00,1.5547666666666666,0.116,240.34099999999998,6.45,0.0,0.13333333333333333,19.283333333333335
2010-10-02 18:00:00,0.7696666666666666,0.04663333333333333,241.09633333333335,3.17,0.0,0.0,0.8166666666666667
2010-10-02 19:00:00,1.5142666666666666,0.11283333333333334,239.11366666666666,6.326666666666667,0.0,0.0,1.6166666666666667
2010-10-02 20:00:00,3.9403,0.20133333333333334,239.333,16.633333333333333,28.7,0.9166666666666666,14.333333333333334
2010-10-02 21:00:00,3.7497333333333334,0.19083333333333333,238.67416666666668,15.896666666666667,21.616666666666667,1.15,17.333333333333332
2010-10-02 22:00:00,1.6859,0.20153333333333334,243.19866666666667,6.92,0.26666666666666666,1.05,19.55
2010-10-02 23:00:00,1.6050666666666666,0.09146666666666665,243.3055,6.543333333333334,0.0,0.0,18.766666666666666
2010-10-03 00:00:00,0.3721,0.095,244.6595,1.55,0.0,0.0,1.6166666666666667
2010-10-03 01:00:00,0.3647,0.03786666666666667,241.42483333333334,1.4766666666666668,0.0,0.0,0.65
2010-10-03 02:00:00,0.44966666666666666,0.14303333333333335,243.5375,1.9266666666666665,0.0,1.05,1.6
2010-10-03 03:00:00,0.4408,0.15226666666666666,242.0836666666667,1.91,0.0,1.15,1.6166666666666667
2010-10-03 04:00:00,0.3455333333333333,0.1076,242.37783333333334,1.4366666666666668,0.0,0.5833333333333334,0.6333333333333333
2010-10-03 05:00:00,0.38326666666666664,0.09333333333333332,242.27916666666667,1.6099999999999999,0.0,0.0,1.6333333333333333
2010-10-03 06:00:00,0.3012333333333333,0.04636666666666667,242.36683333333335,1.2166666666666666,0.0,0.0,0.6333333333333333
2010-10-03 07:00:00,0.6125333333333334,0.12723333333333334,241.656,2.6866666666666665,0.0,0.45,1.6166666666666667
2010-10-03 08:00:00,1.1061,0.17303333333333332,241.40133333333333,4.66,0.0,1.1666666666666667,11.316666666666666
2010-10-03 09:00:00,2.2386,0.13563333333333333,240.27599999999998,9.406666666666666,10.85,8.5,12.683333333333334
2010-10-03 10:00:00,2.4140333333333337,0.224,238.79233333333335,10.889999999999999,16.633333333333333,0.9333333333333333,14.583333333333334
2010-10-03 11:00:00,3.395,0.2753333333333333,241.15866666666668,14.860000000000001,19.983333333333334,8.3,17.166666666666668
2010-10-03 12:00:00,0.9115666666666667,0.16143333333333335,243.3625,4.116666666666666,5.7,0.0,0.7666666666666667
2010-10-03 13:00:00,0.49683333333333335,0.20133333333333334,244.4615,2.2,0.0,1.1,1.4666666666666666
2010-10-03 14:00:00,1.9401000000000002,0.17003333333333334,243.86933333333334,8.003333333333334,6.633333333333334,1.1833333333333333,19.166666666666668
2010-10-03 15:00:00,1.2537999999999998,0.17956666666666665,243.02716666666666,5.216666666666667,2.0,1.0666666666666667,12.933333333333334
2010-10-03 16:00:00,0.9990666666666667,0.14316666666666666,242.4215,4.2733333333333325,7.033333333333333,2.466666666666667,0.7166666666666667
2010-10-03 17:00:00,0.4815666666666667,0.04646666666666667,242.19116666666665,2.0166666666666666,0.0,0.0,1.6333333333333333
2010-10-03 18:00:00,0.6803333333333333,0.07233333333333333,242.23100000000002,2.8433333333333333,0.0,0.11666666666666667,1.6166666666666667
2010-10-03 19:00:00,2.3235666666666663,0.24109999999999998,237.82333333333332,9.826666666666666,0.0,1.2166666666666666,11.5
2010-10-03 20:00:00,3.3895333333333335,0.15296666666666667,238.1688333333333,14.266666666666667,5.933333333333334,11.15,1.85
2010-10-03 21:00:00,2.5301666666666667,0.1537,240.31166666666667,10.51,3.783333333333333,1.6666666666666667,1.65
2010-10-03 22:00:00,1.6654000000000002,0.1485,242.7125,6.89,4.783333333333333,0.6333333333333333,1.1166666666666667
2010-10-03 23:00:00,1.4159,0.09893333333333333,243.79399999999998,5.77,0.0,0.0,8.8
2010-10-04 00:00:00,0.9609333333333333,0.06916666666666667,243.41316666666668,3.9133333333333336,0.0,0.0,2.9
2010-10-04 01:00:00,0.8805999999999999,0.08486666666666666,243.108,3.58,0.0,0.35,1.65
2010-10-04 02:00:00,0.8617,0.13743333333333335,241.42466666666667,3.5533333333333337,0.0,1.2,0.6333333333333333
2010-10-04 03:00:00,0.9168000000000001,0.15923333333333334,240.12616666666665,3.816666666666667,0.0,1.1166666666666667,1.6333333333333333
2010-10-04 04:00:00,0.8580666666666666,0.08953333333333333,239.57716666666664,3.5533333333333332,0.0,0.23333333333333334,1.6166666666666667
2010-10-04 05:00:00,0.8383,0.08403333333333333,240.10150000000002,3.4833333333333334,0.0,0.0,1.65
2010-10-04 06:00:00,1.1786666666666668,0.0737,242.535,4.833333333333333,0.0,0.0,5.566666666666666
2010-10-04 07:00:00,2.6861,0.1628,240.31116666666668,11.196666666666665,0.0,0.95,19.383333333333333
2010-10-04 08:00:00,2.0932666666666666,0.16283333333333333,238.10649999999998,8.763333333333332,0.0,1.1333333333333333,19.133333333333333
2010-10-04 09:00:00,2.0266,0.15686666666666668,238.04866666666666,8.483333333333333,0.0,0.95,18.966666666666665
2010-10-04 10:00:00,1.3338999999999999,0.08503333333333334,242.1725,5.516666666666667,0.0,0.0,9.75
2010-10-04 11:00:00,0.7101666666666666,0.21543333333333334,242.42533333333333,3.1533333333333333,0.016666666666666666,0.0,0.65
2010-10-04 12:00:00,2.3162666666666665,0.22953333333333334,238.28966666666665,10.166666666666666,11.8,0.23333333333333334,15.183333333333334
2010-10-04 13:00:00,0.7096,0.14766666666666667,239.933,3.0233333333333334,0.0,1.2,1.6166666666666667
2010-10-04 14:00:00,0.5258333333333334,0.1421666666666667,242.382,2.3066666666666666,0.0,1.15,1.5333333333333334
2010-10-04 15:00:00,0.3916,0.09313333333333333,242.78333333333333,1.7033333333333334,0.0,0.48333333333333334,0.7166666666666667
2010-10-04 16:00:00,0.39926666666666666,0.06836666666666667,241.89600000000002,1.6966666666666665,0.0,0.0,1.65
2010-10-04 17:00:00,0.4111,0.10006666666666668,242.704,1.7766666666666666,0.0,0.0,1.5833333333333333
2010-10-04 18:00:00,1.7182,0.2454,240.1725,7.266666666666667,0.0,0.65,11.383333333333333
2010-10-04 19:00:00,1.9817,0.20956666666666665,235.94683333333333,8.48,0.31666666666666665,1.15,7.3
2010-10-04 20:00:00,3.039833333333333,0.18206666666666665,237.08583333333334,12.860000000000001,7.866666666666666,0.8833333333333333,9.133333333333333
2010-10-04 21:00:00,1.7196666666666665,0.06043333333333333,238.33133333333333,7.2266666666666675,8.483333333333333,0.0,0.6333333333333333
2010-10-04 22:00:00,0.5482,0.0641,240.8455,2.3233333333333333,0.0,0.0,1.65
2010-10-04 23:00:00,0.49296666666666666,0.10296666666666666,243.19516666666667,2.0733333333333333,0.0,0.35,1.6166666666666667
2010-10-05 00:00:00,0.8594333333333334,0.13246666666666668,242.65900000000002,3.5933333333333333,0.0,1.2,8.05
2010-10-05 01:00:00,0.5624,0.14986666666666665,240.8203333333333,2.393333333333333,0.0,1.1,3.783333333333333
2010-10-05 02:00:00,0.358,0.08643333333333333,242.89433333333332,1.4933333333333332,0.0,0.0,1.6
2010-10-05 03:00:00,0.30883333333333335,0.08023333333333334,241.55816666666666,1.3,0.0,0.0,0.6333333333333333
2010-10-05 04:00:00,0.3718,0.07906666666666666,241.76749999999998,1.55,0.0,0.05,1.5833333333333333
2010-10-05 05:00:00,0.43066666666666664,0.1499,240.775,1.8333333333333333,0.0,1.25,1.5833333333333333
2010-10-05 06:00:00,0.7420333333333333,0.13466666666666666,239.7235,3.1266666666666665,0.0,1.1333333333333333,5.333333333333333
2010-10-05 07:00:00,2.0004,0.08083333333333334,237.42633333333333,8.403333333333332,0.0,0.05,18.95
2010-10-05 08:00:00,1.517,0.09376666666666668,238.66400000000002,6.326666666666667,0.0,0.0,19.1
2010-10-05 09:00:00,1.8257,0.08473333333333333,237.50216666666665,7.6466666666666665,0.0,0.0,18.983333333333334
2010-10-05 10:00:00,1.846,0.1698,237.60233333333332,7.776666666666667,0.0,1.2333333333333334,18.95
2010-10-05 11:00:00,1.7279333333333333,0.0972,239.193,7.196666666666667,0.0,0.9833333333333333,18.15
2010-10-05 12:00:00,1.7133666666666665,0.0915,240.12983333333335,7.323333333333333,0.0,0.0,19.266666666666666
2010-10-05 13:00:00,1.4542666666666666,0.09580000000000001,239.71683333333334,6.033333333333333,0.0,0.0,19.2
2010-10-05 14:00:00,2.089933333333333,0.11190000000000001,239.168,8.79,0.0,8.483333333333333,17.75
2010-10-05 15:00:00,1.9053333333333335,0.3671666666666667,238.09533333333331,8.27,0.0,20.633333333333333,1.6166666666666667
2010-10-05 16:00:00,1.0108666666666666,0.2527666666666667,240.141,4.456666666666666,0.0,9.25,0.7
2010-10-05 17:00:00,0.6083666666666667,0.09936666666666666,239.24316666666667,2.5366666666666666,0.0,0.5833333333333334,1.55
2010-10-05 18:00:00,0.7721666666666667,0.10633333333333334,237.67316666666665,3.243333333333333,0.0,0.15,1.6
2010-10-05 19:00:00,1.6627,0.20213333333333333,237.564,7.069999999999999,0.0,1.25,0.6333333333333333
2010-10-05 20:00:00,2.654733333333333,0.34173333333333333,238.44233333333335,11.186666666666667,0.0,1.3333333333333333,16.283333333333335
2010-10-05 21:00:00,2.0591666666666666,0.3715333333333334,240.83516666666668,8.639999999999999,0.0,1.2666666666666666,3.1
2010-10-05 22:00:00,1.4242,0.07023333333333333,243.28016666666664,5.8133333333333335,0.0,0.16666666666666666,0.65
2010-10-05 23:00:00,1.0050999999999999,0.0946,243.18133333333333,4.126666666666667,0.0,0.08333333333333333,1.5666666666666667
2010-10-06 00:00:00,0.8750666666666667,0.08173333333333334,240.8265,3.5833333333333335,0.0,0.0,1.6166666666666667
2010-10-06 01:00:00,0.6805666666666668,0.14903333333333332,240.42083333333332,2.853333333333333,0.0,1.0833333333333333,0.6333333333333333
2010-10-06 02:00:00,0.9842333333333334,0.12596666666666667,243.0335,4.053333333333333,0.0,0.5666666666666667,11.216666666666667
2010-10-06 03:00:00,0.4594,0.052733333333333327,242.13516666666666,1.8699999999999999,0.0,0.0,3.0166666666666666
2010-10-06 04:00:00,0.37279999999999996,0.09946666666666666,242.64350000000002,1.5666666666666667,0.0,0.0,1.5833333333333333
2010-10-06 05:00:00,0.3991,0.12283333333333334,242.08166666666665,1.7066666666666666,0.0,0.65,1.55
2010-10-06 06:00:00,0.7513333333333333,0.13133333333333333,242.09016666666668,3.146666666666667,0.0,0.85,5.15
2010-10-06 07:00:00,2.597066666666667,0.09823333333333334,238.78416666666666,10.860000000000001,0.0,0.0,19.083333333333332
2010-10-06 08:00:00,1.6357333333333335,0.06046666666666667,237.60399999999998,6.8533333333333335,0.0,0.0,18.95
2010-10-06 09:00:00,1.5241333333333336,0.09243333333333334,238.20066666666668,6.39,0.0,0.5,18.966666666666665
2010-10-06 10:00:00,1.1807,0.10033333333333333,240.3203333333333,4.87,0.0,0.9833333333333333,13.916666666666666
2010-10-06 11:00:00,0.5537333333333333,0.08033333333333334,239.96533333333335,2.3766666666666665,0.0,0.0,1.5833333333333333
2010-10-06 12:00:00,0.8956999999999999,0.0487,240.45566666666667,3.796666666666667,7.733333333333333,0.0,1.5833333333333333
2010-10-06 13:00:00,0.5153333333333333,0.0901,241.83016666666666,2.203333333333333,1.9833333333333334,0.36666666666666664,0.65
2010-10-06 14:00:00,0.8986666666666667,0.15940000000000001,241.178,3.8633333333333337,7.216666666666667,1.0833333333333333,1.5833333333333333
2010-10-06 15:00:00,0.33549999999999996,0.050833333333333335,242.7468333333333,1.41,0.0,0.0,0.65
2010-10-06 16:00:00,1.0196666666666667,0.07853333333333333,243.61483333333334,4.216666666666667,0.0,0.0,10.616666666666667
2010-10-06 17:00:00,0.6263000000000001,0.13603333333333334,242.85983333333334,2.69,0.0,0.45,3.316666666666667
2010-10-06 18:00:00,0.8464666666666667,0.14586666666666667,241.65900000000002,3.56,0.0,1.0,0.65
2010-10-06 19:00:00,0.5906,0.0822,239.26000000000002,2.493333333333333,0.0,0.0,1.5833333333333333
2010-10-06 20:00:00,0.32639999999999997,0.05483333333333333,241.31916666666666,1.3366666666666667,0.0,0.0,0.65
2010-10-06 21:00:00,0.6318333333333332,0.1322,241.36516666666665,2.6566666666666667,0.0,0.6,1.6
2010-10-06 22:00:00,2.0092,0.13479999999999998,242.01183333333333,8.273333333333333,0.0,0.65,10.533333333333333
2010-10-06 23:00:00,1.2147333333333334,0.0344,244.22366666666667,4.943333333333333,0.0,0.0,3.566666666666667
2010-10-07 00:00:00,1.0243666666666666,0.0863,242.96183333333332,4.236666666666666,0.0,0.0,1.5833333333333333
2010-10-07 01:00:00,0.38563333333333333,0.11703333333333334,242.3635,1.6700000000000002,0.0,0.9833333333333333,0.65
2010-10-07 02:00:00,0.38966666666666666,0.09323333333333333,243.5805,1.6700000000000002,0.0,0.15,1.5666666666666667
2010-10-07 03:00:00,0.35553333333333337,0.08,242.19549999999998,1.4766666666666666,0.0,0.0,1.5333333333333334
2010-10-07 04:00:00,0.3215,0.08313333333333332,241.74616666666668,1.3533333333333333,0.0,0.3333333333333333,0.65
2010-10-07 05:00:00,0.4098,0.1333,241.14766666666668,1.74,0.0,0.85,1.5666666666666667
2010-10-07 06:00:00,1.0831666666666668,0.10176666666666666,240.5315,4.576666666666667,0.0,0.0,7.966666666666667
2010-10-07 07:00:00,1.9995333333333332,0.0839,240.96483333333333,8.256666666666666,0.0,0.0,18.583333333333332
2010-10-07 08:00:00,1.6685333333333332,0.13006666666666666,240.6635,6.91,0.0,0.9,19.35
2010-10-07 09:00:00,1.3728333333333333,0.09926666666666666,241.77599999999998,5.6466666666666665,0.0,0.21666666666666667,18.35
2010-10-07 10:00:00,0.3074333333333333,0.0843,242.9945,1.29,0.0,0.0,0.65
2010-10-07 11:00:00,2.0634666666666663,0.2377,240.56733333333335,8.84,11.8,0.3333333333333333,11.0
2010-10-07 12:00:00,2.740333333333333,0.3096333333333333,240.35150000000002,11.996666666666666,12.916666666666666,1.0333333333333334,19.333333333333332
2010-10-07 13:00:00,1.7775,0.10663333333333333,241.92000000000002,7.383333333333334,0.03333333333333333,0.0,19.516666666666666
2010-10-07 14:00:00,1.4842333333333333,0.06293333333333334,242.0775,6.13,0.0,0.0,18.566666666666666
2010-10-07 15:00:00,1.5586,0.1031,242.22,6.4399999999999995,0.0,0.7166666666666667,19.516666666666666
2010-10-07 16:00:00,0.8323333333333333,0.13163333333333332,241.318,3.57,0.0,0.6833333333333333,7.966666666666667
2010-10-07 17:00:00,0.35850000000000004,0.055,241.82150000000001,1.6033333333333333,0.0,0.0,0.65
2010-10-07 18:00:00,1.3071,0.14103333333333332,239.5825,5.663333333333333,11.233333333333333,0.0,1.6166666666666667
2010-10-07 19:00:00,1.5182333333333333,0.2831,237.9365,6.53,0.0,1.0833333333333333,1.6333333333333333
2010-10-07 20:00:00,2.6653333333333333,0.1053,240.57216666666667,11.07,0.0,0.2,17.733333333333334
2010-10-07 21:00:00,2.6905666666666668,0.0774,240.66516666666666,11.156666666666666,0.0,0.0,18.866666666666667
2010-10-07 22:00:00,1.0739333333333334,0.14283333333333334,244.68966666666665,4.443333333333333,0.0,0.4166666666666667,1.5833333333333333
2010-10-07 23:00:00,0.7777666666666667,0.153,243.87833333333336,3.25,0.0,1.15,0.6666666666666666
2010-10-08 00:00:00,0.6089333333333333,0.07496666666666667,241.98833333333332,2.503333333333333,0.0,0.0,1.6
2010-10-08 01:00:00,0.37006666666666665,0.06586666666666667,241.00866666666667,1.55,0.0,0.0,1.6
2010-10-08 02:00:00,0.3442,0.11326666666666667,241.31533333333334,1.4733333333333334,0.0,0.5833333333333334,0.6333333333333333
2010-10-08 03:00:00,0.39343333333333336,0.1125,240.61450000000002,1.6666666666666667,0.0,0.55,1.6
2010-10-08 04:00:00,0.36926666666666663,0.1004,242.28866666666667,1.5666666666666667,0.0,0.0,1.5833333333333333
2010-10-08 05:00:00,0.9103333333333333,0.051133333333333336,239.99583333333334,3.7933333333333334,0.0,0.0,10.8
2010-10-08 06:00:00,1.2194333333333334,0.18083333333333332,240.81433333333334,5.196666666666667,0.0,1.2333333333333334,6.283333333333333
2010-10-08 07:00:00,2.505133333333333,0.07486666666666666,239.033,10.446666666666665,0.0,0.0,19.166666666666668
2010-10-08 08:00:00,1.4521666666666666,0.09996666666666668,238.75900000000001,6.073333333333333,0.0,0.0,19.1
2010-10-08 09:00:00,1.4495333333333333,0.0941,239.6725,6.02,0.0,0.6666666666666666,18.233333333333334
2010-10-08 10:00:00,1.1779000000000002,0.13193333333333335,241.75033333333334,4.930000000000001,0.0,0.6833333333333333,13.8
2010-10-08 11:00:00,0.8395666666666666,0.063,239.88500000000002,3.58,0.0,0.0,8.3
2010-10-08 12:00:00,1.4639,0.09163333333333333,240.25516666666667,6.066666666666666,0.0,0.0,19.3
2010-10-08 13:00:00,0.8123333333333334,0.1341,241.6295,3.46,0.0,1.15,6.166666666666667
2010-10-08 14:00:00,0.5837333333333333,0.1436,242.13466666666667,2.566666666666667,0.0,0.016666666666666666,1.6166666666666667
2010-10-08 15:00:00,0.538,0.14376666666666665,242.689,2.4233333333333333,0.0,0.0,1.6333333333333333
2010-10-08 16:00:00,0.45840000000000003,0.11383333333333333,242.17299999999997,1.96,0.0,0.7333333333333333,0.65
2010-10-08 17:00:00,1.0036,0.10486666666666666,240.6985,4.3100000000000005,0.0,0.4,9.9
2010-10-08 18:00:00,1.0515333333333332,0.23183333333333334,239.51833333333335,4.566666666666666,0.0,0.0,3.0
2010-10-08 19:00:00,1.6870666666666665,0.31189999999999996,237.76450000000003,7.223333333333333,0.35,1.2,0.6333333333333333
2010-10-08 20:00:00,2.4364333333333335,0.28563333333333335,239.64266666666666,10.2,7.65,1.1666666666666667,1.6166666666666667
2010-10-08 21:00:00,2.3099333333333334,0.2595,240.60150000000002,9.673333333333334,8.066666666666666,1.15,13.15
2010-10-08 22:00:00,0.6566333333333334,0.17629999999999998,244.83950000000002,2.8333333333333335,0.0,1.15,3.45
2010-10-08 23:00:00,0.5327333333333333,0.18380000000000002,244.50083333333333,2.3200000000000003,0.0,1.15,1.6333333333333333
2010-10-09 00:00:00,0.5206333333333333,0.16406666666666667,241.059,2.2800000000000002,0.0,1.1333333333333333,1.6
2010-10-09 01:00:00,0.46199999999999997,0.13836666666666667,240.76566666666668,2.0100000000000002,0.0,1.1166666666666667,0.6666666666666666
2010-10-09 02:00:00,0.44806666666666667,0.1562,240.056,1.9466666666666665,0.0,1.1166666666666667,1.5833333333333333
2010-10-09 03:00:00,0.4321,0.14263333333333333,239.89883333333333,1.8666666666666667,0.0,1.1166666666666667,1.6
2010-10-09 04:00:00,0.3716666666666667,0.12576666666666667,240.30450000000002,1.5833333333333333,0.0,1.1166666666666667,0.6333333333333333
2010-10-09 05:00:00,0.43496666666666667,0.15513333333333332,240.91899999999998,1.8766666666666667,0.0,1.1166666666666667,1.6166666666666667
2010-10-09 06:00:00,0.9831333333333333,0.1358,239.28366666666668,4.133333333333334,0.0,1.1,8.433333333333334
2010-10-09 07:00:00,2.269966666666667,0.12966666666666668,237.20816666666667,9.586666666666668,0.0,1.0833333333333333,18.883333333333333
2010-10-09 08:00:00,1.6211666666666666,0.1446,238.68883333333332,6.760000000000001,0.0,1.1,18.933333333333334
2010-10-09 09:00:00,1.1513666666666666,0.11699999999999999,241.1095,4.760000000000001,0.0,1.1,13.616666666666667
2010-10-09 10:00:00,0.4325333333333334,0.14056666666666665,240.32883333333334,1.85,0.0,1.1,1.6333333333333333
2010-10-09 11:00:00,0.6496666666666666,0.22840000000000002,241.18233333333333,3.1566666666666667,0.0,1.1,1.6333333333333333
2010-10-09 12:00:00,0.457,0.1983,243.89933333333332,1.99,0.0,1.1166666666666667,0.65
2010-10-09 13:00:00,1.6798333333333335,0.24676666666666666,242.55233333333334,6.966666666666667,0.0,1.1,16.783333333333335
2010-10-09 14:00:00,1.0910333333333333,0.4444666666666667,240.99816666666666,4.8966666666666665,0.0,1.1,6.366666666666666
2010-10-09 15:00:00,1.7415666666666667,0.34456666666666663,237.5115,7.453333333333333,0.0,1.0833333333333333,13.533333333333333
2010-10-09 16:00:00,2.0009,0.18883333333333333,238.1165,8.406666666666666,7.133333333333334,1.0833333333333333,17.983333333333334
2010-10-09 17:00:00,1.1672666666666667,0.19696666666666665,239.93383333333335,4.989999999999999,5.433333333333334,1.1,6.616666666666666
2010-10-09 18:00:00,1.4580666666666666,0.12400000000000001,238.7225,6.2,3.4166666666666665,1.0833333333333333,9.816666666666666
2010-10-09 19:00:00,1.998,0.14416666666666667,237.43666666666667,8.376666666666667,0.0,1.0833333333333333,20.316666666666666
2010-10-09 20:00:00,1.6389333333333334,0.12523333333333334,240.16683333333333,6.756666666666666,0.0,1.0833333333333333,18.283333333333335
2010-10-09 21:00:00,1.7664666666666666,0.16293333333333332,240.24166666666667,7.3100000000000005,0.0,1.1,20.466666666666665
2010-10-09 22:00:00,1.3904333333333334,0.10769999999999999,241.183,5.723333333333333,0.0,1.0833333333333333,14.416666666666666
2010-10-09 23:00:00,0.6962333333333334,0.17153333333333334,243.19583333333333,2.9033333333333333,0.0,1.1,2.8
2010-10-10 00:00:00,0.8864,0.1555,243.33733333333333,3.6633333333333336,0.0,1.1,0.65
2010-10-10 01:00:00,0.4669666666666667,0.20536666666666667,240.21216666666666,2.04,0.0,1.0833333333333333,0.65
2010-10-10 02:00:00,0.5641333333333333,0.246,240.3756666666667,2.5033333333333334,0.0,1.1,2.7666666666666666
2010-10-10 03:00:00,0.44109999999999994,0.21223333333333333,240.44133333333332,1.9600000000000002,0.0,1.0833333333333333,0.65
2010-10-10 04:00:00,0.6176666666666667,0.2574666666666667,240.41049999999998,2.7266666666666666,0.0,1.0833333333333333,2.7333333333333334
2010-10-10 05:00:00,0.4273666666666667,0.19906666666666664,240.25716666666668,1.9066666666666667,0.0,1.0833333333333333,0.6333333333333333
2010-10-10 06:00:00,0.4357666666666667,0.19443333333333335,240.0515,1.95,0.0,0.9666666666666667,0.9
2010-10-10 07:00:00,0.7048666666666666,0.11843333333333333,239.51366666666667,2.9633333333333334,0.0,0.0,6.283333333333333
2010-10-10 08:00:00,0.9307,0.07666666666666666,239.61133333333333,3.913333333333333,0.0,0.0,8.033333333333333
2010-10-10 09:00:00,0.9249333333333334,0.1013,239.465,3.9133333333333336,0.0,0.0,2.716666666666667
2010-10-10 10:00:00,0.8739,0.09106666666666667,240.42633333333333,3.72,0.0,0.0,6.516666666666667
2010-10-10 11:00:00,2.3828666666666667,0.20929999999999999,238.6135,10.056666666666667,6.95,0.0,20.2
2010-10-10 12:00:00,2.1923000000000004,0.2711,240.08666666666667,9.526666666666667,6.083333333333333,0.0,18.283333333333335
2010-10-10 13:00:00,1.5573666666666666,0.12656666666666666,242.03783333333334,6.413333333333333,0.0,0.0,18.816666666666666
2010-10-10 14:00:00,1.1002333333333332,0.14213333333333333,243.451,4.513333333333334,0.0,0.0,12.516666666666667
2010-10-10 15:00:00,0.5263,0.15793333333333334,243.34633333333335,2.253333333333333,0.0,0.0,0.65
2010-10-10 16:00:00,0.9970333333333333,0.3359,241.6005,4.4366666666666665,0.0,0.0,2.7333333333333334
2010-10-10 17:00:00,1.6078666666666666,0.10756666666666667,239.60750000000002,6.709999999999999,0.0,0.0,0.6333333333333333
2010-10-10 18:00:00,1.8290666666666666,0.24983333333333332,239.08783333333335,7.7733333333333325,2.35,0.0,1.9666666666666666
2010-10-10 19:00:00,3.4918,0.3733,236.5631666666667,14.84,8.35,0.8666666666666667,19.883333333333333
2010-10-10 20:00:00,3.3115,0.24703333333333333,237.5935,14.110000000000001,11.733333333333333,1.15,17.916666666666668
2010-10-10 21:00:00,3.9012666666666664,0.45376666666666665,238.11566666666667,16.556666666666665,11.65,1.1166666666666667,20.083333333333332
2010-10-10 22:00:00,1.9866,0.6192333333333334,241.23583333333332,8.673333333333334,8.3,1.1333333333333333,2.6333333333333333
2010-10-10 23:00:00,1.1570666666666667,0.3062333333333333,242.775,4.913333333333333,0.0,1.1166666666666667,2.7666666666666666
2010-10-11 00:00:00,0.5145333333333333,0.21423333333333333,241.54616666666666,2.2633333333333336,0.0,1.1166666666666667,0.65
2010-10-11 01:00:00,0.4487333333333333,0.22396666666666665,240.31683333333334,2.01,0.0,1.1166666666666667,0.6333333333333333
2010-10-11 02:00:00,0.5646666666666668,0.2615,238.68449999999999,2.5266666666666664,0.0,1.1,2.6666666666666665
2010-10-11 03:00:00,0.44289999999999996,0.2195,239.64083333333335,1.9933333333333332,0.0,1.1,0.65
2010-10-11 04:00:00,0.5548666666666667,0.25393333333333334,239.84566666666666,2.4833333333333334,0.0,1.1,2.65
2010-10-11 05:00:00,0.8806999999999999,0.20733333333333331,238.906,3.76,0.0,1.0833333333333333,8.0
2010-10-11 06:00:00,0.9417333333333333,0.22326666666666667,241.5078333333333,4.013333333333334,0.0,1.1,7.516666666666667
2010-10-11 07:00:00,2.378833333333333,0.2703,239.83583333333334,9.96,0.0,1.1,20.483333333333334
2010-10-11 08:00:00,1.6553,0.17313333333333333,240.77633333333333,6.8533333333333335,0.0,1.1,18.383333333333333
2010-10-11 09:00:00,1.6319666666666668,0.20570000000000002,240.96416666666667,6.783333333333333,0.0,1.0833333333333333,20.483333333333334
2010-10-11 10:00:00,1.0574333333333332,0.18756666666666666,242.4395,4.466666666666667,0.0,1.1,11.2
2010-10-11 11:00:00,0.4408333333333333,0.18173333333333333,241.80283333333333,1.98,0.0,1.1,1.3833333333333333
2010-10-11 12:00:00,0.6579666666666667,0.14963333333333334,238.39133333333334,2.8966666666666665,0.0,1.0833333333333333,1.8833333333333333
2010-10-11 13:00:00,0.5452333333333333,0.12936666666666669,238.31516666666667,2.45,0.0,1.1,0.6333333333333333
2010-10-11 14:00:00,1.0426666666666666,0.1802666666666667,237.55900000000003,4.58,0.0,8.416666666666666,0.6166666666666667
2010-10-11 15:00:00,0.6156666666666666,0.20433333333333334,238.60683333333333,2.786666666666667,0.0,1.7666666666666666,2.6666666666666665
2010-10-11 16:00:00,0.4349,0.17693333333333333,240.81266666666667,1.98,0.0,1.1166666666666667,0.65
2010-10-11 17:00:00,0.9638666666666666,0.0634,239.79266666666666,4.01,0.0,0.25,10.6
2010-10-11 18:00:00,0.7316,0.13843333333333335,239.3065,3.1133333333333337,0.0,0.016666666666666666,2.716666666666667
2010-10-11 19:00:00,3.093166666666667,0.21276666666666666,235.693,13.343333333333334,0.0,28.633333333333333,0.6166666666666667
2010-10-11 20:00:00,2.285566666666667,0.04906666666666667,239.844,9.563333333333333,0.0,7.55,12.883333333333333
2010-10-11 21:00:00,3.043,0.1343,239.04316666666668,12.823333333333332,7.683333333333334,15.916666666666666,8.583333333333334
2010-10-11 22:00:00,1.514,0.1725,241.746,6.35,8.75,2.6333333333333333,6.233333333333333
2010-10-11 23:00:00,0.6030333333333334,0.24233333333333332,242.85183333333333,2.7,0.35,1.75,2.783333333333333
2010-10-12 00:00:00,0.39453333333333335,0.12646666666666667,242.325,1.72,0.0,0.7833333333333333,0.65
2010-10-12 01:00:00,0.39763333333333334,0.0553,240.96266666666668,1.7,0.0,0.16666666666666666,0.65
2010-10-12 02:00:00,0.4686333333333333,0.09973333333333333,240.20733333333334,2.0166666666666666,0.0,0.15,2.7
2010-10-12 03:00:00,0.3374666666666667,0.08610000000000001,240.19683333333333,1.4766666666666666,0.0,0.15,0.6333333333333333
2010-10-12 04:00:00,0.33383333333333337,0.057666666666666665,240.10666666666665,1.4366666666666668,0.0,0.16666666666666666,0.6333333333333333
2010-10-12 05:00:00,0.45113333333333333,0.10866666666666668,239.207,1.95,0.0,0.03333333333333333,2.6666666666666665
2010-10-12 06:00:00,1.1301666666666668,0.07703333333333333,239.21083333333334,4.756666666666666,0.0,0.6333333333333333,10.883333333333333
2010-10-12 07:00:00,2.5198666666666667,0.15513333333333332,237.953,10.636666666666667,0.0,1.1666666666666667,20.066666666666666
2010-10-12 08:00:00,1.7209333333333334,0.1149,238.69383333333332,7.216666666666667,0.0,2.716666666666667,18.083333333333332
2010-10-12 09:00:00,1.7519333333333333,0.15753333333333333,238.95116666666667,7.363333333333333,0.0,0.31666666666666665,20.166666666666668
2010-10-12 10:00:00,1.8285666666666667,0.045000000000000005,239.13299999999998,8.056666666666667,0.0,0.0,18.133333333333333
2010-10-12 11:00:00,0.9488666666666667,0.18793333333333334,239.25900000000001,4.223333333333334,0.11666666666666667,0.0,6.166666666666667
2010-10-12 12:00:00,1.8454000000000002,0.14126666666666668,238.82816666666668,7.786666666666666,2.8333333333333335,0.0,20.2
2010-10-12 13:00:00,0.8567,0.10906666666666667,239.56883333333332,3.6266666666666665,0.0,1.0333333333333334,7.783333333333333
2010-10-12 14:00:00,0.4580666666666667,0.14413333333333334,240.699,2.033333333333333,0.0,1.15,0.65
2010-10-12 15:00:00,0.5882333333333333,0.1875,241.4741666666667,2.65,0.0,1.1333333333333333,2.683333333333333
2010-10-12 16:00:00,0.41600000000000004,0.11426666666666667,242.63533333333334,1.8466666666666667,0.0,0.25,0.65
2010-10-12 17:00:00,0.41026666666666667,0.056433333333333335,242.53533333333334,1.7466666666666666,0.0,0.0,0.65
2010-10-12 18:00:00,2.1127333333333334,0.19096666666666667,240.47016666666667,9.096666666666666,10.433333333333334,0.0,10.216666666666667
2010-10-12 19:00:00,2.1564666666666668,0.2149333333333333,237.15416666666667,9.406666666666666,5.016666666666667,0.0,2.5
2010-10-12 20:00:00,1.9102,0.06726666666666667,239.43233333333333,7.92,0.0,0.55,8.266666666666667
2010-10-12 21:00:00,1.3085666666666667,0.09933333333333333,239.80249999999998,5.4766666666666675,0.0,1.1666666666666667,5.116666666666666
2010-10-12 22:00:00,1.2893000000000001,0.16683333333333333,244.083,5.316666666666666,0.0,1.15,2.7333333333333334
2010-10-12 23:00:00,0.6927,0.07433333333333333,243.36683333333335,2.893333333333333,0.0,0.2833333333333333,0.65
2010-10-13 00:00:00,0.38376666666666664,0.05116666666666667,242.33283333333333,1.6366666666666667,0.0,0.0,0.65
2010-10-13 01:00:00,0.45859999999999995,0.09963333333333332,242.19983333333332,1.97,0.0,0.0,2.683333333333333
2010-10-13 02:00:00,0.3169666666666667,0.07386666666666666,242.29733333333334,1.2866666666666666,0.0,0.0,0.65
2010-10-13 03:00:00,0.36466666666666664,0.11806666666666667,242.01916666666665,1.5799999999999998,0.0,0.7833333333333333,0.65
2010-10-13 04:00:00,0.9848,0.12503333333333333,241.26083333333332,4.13,0.0,1.15,10.733333333333333
2010-10-13 05:00:00,0.4641,0.12916666666666668,241.32483333333332,1.9666666666666666,0.0,0.5166666666666667,2.6666666666666665
2010-10-13 06:00:00,0.9301333333333334,0.084,241.834,3.8833333333333333,0.0,0.0,4.8
2010-10-13 07:00:00,2.844266666666667,0.1156,239.44166666666666,11.846666666666666,0.0,0.0,20.416666666666668
2010-10-13 08:00:00,2.3646666666666665,0.036566666666666664,237.58066666666667,9.9,5.433333333333334,0.0,17.916666666666668
2010-10-13 09:00:00,1.6671,0.11706666666666667,240.03016666666664,6.933333333333334,3.5,0.9666666666666667,18.283333333333335
2010-10-13 10:00:00,2.0778666666666665,0.11483333333333334,236.69083333333336,8.776666666666667,8.833333333333334,1.05,18.8
2010-10-13 11:00:00,1.5266,0.09303333333333333,237.61983333333333,6.413333333333333,0.0,0.0,19.1
2010-10-13 12:00:00,1.6007666666666667,0.09980000000000001,239.72383333333335,6.65,0.0,0.0,18.233333333333334
2010-10-13 13:00:00,1.5731666666666666,0.09359999999999999,240.851,6.5233333333333325,0.0,0.0,20.45
2010-10-13 14:00:00,1.9104999999999999,0.11716666666666667,242.54966666666667,7.8566666666666665,6.533333333333333,0.9,18.65
2010-10-13 15:00:00,1.9113,0.15373333333333333,243.9826666666667,7.836666666666667,6.383333333333334,1.1666666666666667,18.883333333333333
2010-10-13 16:00:00,1.6611,0.11903333333333334,242.0991666666667,6.843333333333334,2.45,0.9166666666666666,18.583333333333332
2010-10-13 17:00:00,1.5491,0.07916666666666666,241.63166666666666,6.37,0.0,0.0,20.566666666666666
2010-10-13 18:00:00,0.9845666666666666,0.2048,241.26833333333335,4.1866666666666665,0.0,0.0,4.783333333333333
2010-10-13 19:00:00,2.0344,0.19143333333333334,237.5,8.620000000000001,0.0,0.0,10.9
2010-10-13 20:00:00,2.3770000000000002,0.1245,237.6495,9.979999999999999,0.0,0.4,10.016666666666667
2010-10-13 21:00:00,2.1648666666666667,0.20453333333333334,238.89433333333332,9.06,0.0,1.1833333333333333,4.683333333333334
2010-10-13 22:00:00,2.0436,0.2483,242.94750000000002,8.47,0.0,1.1333333333333333,12.783333333333333
2010-10-13 23:00:00,0.3708666666666666,0.0833,245.454,1.66,0.0,0.016666666666666666,0.6666666666666666
2010-10-14 00:00:00,0.37043333333333334,0.058333333333333334,243.40900000000002,1.6133333333333333,0.0,0.0,0.6666666666666666
2010-10-14 01:00:00,0.47763333333333335,0.11333333333333333,241.81266666666667,2.1133333333333333,0.0,0.0,2.683333333333333
2010-10-14 02:00:00,0.3412,0.07083333333333333,241.54233333333335,1.4966666666666666,0.0,0.21666666666666667,0.65
2010-10-14 03:00:00,0.3867333333333333,0.1219,240.29816666666665,1.6933333333333331,0.0,1.2166666666666666,0.65
2010-10-14 04:00:00,0.3780333333333334,0.128,239.5795,1.6733333333333331,0.0,1.0,0.6333333333333333
2010-10-14 05:00:00,0.4393333333333333,0.09183333333333334,241.09333333333333,1.8933333333333333,0.0,0.0,2.683333333333333
2010-10-14 06:00:00,1.1876,0.06716666666666667,242.4155,4.91,0.0,0.0,13.966666666666667
2010-10-14 07:00:00,2.9720999999999997,0.10210000000000001,239.9385,12.360000000000001,0.0,0.0,20.316666666666666
2010-10-14 08:00:00,1.7274,0.18346666666666664,239.99733333333333,7.239999999999999,0.0,2.95,18.283333333333335
2010-10-14 09:00:00,3.2096,0.2741,236.397,13.666666666666666,0.0,24.4,17.75
2010-10-14 10:00:00,1.8472666666666666,0.2549,239.47299999999998,7.743333333333334,0.0,5.283333333333333,18.183333333333334
2010-10-14 11:00:00,0.9929333333333333,0.1219,240.87,4.153333333333333,0.0,0.8333333333333334,10.4
2010-10-14 12:00:00,0.9460666666666667,0.1149,240.93166666666667,3.96,0.0,0.15,8.1
2010-10-14 13:00:00,1.2267666666666666,0.13686666666666666,242.1,5.096666666666667,3.3333333333333335,0.16666666666666666,6.683333333333334
2010-10-14 14:00:00,1.9145,0.22666666666666666,241.8336666666667,7.96,5.516666666666667,0.5,15.9
2010-10-14 15:00:00,0.9038,0.23070000000000002,242.01183333333333,3.933333333333333,0.016666666666666666,1.1833333333333333,6.833333333333333
2010-10-14 16:00:00,0.9570333333333333,0.13773333333333332,241.9595,4.006666666666667,0.0,0.8666666666666667,8.883333333333333
2010-10-14 17:00:00,0.41783333333333333,0.05806666666666667,242.45016666666666,1.7833333333333334,0.0,0.0,0.65
2010-10-14 18:00:00,1.7473333333333334,0.134,239.6281666666667,7.5633333333333335,10.1,0.0,4.433333333333334
2010-10-14 19:00:00,4.117766666666666,0.28073333333333333,236.34433333333334,17.78666666666667,7.433333333333334,0.18333333333333332,19.783333333333335
2010-10-14 20:00:00,2.9112999999999998,0.25803333333333334,239.67183333333332,12.163333333333332,0.0,1.2166666666666666,18.233333333333334
2010-10-14 21:00:00,3.2242,0.1698,239.53216666666668,13.483333333333333,7.583333333333333,0.5166666666666667,18.216666666666665
2010-10-14 22:00:00,2.3347333333333333,0.1772,243.05016666666668,9.629999999999999,9.05,0.0,20.816666666666666
2010-10-14 23:00:00,0.5537666666666666,0.08650000000000001,245.33733333333333,2.3433333333333333,0.016666666666666666,0.0,1.9166666666666667
2010-10-15 00:00:00,0.4012333333333334,0.10813333333333333,242.55383333333333,1.7833333333333334,0.0,0.6666666666666666,0.65
2010-10-15 01:00:00,0.41296666666666665,0.14326666666666668,242.1328333333333,1.8066666666666669,0.0,1.1666666666666667,0.7833333333333333
2010-10-15 02:00:00,0.4409666666666667,0.10653333333333333,242.36983333333333,1.9033333333333333,0.0,0.0,2.566666666666667
2010-10-15 03:00:00,0.32880000000000004,0.08293333333333333,242.038,1.4466666666666665,0.0,0.0,0.65
2010-10-15 04:00:00,0.3322333333333333,0.06633333333333333,241.67666666666668,1.4566666666666668,0.0,0.03333333333333333,0.65
2010-10-15 05:00:00,0.43626666666666664,0.1436666666666667,241.42700000000002,1.8933333333333333,0.0,1.25,1.3333333333333333
2010-10-15 06:00:00,1.1134666666666668,0.17653333333333335,241.946,4.743333333333334,0.0,0.9666666666666667,7.366666666666666
2010-10-15 07:00:00,2.0124,0.07780000000000001,240.22083333333333,8.333333333333334,0.0,0.0,18.316666666666666
2010-10-15 08:00:00,1.8972,0.09433333333333334,238.0405,7.926666666666667,0.0,0.0,20.05
2010-10-15 09:00:00,1.5839666666666665,0.053766666666666664,237.7475,6.626666666666667,0.0,0.15,17.933333333333334
2010-10-15 10:00:00,1.6329333333333333,0.1813,236.9968333333333,6.893333333333333,0.0,1.2333333333333334,19.866666666666667
2010-10-15 11:00:00,1.8261,0.3172666666666667,237.97866666666667,7.763333333333334,0.0,1.15,17.983333333333334
