Datetime,Global_active_power,Global_reactive_power,Voltage,Global_intensity,Sub_metering_1,Sub_metering_2,Sub_metering_3
2009-11-02 00:00:00,1.4366333333333332,0.11833333333333333,243.83950000000002,5.8566666666666665,0.0,0.8166666666666667,18.883333333333333
2009-11-02 01:00:00,0.35083333333333333,0.07906666666666666,242.22633333333334,1.5166666666666666,0.0,0.0,1.4833333333333334
2009-11-02 02:00:00,0.32513333333333333,0.09626666666666667,244.36183333333335,1.41,0.0,0.3,0.6666666666666666
2009-11-02 03:00:00,0.36323333333333335,0.08636666666666667,242.91916666666665,1.4866666666666668,0.0,0.5,1.5166666666666666
2009-11-02 04:00:00,0.2939333333333333,0.058966666666666674,242.49233333333333,1.2633333333333332,0.0,0.0,0.65
2009-11-02 05:00:00,0.39563333333333334,0.13646666666666668,242.26566666666668,1.71,0.0,0.8,1.5
2009-11-02 06:00:00,0.5180333333333333,0.05606666666666667,241.5735,2.246666666666667,0.0,0.0,0.65
2009-11-02 07:00:00,1.9684666666666668,0.11126666666666667,239.4813333333333,8.213333333333333,0.0,0.4666666666666667,15.85
2009-11-02 08:00:00,0.3287333333333333,0.10226666666666667,242.27633333333333,1.4366666666666668,0.0,0.3,0.65
2009-11-02 09:00:00,0.3561333333333333,0.07576666666666668,240.99816666666666,1.5166666666666666,0.0,0.0,1.5333333333333334
2009-11-02 10:00:00,0.6361,0.15560000000000002,240.99983333333333,2.8366666666666664,0.0,0.7833333333333333,0.65
2009-11-02 11:00:00,1.0423666666666667,0.17296666666666666,238.15416666666667,4.543333333333334,6.616666666666666,0.0,1.4666666666666666
2009-11-02 12:00:00,2.430133333333333,0.31666666666666665,238.13466666666667,10.466666666666667,24.516666666666666,0.65,3.6166666666666667
2009-11-02 13:00:00,1.2519333333333333,0.10776666666666666,240.3125,5.25,0.21666666666666667,0.13333333333333333,10.016666666666667
2009-11-02 14:00:00,0.5084333333333333,0.11589999999999999,244.06766666666667,2.2199999999999998,0.0,0.06666666666666667,0.6666666666666666
2009-11-02 15:00:00,0.5040666666666667,0.12903333333333333,243.3828333333333,2.1366666666666663,0.0,0.7166666666666667,1.5
2009-11-02 16:00:00,0.4543666666666667,0.07826666666666666,242.64283333333333,1.87,0.0,0.0,0.6666666666666666
2009-11-02 17:00:00,1.1916666666666667,0.12146666666666667,240.16649999999998,4.963333333333334,0.0,0.7833333333333333,0.65
2009-11-02 18:00:00,2.509666666666667,0.07963333333333335,238.37033333333332,10.479999999999999,0.0,0.0,17.733333333333334
2009-11-02 19:00:00,1.973833333333333,0.08956666666666666,239.10316666666668,8.196666666666667,0.0,0.25,19.083333333333332
2009-11-02 20:00:00,2.7536666666666667,0.19863333333333333,237.4095,11.556666666666667,0.0,0.5,15.583333333333334
2009-11-02 21:00:00,1.5810333333333333,0.11606666666666668,239.9118333333333,6.606666666666667,0.0,0.0,1.4833333333333334
2009-11-02 22:00:00,1.0401,0.1673,242.42766666666665,4.33,0.0,0.7833333333333333,0.6666666666666666
2009-11-02 23:00:00,0.8563,0.065,243.31283333333334,3.503333333333333,0.0,0.0,7.666666666666667
2009-11-03 00:00:00,0.5169333333333334,0.09103333333333333,244.40200000000002,2.1133333333333333,0.0,0.4166666666666667,4.266666666666667
2009-11-03 01:00:00,0.3528,0.1152,245.792,1.4733333333333334,0.0,0.35,1.5
2009-11-03 02:00:00,0.28783333333333333,0.06873333333333333,246.95683333333332,1.16,0.0,0.0,0.6833333333333333
2009-11-03 03:00:00,0.38026666666666664,0.1471,244.322,1.66,0.0,0.7833333333333333,1.5
2009-11-03 04:00:00,0.27240000000000003,0.052199999999999996,242.83183333333332,1.1,0.0,0.0,0.65
2009-11-03 05:00:00,0.3087,0.10326666666666666,242.76133333333334,1.29,0.0,0.5166666666666667,0.6666666666666666
2009-11-03 06:00:00,0.34826666666666667,0.10590000000000001,243.31166666666667,1.4633333333333334,0.0,0.25,1.4333333333333333
2009-11-03 07:00:00,1.3240666666666667,0.07746666666666666,239.57999999999998,5.543333333333334,0.0,0.0,9.45
2009-11-03 08:00:00,0.9998333333333334,0.15743333333333334,239.3235,4.27,0.23333333333333334,0.7833333333333333,4.533333333333333
2009-11-03 09:00:00,1.6418333333333335,0.14226666666666665,239.52016666666665,6.996666666666667,8.716666666666667,6.216666666666667,0.6333333333333333
2009-11-03 10:00:00,2.6256,0.3086,237.49816666666666,11.176666666666668,9.05,1.9666666666666666,14.183333333333334
2009-11-03 11:00:00,1.3317,0.26186666666666664,240.91366666666667,5.546666666666667,0.0,0.23333333333333334,0.6833333333333333
2009-11-03 12:00:00,1.0646666666666667,0.2059,242.24333333333334,4.483333333333333,0.0,0.0,4.366666666666666
2009-11-03 13:00:00,2.8421333333333334,0.16586666666666666,241.73216666666667,11.876666666666667,0.0,22.95,16.6
2009-11-03 14:00:00,0.8937333333333334,0.13163333333333335,245.45166666666668,3.7733333333333334,0.0,8.183333333333334,1.5666666666666667
2009-11-03 15:00:00,1.0942,0.16053333333333333,244.14833333333334,4.533333333333333,0.0,1.5666666666666667,0.6666666666666666
2009-11-03 16:00:00,1.6484999999999999,0.26963333333333334,241.35433333333333,6.8566666666666665,0.0,0.16666666666666666,1.5
2009-11-03 17:00:00,1.8933666666666666,0.3186333333333333,239.82683333333335,7.933333333333334,0.0,0.7833333333333333,0.65
2009-11-03 18:00:00,2.9322333333333335,0.2735333333333333,236.89483333333334,12.363333333333333,0.0,0.4166666666666667,1.5
2009-11-03 19:00:00,4.1258333333333335,0.14156666666666667,233.65583333333333,17.626666666666665,4.2,0.18333333333333332,11.966666666666667
2009-11-03 20:00:00,4.8308333333333335,0.3513333333333334,233.70133333333334,20.759999999999998,11.283333333333333,18.45,17.366666666666667
2009-11-03 21:00:00,2.6956333333333333,0.14026666666666668,236.39033333333333,11.366666666666667,0.0,0.38333333333333336,18.683333333333334
2009-11-03 22:00:00,1.9600333333333333,0.0786,240.892,8.063333333333334,0.0,0.4166666666666667,18.416666666666668
2009-11-03 23:00:00,1.4067333333333332,0.1608,243.90216666666666,5.733333333333333,0.0,0.8333333333333334,16.95
2009-11-04 00:00:00,0.3783666666666667,0.08126666666666667,245.64183333333332,1.5866666666666667,0.0,0.0,1.4833333333333334
2009-11-04 01:00:00,0.5291333333333333,0.12893333333333332,244.03516666666667,2.2733333333333334,0.0,0.6666666666666666,0.65
2009-11-04 02:00:00,0.3837,0.11389999999999999,246.4915,1.6133333333333333,0.0,0.16666666666666666,1.5
2009-11-04 03:00:00,0.3222,0.08326666666666667,245.33683333333332,1.3299999999999998,0.0,0.0,0.6666666666666666
2009-11-04 04:00:00,0.35936666666666667,0.13479999999999998,244.19766666666666,1.5733333333333333,0.0,0.8166666666666667,0.7333333333333333
2009-11-04 05:00:00,0.34453333333333336,0.06873333333333333,243.33466666666666,1.4200000000000002,0.0,0.0,1.4166666666666667
2009-11-04 06:00:00,0.3506,0.12416666666666668,242.5905,1.52,0.0,0.65,0.6666666666666666
2009-11-04 07:00:00,0.4553333333333333,0.09173333333333332,242.337,1.9266666666666665,0.0,0.15,1.8833333333333333
2009-11-04 08:00:00,1.3371333333333333,0.06213333333333334,239.71183333333335,5.616666666666666,0.0,0.0,15.066666666666666
2009-11-04 09:00:00,0.7521,0.15743333333333334,241.478,3.33,0.3,5.133333333333334,1.4833333333333334
2009-11-04 10:00:00,0.9253,0.10233333333333333,242.97766666666666,3.89,8.683333333333334,0.5333333333333333,0.65
2009-11-04 11:00:00,1.4343,0.15583333333333332,240.53433333333334,6.036666666666666,8.933333333333334,0.6833333333333333,7.933333333333334
2009-11-04 12:00:00,1.7102,0.07486666666666666,241.78266666666664,7.006666666666667,0.0,0.15,18.566666666666666
2009-11-04 13:00:00,1.9885,0.20796666666666666,242.24816666666666,8.22,0.0,0.0,19.483333333333334
2009-11-04 14:00:00,1.6749,0.12293333333333334,242.63733333333332,6.86,0.0,0.8333333333333334,18.683333333333334
2009-11-04 15:00:00,1.7364,0.0808,242.807,7.08,0.0,0.0,19.516666666666666
2009-11-04 16:00:00,1.9264000000000001,0.1358,241.8601666666667,7.893333333333333,0.0,0.65,19.433333333333334
2009-11-04 17:00:00,2.1145666666666667,0.06286666666666667,240.7585,8.696666666666665,0.0,0.18333333333333332,18.4
2009-11-04 18:00:00,3.0330333333333335,0.17116666666666666,239.61266666666668,12.629999999999999,0.0,0.0,19.1
2009-11-04 19:00:00,3.4084,0.20973333333333333,238.904,14.396666666666667,0.0,27.683333333333334,19.0
2009-11-04 20:00:00,1.2261,0.08266666666666667,239.42683333333335,5.086666666666667,0.0,0.6166666666666667,14.05
2009-11-04 21:00:00,2.4812,0.15446666666666667,236.6655,10.59,0.0,24.316666666666666,1.55
2009-11-04 22:00:00,0.7498333333333334,0.16223333333333334,241.37783333333334,3.22,0.0,2.966666666666667,0.65
2009-11-04 23:00:00,0.40840000000000004,0.10376666666666666,243.1275,1.7433333333333332,0.0,0.6,1.5333333333333334
2009-11-05 00:00:00,0.36243333333333333,0.13899999999999998,242.55116666666666,1.6,0.0,1.0,0.65
2009-11-05 01:00:00,0.3374,0.06903333333333332,244.1825,1.4400000000000002,0.0,0.2,1.1833333333333333
2009-11-05 02:00:00,0.8552,0.06936666666666666,244.78633333333335,3.4966666666666666,0.0,0.38333333333333336,9.6
2009-11-05 03:00:00,0.4432,0.1244,245.79149999999998,1.9200000000000002,0.0,0.7833333333333333,2.183333333333333
2009-11-05 04:00:00,0.3736333333333333,0.0945,245.47133333333335,1.5966666666666667,0.0,0.16666666666666666,1.4833333333333334
2009-11-05 05:00:00,0.34453333333333336,0.12010000000000001,243.0575,1.5366666666666666,0.0,0.85,0.6666666666666666
2009-11-05 06:00:00,0.6281333333333333,0.0686,240.61916666666667,2.6633333333333336,0.0,0.0,0.65
2009-11-05 07:00:00,1.6265666666666665,0.10253333333333334,241.951,6.6899999999999995,0.0,0.26666666666666666,17.85
2009-11-05 08:00:00,1.8432666666666668,0.12026666666666667,239.01533333333333,7.683333333333334,0.0,0.5333333333333333,19.016666666666666
2009-11-05 09:00:00,1.3653000000000002,0.04686666666666666,240.94133333333332,5.6066666666666665,0.0,0.0,18.466666666666665
2009-11-05 10:00:00,1.4749333333333332,0.14356666666666668,241.62333333333333,6.066666666666666,0.0,0.7833333333333333,19.283333333333335
2009-11-05 11:00:00,1.0823666666666667,0.0686,239.86749999999998,4.463333333333334,0.0,0.0,13.933333333333334
2009-11-05 12:00:00,0.6396333333333334,0.1601,240.80516666666665,2.76,0.0,0.38333333333333336,1.45
2009-11-05 13:00:00,0.43446666666666667,0.09776666666666665,241.63500000000002,1.8733333333333335,0.0,0.4166666666666667,0.65
2009-11-05 14:00:00,0.4379,0.0718,244.31466666666665,1.8033333333333335,0.0,0.0,0.6666666666666666
2009-11-05 15:00:00,0.6543333333333333,0.13153333333333334,243.51633333333334,2.7233333333333336,0.0,0.8,1.5
2009-11-05 16:00:00,0.4835333333333333,0.06686666666666667,242.78566666666666,1.9866666666666668,0.0,0.0,0.6666666666666666
2009-11-05 17:00:00,0.3859666666666667,0.11643333333333333,240.42933333333335,1.69,0.0,0.36666666666666664,1.4666666666666666
2009-11-05 18:00:00,1.6982333333333333,0.08396666666666668,238.05333333333334,7.066666666666666,0.0,0.4166666666666667,0.6333333333333333
2009-11-05 19:00:00,2.4968333333333335,0.1822,239.13683333333333,10.393333333333334,0.0,0.0,11.133333333333333
2009-11-05 20:00:00,3.5727666666666664,0.2512333333333333,236.7795,15.103333333333333,8.15,0.7666666666666667,18.65
2009-11-05 21:00:00,2.251933333333333,0.09243333333333334,237.6815,9.443333333333333,1.1,0.0,9.583333333333334
2009-11-05 22:00:00,1.8934666666666666,0.1239,240.10533333333333,7.943333333333333,9.166666666666666,0.4166666666666667,12.416666666666666
2009-11-05 23:00:00,0.3217333333333333,0.10600000000000001,244.86599999999999,1.3766666666666665,0.0,0.3333333333333333,0.6833333333333333
2009-11-06 00:00:00,0.34883333333333333,0.0981,244.8625,1.4333333333333333,0.0,0.0,1.5
2009-11-06 01:00:00,0.34486666666666665,0.14673333333333333,244.09966666666665,1.4633333333333334,0.0,0.7666666666666667,0.6666666666666666
2009-11-06 02:00:00,0.286,0.06316666666666666,245.8175,1.1333333333333333,0.0,0.0,0.6666666666666666
2009-11-06 03:00:00,0.3542666666666667,0.10796666666666667,245.84533333333331,1.4533333333333334,0.0,0.45,1.4666666666666666
2009-11-06 04:00:00,0.2967666666666667,0.08446666666666666,244.801,1.2033333333333334,0.0,0.3,0.6833333333333333
2009-11-06 05:00:00,0.5616666666666668,0.059899999999999995,243.3425,2.3066666666666666,0.0,0.0,5.25
2009-11-06 06:00:00,1.5819333333333332,0.15350000000000003,240.408,6.6433333333333335,0.0,0.7166666666666667,13.733333333333333
2009-11-06 07:00:00,1.5943333333333334,0.063,244.1881666666667,6.489999999999999,0.0,0.0,18.933333333333334
2009-11-06 08:00:00,1.5023666666666666,0.11810000000000001,240.51899999999998,6.1899999999999995,0.0,0.48333333333333334,19.183333333333334
2009-11-06 09:00:00,1.7924666666666667,0.08770000000000001,240.0031666666667,7.426666666666667,0.0,0.25,19.133333333333333
2009-11-06 10:00:00,1.4005666666666667,0.0697,241.42299999999997,5.753333333333333,0.0,0.0,18.5
2009-11-06 11:00:00,1.4306666666666668,0.13993333333333335,241.61533333333333,5.863333333333333,0.0,0.7166666666666667,18.533333333333335
2009-11-06 12:00:00,1.0609,0.107,243.506,4.45,0.0,0.0,8.983333333333333
2009-11-06 13:00:00,0.7065333333333332,0.24306666666666665,243.4368333333333,3.2066666666666666,0.0,0.5666666666666667,0.6666666666666666
2009-11-06 14:00:00,0.43023333333333336,0.17723333333333333,245.66866666666667,1.94,0.0,0.16666666666666666,0.6833333333333333
2009-11-06 15:00:00,1.2221333333333333,0.1616,244.37033333333332,5.16,0.0,0.0,13.416666666666666
2009-11-06 16:00:00,1.0887,0.1548,244.98683333333332,4.5633333333333335,0.0,0.75,8.65
2009-11-06 17:00:00,1.8425333333333331,0.10533333333333333,240.82433333333336,7.6866666666666665,0.0,0.0,19.216666666666665
2009-11-06 18:00:00,0.9468,0.13773333333333332,240.32783333333333,3.94,0.0,0.65,4.283333333333333
2009-11-06 19:00:00,1.0141333333333333,0.13663333333333333,240.22583333333333,4.296666666666667,0.0,0.06666666666666667,0.6333333333333333
2009-11-06 20:00:00,0.9511000000000001,0.06093333333333333,238.9453333333333,3.9633333333333334,0.0,0.05,1.4666666666666666
2009-11-06 21:00:00,1.6808333333333332,0.0893,237.54350000000002,7.053333333333333,0.0,0.7,10.4
2009-11-06 22:00:00,0.40719999999999995,0.11416666666666667,241.607,1.7366666666666668,0.0,0.0,1.4666666666666666
2009-11-06 23:00:00,0.3283333333333333,0.14250000000000002,243.26816666666667,1.3866666666666667,0.0,0.7333333333333333,0.65
2009-11-07 00:00:00,0.29450000000000004,0.0762,242.89350000000002,1.2033333333333334,0.0,0.0,0.8666666666666667
2009-11-07 01:00:00,0.3279666666666667,0.0992,244.62216666666666,1.3633333333333333,0.0,0.11666666666666667,1.2666666666666666
2009-11-07 02:00:00,0.3283,0.143,246.77716666666666,1.3833333333333333,0.0,0.65,0.6666666666666666
2009-11-07 03:00:00,0.335,0.09240000000000001,246.469,1.3533333333333333,0.0,0.0,1.4666666666666666
2009-11-07 04:00:00,0.6551666666666667,0.13649999999999998,245.50633333333332,2.7066666666666666,0.0,0.75,6.116666666666666
2009-11-07 05:00:00,0.5420666666666667,0.07363333333333334,246.03366666666668,2.203333333333333,0.0,0.0,5.133333333333334
2009-11-07 06:00:00,0.5203666666666666,0.07856666666666667,245.0205,2.1233333333333335,0.0,0.1,3.95
2009-11-07 07:00:00,2.2440333333333333,0.1696,240.13733333333332,9.370000000000001,0.0,0.6666666666666666,19.183333333333334
2009-11-07 08:00:00,2.0349,0.09506666666666666,238.935,8.476666666666667,6.6,0.0,18.95
2009-11-07 09:00:00,1.5443,0.1273,239.3845,6.45,2.566666666666667,0.7166666666666667,18.183333333333334
2009-11-07 10:00:00,1.4500666666666668,0.11476666666666667,240.39383333333333,6.12,8.383333333333333,0.03333333333333333,10.416666666666666
2009-11-07 11:00:00,0.4719333333333333,0.17353333333333334,241.411,2.0366666666666666,0.0,0.25,1.45
2009-11-07 12:00:00,0.4257,0.19260000000000002,240.59133333333332,1.91,0.0,0.5333333333333333,0.65
2009-11-07 13:00:00,2.2775666666666665,0.37723333333333336,239.866,9.770000000000001,18.783333333333335,0.0,3.6333333333333333
2009-11-07 14:00:00,1.4910666666666665,0.2607333333333333,240.75983333333335,6.233333333333333,0.11666666666666667,0.7666666666666667,11.183333333333334
2009-11-07 15:00:00,1.0982333333333334,0.08473333333333333,241.28216666666668,4.510000000000001,0.0,0.0,0.65
2009-11-07 16:00:00,1.0741333333333334,0.15919999999999998,241.21833333333333,4.456666666666666,0.0,0.2,1.45
2009-11-07 17:00:00,1.806,0.16916666666666666,237.0905,7.6,0.0,0.5666666666666667,10.15
2009-11-07 18:00:00,1.5055,0.10993333333333334,238.17533333333333,6.25,0.0,0.0,18.883333333333333
2009-11-07 19:00:00,1.5094666666666667,0.1423,239.60783333333333,6.239999999999999,0.0,0.7166666666666667,18.233333333333334
2009-11-07 20:00:00,1.0636666666666668,0.08873333333333333,241.23816666666667,4.373333333333333,0.0,0.0,11.65
2009-11-07 21:00:00,0.7810666666666666,0.10366666666666666,241.3195,3.23,0.0,0.26666666666666666,0.65
2009-11-07 22:00:00,1.3951666666666667,0.1285,241.64633333333333,5.72,0.0,0.4666666666666667,0.65
2009-11-07 23:00:00,0.7767666666666667,0.0981,244.70666666666665,3.1666666666666665,0.0,0.0,1.4666666666666666
2009-11-08 00:00:00,0.47253333333333336,0.1539,244.579,1.9766666666666666,0.0,0.7333333333333333,0.6666666666666666
2009-11-08 01:00:00,1.0463,0.0858,242.96633333333332,4.34,0.0,0.0,12.133333333333333
2009-11-08 02:00:00,0.29933333333333334,0.08739999999999999,245.97866666666667,1.23,0.0,0.21666666666666667,0.6833333333333333
2009-11-08 03:00:00,0.3229666666666667,0.12703333333333333,246.47716666666665,1.3533333333333333,0.0,0.5166666666666667,0.6833333333333333
2009-11-08 04:00:00,0.3373,0.08423333333333334,246.33516666666668,1.3866666666666667,0.0,0.0,1.45
2009-11-08 05:00:00,0.31666666666666665,0.11193333333333334,245.64333333333335,1.2966666666666666,0.0,0.7333333333333333,0.6833333333333333
2009-11-08 06:00:00,0.2809666666666667,0.06193333333333333,244.32216666666667,1.1333333333333333,0.0,0.0,0.6666666666666666
2009-11-08 07:00:00,0.42706666666666665,0.07926666666666667,243.41466666666665,1.82,0.0,0.03333333333333333,0.6666666666666666
2009-11-08 08:00:00,1.7149333333333334,0.13206666666666667,241.11933333333334,7.136666666666667,0.05,0.7,18.6
2009-11-08 09:00:00,2.5226666666666664,0.06426666666666667,238.376,10.593333333333334,8.65,0.0,18.933333333333334
2009-11-08 10:00:00,2.893266666666667,0.10106666666666667,238.77416666666667,12.136666666666667,9.0,0.6,18.1
2009-11-08 11:00:00,2.654933333333333,0.06316666666666666,241.2385,11.053333333333335,11.283333333333333,0.11666666666666667,10.783333333333333
2009-11-08 12:00:00,4.3383,0.24656666666666668,238.59866666666667,18.293333333333333,25.433333333333334,0.0,18.916666666666668
2009-11-08 13:00:00,3.0332333333333334,0.3309666666666667,243.72449999999998,12.626666666666667,12.266666666666667,0.7166666666666667,15.883333333333333
2009-11-08 14:00:00,2.4853,0.12636666666666665,245.88266666666667,10.106666666666666,7.233333333333333,0.0,19.183333333333334
2009-11-08 15:00:00,1.7906666666666666,0.24996666666666664,246.26749999999998,7.489999999999999,8.433333333333334,0.45,1.6
2009-11-08 16:00:00,0.7206333333333333,0.10416666666666667,246.95566666666667,2.9099999999999997,0.0,0.2833333333333333,0.6833333333333333
2009-11-08 17:00:00,1.1565,0.2275333333333333,245.50533333333334,4.823333333333333,0.0,0.0,0.6833333333333333
2009-11-08 18:00:00,2.8001666666666667,0.24366666666666667,242.76216666666667,11.626666666666667,0.0,0.7166666666666667,13.15
2009-11-08 19:00:00,2.9546,0.30263333333333337,241.22783333333334,12.29,0.0,7.1,18.483333333333334
2009-11-08 20:00:00,3.5431000000000004,0.22923333333333332,240.43983333333333,14.793333333333333,0.0,19.183333333333334,18.366666666666667
2009-11-08 21:00:00,2.3234333333333335,0.23203333333333334,239.6796666666667,9.666666666666666,0.0,0.9833333333333333,19.1
2009-11-08 22:00:00,1.8846333333333334,0.13493333333333332,243.227,7.716666666666667,0.0,0.5666666666666667,18.766666666666666
2009-11-08 23:00:00,1.4805333333333333,0.198,244.51416666666668,6.026666666666667,0.0,0.9333333333333333,18.983333333333334
2009-11-09 00:00:00,0.6557,0.1228,244.11450000000002,2.7333333333333334,0.0,0.16666666666666666,6.233333333333333
2009-11-09 01:00:00,0.3307,0.11850000000000001,246.0855,1.4266666666666665,0.0,0.5333333333333333,0.6833333333333333
2009-11-09 02:00:00,0.3341,0.13083333333333333,248.37016666666665,1.47,0.0,0.55,0.7
2009-11-09 03:00:00,0.3328333333333333,0.11966666666666666,248.03066666666666,1.45,0.0,0.15,0.6833333333333333
2009-11-09 04:00:00,0.3998666666666667,0.19163333333333332,247.22983333333332,1.7866666666666666,0.0,0.7833333333333333,1.4166666666666667
2009-11-09 05:00:00,0.30573333333333336,0.09276666666666666,246.50716666666668,1.3133333333333332,0.0,0.0,0.6833333333333333
2009-11-09 06:00:00,1.0410333333333335,0.11643333333333333,245.78699999999998,4.346666666666667,0.0,0.36666666666666664,4.8
2009-11-09 07:00:00,3.1622,0.15006666666666665,241.8955,13.063333333333333,0.0,0.36666666666666664,19.4
2009-11-09 08:00:00,1.4637666666666667,0.09856666666666668,241.0015,6.040000000000001,0.0,0.0,19.3
2009-11-09 09:00:00,1.4304999999999999,0.14646666666666666,243.19366666666667,5.86,0.0,0.7166666666666667,18.766666666666666
2009-11-09 10:00:00,1.2368,0.08083333333333333,243.17583333333332,5.05,0.0,0.0,16.25
2009-11-09 11:00:00,0.3015,0.09813333333333334,243.3475,1.3266666666666667,0.0,0.25,0.6666666666666666
2009-11-09 12:00:00,0.32226666666666665,0.1355,244.70666666666665,1.4400000000000002,0.0,0.45,0.6666666666666666
2009-11-09 13:00:00,0.34606666666666663,0.115,246.26033333333334,1.4866666666666668,0.0,0.0,1.4166666666666667
2009-11-09 14:00:00,0.341,0.16313333333333332,244.7241666666667,1.5266666666666666,0.0,0.7,0.6833333333333333
2009-11-09 15:00:00,0.29763333333333336,0.09336666666666667,244.57966666666667,1.26,0.0,0.0,0.6666666666666666
2009-11-09 16:00:00,0.34323333333333333,0.1049,243.27283333333335,1.51,0.0,0.11666666666666667,1.4166666666666667
2009-11-09 17:00:00,0.9904666666666666,0.13436666666666666,238.7095,4.133333333333334,0.0,0.6,0.6333333333333333
2009-11-09 18:00:00,2.0746333333333333,0.08066666666666666,238.03016666666664,8.686666666666667,0.0,0.0,14.016666666666667
2009-11-09 19:00:00,1.5225666666666666,0.28186666666666665,239.26033333333334,6.576666666666667,0.11666666666666667,0.7,0.6333333333333333
2009-11-09 20:00:00,3.0268474576271185,0.07223728813559321,239.83457627118645,12.630508474576272,9.152542372881356,0.01694915254237288,14.796610169491526
2009-11-09 21:00:00,1.8968999999999998,0.07773333333333333,239.9633333333333,7.9,9.633333333333333,0.0,0.65
2009-11-09 22:00:00,0.9775333333333334,0.16753333333333334,242.989,4.05,0.0,0.7,1.4333333333333333
2009-11-09 23:00:00,0.3291,0.07276666666666666,244.72483333333332,1.3299999999999998,0.0,0.0,0.6666666666666666
2009-11-10 00:00:00,0.8238666666666667,0.13186666666666666,242.6595,3.4299999999999997,0.0,0.65,8.9
2009-11-10 01:00:00,0.5064666666666666,0.09953333333333333,244.3725,2.09,0.0,0.06666666666666667,4.15
2009-11-10 02:00:00,0.2982333333333333,0.0849,246.5165,1.25,0.0,0.0,0.6833333333333333
2009-11-10 03:00:00,0.34223333333333333,0.1571,247.62083333333334,1.5166666666666666,0.0,0.7,0.6833333333333333
2009-11-10 04:00:00,0.3387,0.0912,248.32433333333333,1.4233333333333333,0.0,0.0,1.4333333333333333
2009-11-10 05:00:00,0.33089999999999997,0.13643333333333332,246.99466666666666,1.46,0.0,0.6,0.6833333333333333
2009-11-10 06:00:00,0.6527333333333334,0.10416666666666667,243.6328333333333,2.7766666666666664,0.0,0.11666666666666667,2.716666666666667
2009-11-10 07:00:00,1.6929666666666667,0.10286666666666666,243.02333333333334,6.956666666666667,0.0,0.06666666666666667,17.1
2009-11-10 08:00:00,1.7427,0.21180000000000002,240.561,7.283333333333333,0.0,0.7,18.616666666666667
2009-11-10 09:00:00,1.6611666666666667,0.06923333333333333,238.689,6.906666666666666,0.0,0.0,18.733333333333334
2009-11-10 10:00:00,1.7857666666666667,0.13796666666666668,238.42783333333333,7.486666666666666,0.0,0.48333333333333334,18.933333333333334
2009-11-10 11:00:00,1.4219333333333333,0.0788,238.88466666666667,5.873333333333333,0.0,0.21666666666666667,18.133333333333333
2009-11-10 12:00:00,1.3966,0.09543333333333333,239.01266666666666,5.763333333333334,0.0,0.0,18.95
2009-11-10 13:00:00,1.4072333333333333,0.15123333333333333,240.65233333333333,5.79,0.0,0.7166666666666667,18.4
2009-11-10 14:00:00,1.2605,0.0803,243.0773333333333,5.22,0.0,0.0,12.466666666666667
2009-11-10 15:00:00,0.4890666666666667,0.10523333333333333,246.707,2.0533333333333332,0.0,0.38333333333333336,1.45
2009-11-10 16:00:00,0.9478333333333334,0.0914,245.819,3.8666666666666667,0.0,0.35,0.6666666666666666
2009-11-10 17:00:00,0.8335,0.06673333333333334,240.82833333333335,3.43,0.0,0.0,0.6666666666666666
2009-11-10 18:00:00,1.3496666666666668,0.14993333333333334,238.48883333333333,5.636666666666667,0.0,0.7333333333333333,1.4333333333333333
2009-11-10 19:00:00,1.5662999999999998,0.09176666666666668,239.7095,6.513333333333334,6.583333333333333,0.0,0.65
2009-11-10 20:00:00,2.1125,0.20616666666666666,239.66233333333332,8.946666666666665,12.05,0.18333333333333332,1.9
2009-11-10 21:00:00,2.296866666666667,0.12796666666666667,239.319,9.56,0.0,0.5333333333333333,19.0
2009-11-10 22:00:00,1.1263333333333334,0.0774,243.07516666666666,4.636666666666667,0.0,0.0,9.45
2009-11-10 23:00:00,0.38566666666666666,0.13893333333333333,243.965,1.6866666666666668,0.0,0.7,0.6666666666666666
2009-11-11 00:00:00,0.36916666666666664,0.0931,245.48016666666666,1.5433333333333332,0.0,0.0,1.4833333333333334
2009-11-11 01:00:00,0.31926666666666664,0.08363333333333335,245.62550000000002,1.3099999999999998,0.0,0.08333333333333333,0.6666666666666666
2009-11-11 02:00:00,0.3545333333333333,0.1398,246.86983333333333,1.5133333333333332,0.0,0.65,0.6833333333333333
2009-11-11 03:00:00,0.351,0.079,246.38883333333334,1.45,0.0,0.0,1.4333333333333333
2009-11-11 04:00:00,0.3424333333333333,0.1211,246.3005,1.4466666666666665,0.0,0.65,0.6833333333333333
2009-11-11 05:00:00,0.3186666666666667,0.08303333333333333,245.422,1.3333333333333333,0.0,0.05,0.6833333333333333
2009-11-11 06:00:00,1.0870333333333333,0.0838,243.30266666666665,4.443333333333333,0.0,0.0,13.466666666666667
2009-11-11 07:00:00,0.5523,0.147,243.85466666666667,2.4266666666666667,0.0,0.7166666666666667,0.6666666666666666
2009-11-11 08:00:00,0.4018,0.0688,242.56516666666667,1.7066666666666668,0.0,0.0,0.6666666666666666
2009-11-11 09:00:00,0.9251333333333334,0.129,239.87983333333335,4.01,0.0,7.316666666666666,1.0666666666666667
2009-11-11 10:00:00,0.5986333333333334,0.2853,240.99633333333335,2.796666666666667,0.0,0.26666666666666666,1.0333333333333334
2009-11-11 11:00:00,1.4178,0.3003,243.18733333333333,6.02,0.0,0.0,10.45
2009-11-11 12:00:00,1.143,0.36950000000000005,244.80200000000002,5.010000000000001,0.0,0.7166666666666667,3.4833333333333334
2009-11-11 13:00:00,1.2514333333333334,0.23076666666666668,242.95916666666665,5.3100000000000005,0.0,0.0,9.15
2009-11-11 14:00:00,2.3270666666666666,0.2354,242.22183333333334,9.636666666666667,8.766666666666667,0.3,18.833333333333332
2009-11-11 15:00:00,1.9685,0.2836666666666667,242.21666666666667,8.173333333333334,2.9166666666666665,0.45,19.266666666666666
2009-11-11 16:00:00,1.9991666666666668,0.0863,239.52766666666668,8.3,7.383333333333334,0.0,18.216666666666665
2009-11-11 17:00:00,4.536166666666667,0.16956666666666667,233.04866666666666,19.55666666666667,9.9,30.633333333333333,17.45
2009-11-11 18:00:00,3.1558,0.1814,238.14716666666666,13.373333333333333,10.0,13.383333333333333,0.6333333333333333
2009-11-11 19:00:00,3.528633333333333,0.15476666666666666,236.97266666666667,14.979999999999999,0.0,26.133333333333333,1.5333333333333334
2009-11-11 20:00:00,2.258566666666667,0.11546666666666666,241.50233333333333,9.363333333333333,0.0,2.9833333333333334,15.25
2009-11-11 21:00:00,1.7620666666666667,0.08153333333333333,240.72916666666666,7.243333333333334,0.0,0.0,19.25
2009-11-11 22:00:00,1.7297,0.10713333333333333,241.13783333333333,7.1,0.0,0.75,19.116666666666667
2009-11-11 23:00:00,1.3101333333333334,0.08843333333333334,243.7745,5.346666666666667,0.0,0.0,11.733333333333333
2009-11-12 00:00:00,0.3878333333333333,0.10326666666666666,245.0905,1.5966666666666667,0.0,0.23333333333333334,0.6666666666666666
2009-11-12 01:00:00,0.36163333333333336,0.11549999999999999,243.75750000000002,1.5133333333333332,0.0,0.5,1.4666666666666666
2009-11-12 02:00:00,0.27773333333333333,0.05306666666666667,246.73116666666667,1.0666666666666667,0.0,0.0,0.6833333333333333
2009-11-12 03:00:00,0.37443333333333334,0.14046666666666666,245.78616666666667,1.5833333333333333,0.0,0.7333333333333333,1.45
2009-11-12 04:00:00,0.28850000000000003,0.06586666666666667,245.65216666666666,1.1366666666666667,0.0,0.0,0.6833333333333333
2009-11-12 05:00:00,0.9191666666666667,0.085,245.112,3.75,0.0,0.16666666666666666,10.833333333333334
2009-11-12 06:00:00,0.9805666666666667,0.11779999999999999,243.34766666666667,4.083333333333333,0.0,0.55,7.583333333333333
2009-11-12 07:00:00,2.3949333333333334,0.07353333333333333,240.41150000000002,9.94,0.0,0.0,18.783333333333335
2009-11-12 08:00:00,1.7417,0.12200000000000001,240.00983333333335,7.2,0.0,0.7166666666666667,18.733333333333334
2009-11-12 09:00:00,1.3343333333333334,0.051333333333333335,239.0465,5.489999999999999,0.0,0.0,18.15
2009-11-12 10:00:00,1.4088,0.07036666666666666,241.03483333333332,5.786666666666666,0.0,0.1,19.283333333333335
2009-11-12 11:00:00,1.2576666666666665,0.09706666666666666,242.78549999999998,5.153333333333333,0.0,0.6166666666666667,16.316666666666666
2009-11-12 12:00:00,0.2928,0.06163333333333333,242.42783333333333,1.2233333333333332,0.0,0.0,0.6666666666666666
2009-11-12 13:00:00,0.3947,0.1482,243.2115,1.73,0.0,0.7166666666666667,1.4666666666666666
2009-11-12 14:00:00,0.3085333333333333,0.08223333333333334,245.05916666666664,1.2933333333333332,0.0,0.0,0.6666666666666666
2009-11-12 15:00:00,0.33916666666666667,0.07323333333333333,246.138,1.4,0.0,0.016666666666666666,1.45
2009-11-12 16:00:00,0.40206666666666663,0.12716666666666668,245.0546666666667,1.7266666666666666,0.0,0.7166666666666667,0.6666666666666666
2009-11-12 17:00:00,0.6403333333333333,0.055266666666666665,241.04983333333334,2.63,0.0,0.0,0.65
2009-11-12 18:00:00,0.8831333333333333,0.14626666666666666,241.01899999999998,3.7366666666666664,0.0,0.6333333333333333,1.8833333333333333
2009-11-12 19:00:00,3.582133333333333,0.2669666666666667,236.2745,15.243333333333334,10.433333333333334,0.18333333333333332,15.916666666666666
2009-11-12 20:00:00,2.298,0.0827,232.36666666666667,9.926666666666668,14.316666666666666,0.0,1.5333333333333334
2009-11-12 21:00:00,2.2312333333333334,0.12196666666666668,235.693,9.42,0.016666666666666666,0.7,11.683333333333334
2009-11-12 22:00:00,0.9056,0.11903333333333334,241.29149999999998,3.8,0.0,0.0,4.833333333333333
2009-11-12 23:00:00,0.3794333333333333,0.17336666666666664,244.60916666666665,1.65,0.0,0.5666666666666667,0.6666666666666666
2009-11-13 00:00:00,0.31626666666666664,0.10579999999999999,244.21633333333332,1.38,0.0,0.16666666666666666,0.6666666666666666
2009-11-13 01:00:00,0.34440000000000004,0.07726666666666666,242.51833333333335,1.47,0.0,0.0,1.4666666666666666
2009-11-13 02:00:00,0.34199999999999997,0.1305,243.25900000000001,1.4833333333333334,0.0,0.7166666666666667,0.65
2009-11-13 03:00:00,0.3428333333333333,0.091,242.29983333333334,1.4733333333333334,0.0,0.0,1.5166666666666666
2009-11-13 04:00:00,0.32436666666666664,0.11143333333333333,240.46633333333332,1.4033333333333333,0.0,0.6166666666666667,0.65
2009-11-13 05:00:00,0.6333666666666667,0.09693333333333333,241.263,2.7,0.0,0.11666666666666667,6.383333333333334
2009-11-13 06:00:00,1.0501,0.05566666666666666,243.27183333333332,4.36,0.0,0.0,7.016666666666667
2009-11-13 07:00:00,0.6691333333333334,0.15793333333333334,240.41049999999998,2.8766666666666665,0.0,0.7166666666666667,0.7333333333333333
2009-11-13 08:00:00,1.5977666666666666,0.14293333333333333,237.65483333333336,6.739999999999999,0.0,0.0,11.033333333333333
2009-11-13 09:00:00,1.8228333333333333,0.11966666666666666,238.76666666666668,7.6,0.0,0.65,18.966666666666665
2009-11-13 10:00:00,1.3975,0.06956666666666668,240.44366666666667,5.72,0.0,0.06666666666666667,19.2
2009-11-13 11:00:00,1.3633666666666666,0.0542,241.5883333333333,5.593333333333334,0.0,0.05,18.516666666666666
2009-11-13 12:00:00,0.8963666666666668,0.20073333333333335,241.85183333333333,3.8466666666666667,0.0,0.7,7.883333333333334
2009-11-13 13:00:00,0.5826333333333333,0.0766,242.37233333333333,2.4833333333333334,0.0,0.0,0.6666666666666666
2009-11-13 14:00:00,1.3523999999999998,0.1819,242.60350000000003,5.596666666666667,0.0,0.75,11.6
2009-11-13 15:00:00,1.0215333333333334,0.066,242.8405,4.166666666666667,0.0,0.0,10.616666666666667
2009-11-13 16:00:00,1.1523,0.08766666666666666,241.94366666666667,4.83,0.0,0.16666666666666666,12.466666666666667
2009-11-13 17:00:00,0.5845,0.10496666666666667,240.55716666666666,2.43,0.0,0.5666666666666667,0.65
2009-11-13 18:00:00,1.2778,0.060866666666666666,240.63716666666667,5.28,0.0,0.0,1.5333333333333334
2009-11-13 19:00:00,2.477333333333333,0.21253333333333335,237.76733333333334,10.476666666666667,13.483333333333333,0.75,0.7833333333333333
2009-11-13 20:00:00,2.8505333333333334,0.1497,238.32416666666668,11.969999999999999,7.933333333333334,0.0,17.116666666666667
2009-11-13 21:00:00,1.4041333333333335,0.09580000000000001,239.393,5.836666666666667,1.2,0.35,0.65
2009-11-13 22:00:00,1.4589,0.10946666666666666,241.613,6.069999999999999,8.316666666666666,0.4,1.5333333333333334
2009-11-13 23:00:00,0.28640000000000004,0.0564,243.59466666666668,1.1666666666666667,0.0,0.0,0.6666666666666666
2009-11-14 00:00:00,0.3792,0.11969999999999999,240.53316666666666,1.6233333333333335,0.0,0.7666666666666667,1.5333333333333334
2009-11-14 01:00:00,0.36513333333333337,0.07486666666666666,241.36516666666665,1.53,0.0,0.0,0.6666666666666666
2009-11-14 02:00:00,0.40036666666666665,0.13686666666666666,242.78383333333335,1.76,0.0,0.4666666666666667,1.4833333333333334
2009-11-14 03:00:00,0.8948,0.08533333333333333,242.407,3.69,0.0,0.2833333333333333,10.25
2009-11-14 04:00:00,0.33393333333333336,0.061566666666666665,242.707,1.37,0.0,0.0,1.3
2009-11-14 05:00:00,0.3514333333333333,0.1201,242.32999999999998,1.5366666666666666,0.0,0.75,0.9333333333333333
2009-11-14 06:00:00,0.6065666666666666,0.06766666666666667,241.12516666666667,2.52,0.0,0.0,4.75
2009-11-14 07:00:00,2.2365666666666666,0.13516666666666666,238.80183333333335,9.393333333333334,0.0,0.5666666666666667,18.983333333333334
2009-11-14 08:00:00,1.8034999999999999,0.10366666666666666,237.46266666666668,7.573333333333333,0.0,0.18333333333333332,18.8
2009-11-14 09:00:00,1.4182,0.06256666666666667,240.58383333333333,5.843333333333334,0.0,0.0,18.366666666666667
2009-11-14 10:00:00,1.7195666666666667,0.43246666666666667,238.98033333333333,7.576666666666667,8.733333333333333,0.7333333333333333,8.4
2009-11-14 11:00:00,0.7382000000000001,0.09336666666666667,239.86416666666668,3.046666666666667,0.0,0.0,6.65
2009-11-14 12:00:00,1.8952333333333333,0.2381,236.786,8.066666666666666,5.883333333333334,0.6833333333333333,15.933333333333334
2009-11-14 13:00:00,1.8928666666666667,0.3188333333333333,239.14533333333333,7.963333333333334,0.0,0.06666666666666667,19.05
2009-11-14 14:00:00,2.0521666666666665,0.1793,240.085,8.553333333333335,7.616666666666666,0.08333333333333333,18.3
2009-11-14 15:00:00,2.2294666666666667,0.18416666666666667,241.1315,9.233333333333333,6.066666666666666,0.6666666666666666,19.316666666666666
2009-11-14 16:00:00,1.7295333333333334,0.09779999999999998,240.92316666666665,7.12,2.8833333333333333,0.0,18.433333333333334
2009-11-14 17:00:00,2.9864333333333333,0.16643333333333335,238.45499999999998,12.553333333333335,9.483333333333333,1.8166666666666667,18.966666666666665
2009-11-14 18:00:00,3.2546666666666666,0.2794,239.94966666666667,13.586666666666668,0.016666666666666666,5.7,19.15
2009-11-14 19:00:00,3.9746,0.38223333333333337,240.34833333333333,16.643333333333334,0.0,24.55,19.033333333333335
2009-11-14 20:00:00,3.1227,0.2533666666666667,240.322,13.020000000000001,11.25,1.0666666666666667,18.566666666666666
2009-11-14 21:00:00,3.0324999999999998,0.22156666666666666,238.835,12.766666666666667,6.533333333333333,0.5666666666666667,18.133333333333333
2009-11-14 22:00:00,2.940733333333333,0.20279999999999998,240.175,12.293333333333333,11.016666666666667,1.0666666666666667,19.15
2009-11-14 23:00:00,2.3159,0.08013333333333333,240.2375,9.620000000000001,0.0,0.16666666666666666,18.316666666666666
2009-11-15 00:00:00,2.1714333333333333,0.16596666666666668,239.38566666666665,9.06,0.0,0.9833333333333333,15.416666666666666
2009-11-15 01:00:00,1.4017000000000002,0.09613333333333333,241.015,5.803333333333333,4.15,0.16666666666666666,0.65
2009-11-15 02:00:00,1.3710666666666667,0.12813333333333332,243.42416666666668,5.633333333333334,4.1,0.6833333333333333,13.933333333333334
2009-11-15 03:00:00,0.8855333333333333,0.1022,243.43316666666666,3.67,8.266666666666667,0.31666666666666665,2.0
2009-11-15 04:00:00,0.35123333333333334,0.09523333333333332,241.85683333333333,1.4766666666666666,0.0,0.05,1.5166666666666666
2009-11-15 05:00:00,0.3468,0.15103333333333332,242.31833333333333,1.5133333333333332,0.0,0.7333333333333333,0.65
2009-11-15 06:00:00,0.33060000000000006,0.06813333333333334,241.15,1.3433333333333333,0.0,0.0,1.4833333333333334
2009-11-15 07:00:00,0.3239,0.11686666666666666,240.43716666666666,1.4166666666666667,0.0,0.75,0.65
2009-11-15 08:00:00,0.7837333333333334,0.0824,241.43933333333334,3.3266666666666667,0.0,0.0,5.816666666666666
2009-11-15 09:00:00,1.1741333333333333,0.11613333333333334,239.82433333333333,4.9,0.0,0.43333333333333335,14.066666666666666
2009-11-15 10:00:00,1.3366,0.12106666666666667,242.11316666666667,5.496666666666667,0.0,0.3333333333333333,17.633333333333333
2009-11-15 11:00:00,0.9751333333333334,0.05333333333333334,239.16466666666665,4.04,0.0,0.0,11.35
2009-11-15 12:00:00,0.5290333333333334,0.12453333333333334,239.8455,2.2333333333333334,0.0,0.75,3.85
2009-11-15 13:00:00,0.3426,0.07933333333333333,241.7455,1.4333333333333333,0.0,0.0,1.5333333333333334
2009-11-15 14:00:00,0.3237333333333333,0.11146666666666666,243.781,1.34,0.0,0.6666666666666666,0.6666666666666666
2009-11-15 15:00:00,0.35080000000000006,0.09256666666666667,244.248,1.4633333333333334,0.0,0.08333333333333333,1.5
2009-11-15 16:00:00,1.8141,0.2907666666666667,239.468,7.723333333333333,0.0,7.616666666666666,5.2
2009-11-15 17:00:00,4.2462333333333335,0.4514333333333333,232.07616666666667,18.470000000000002,0.0,19.233333333333334,17.133333333333333
2009-11-15 18:00:00,4.393166666666667,0.3327666666666667,233.1765,18.976666666666667,0.0,27.883333333333333,11.933333333333334
2009-11-15 19:00:00,2.821966666666667,0.23373333333333335,236.7055,11.996666666666666,0.0,11.366666666666667,6.85
2009-11-15 20:00:00,2.0405,0.08236666666666667,237.9605,8.566666666666666,0.0,0.5833333333333334,9.566666666666666
2009-11-15 21:00:00,2.4501,0.14726666666666668,238.70183333333335,10.246666666666666,0.0,0.8666666666666667,11.85
2009-11-15 22:00:00,1.5923,0.13983333333333334,241.16116666666667,6.696666666666667,0.0,13.3,0.65
2009-11-15 23:00:00,0.43206666666666665,0.13643333333333332,243.37733333333333,1.8566666666666665,0.0,1.1666666666666667,1.5333333333333334
2009-11-16 00:00:00,0.35419999999999996,0.1317,244.06833333333333,1.5166666666666666,0.0,1.0666666666666667,0.6666666666666666
2009-11-16 01:00:00,0.35690000000000005,0.09183333333333334,244.16466666666665,1.48,0.0,0.15,1.5666666666666667
2009-11-16 02:00:00,0.34523333333333334,0.1406,246.353,1.4933333333333332,0.0,1.0333333333333334,0.6666666666666666
2009-11-16 03:00:00,0.3621,0.10163333333333333,245.96633333333332,1.52,0.0,0.15,1.5333333333333334
2009-11-16 04:00:00,0.8125,0.12846666666666667,243.17999999999998,3.4066666666666667,0.0,0.8333333333333334,8.483333333333333
2009-11-16 05:00:00,0.3484,0.08343333333333333,243.39166666666668,1.45,0.0,0.3333333333333333,1.55
2009-11-16 06:00:00,0.8071,0.07413333333333334,243.3156666666667,3.3666666666666667,0.0,0.13333333333333333,4.3
2009-11-16 07:00:00,2.378833333333333,0.18109999999999998,238.85016666666667,9.956666666666667,0.18333333333333332,0.7,18.9
2009-11-16 08:00:00,2.4007,0.07786666666666667,236.9743333333333,10.129999999999999,8.533333333333333,0.0,18.75
2009-11-16 09:00:00,1.9556,0.15713333333333335,237.92300000000003,8.203333333333333,8.683333333333334,0.7833333333333333,18.866666666666667
2009-11-16 10:00:00,1.3543999999999998,0.0563,241.20383333333334,5.53,0.0,0.0,18.466666666666665
2009-11-16 11:00:00,1.0613,0.09196666666666667,242.9595,4.34,0.0,0.2833333333333333,13.416666666666666
2009-11-16 12:00:00,0.3225,0.12873333333333334,243.92849999999999,1.38,0.0,0.5,0.6666666666666666
2009-11-16 13:00:00,0.34159999999999996,0.08653333333333334,244.16583333333335,1.4133333333333333,0.0,0.0,1.5333333333333334
2009-11-16 14:00:00,0.3426666666666666,0.15163333333333334,247.20833333333334,1.4366666666666668,0.0,0.7833333333333333,0.6833333333333333
2009-11-16 15:00:00,0.3516,0.1007,246.04833333333332,1.46,0.0,0.0,1.5666666666666667
2009-11-16 16:00:00,0.30913333333333337,0.10013333333333334,243.98866666666666,1.2733333333333334,0.0,0.43333333333333335,0.6666666666666666
2009-11-16 17:00:00,0.3435333333333333,0.1002,240.07966666666667,1.4400000000000002,0.0,0.35,1.5166666666666666
2009-11-16 18:00:00,1.0245666666666666,0.07736666666666667,238.60183333333333,4.26,0.0,0.0,2.1333333333333333
2009-11-16 19:00:00,2.5963333333333334,0.24886666666666668,237.55283333333333,10.933333333333334,0.0,0.7833333333333333,18.883333333333333
2009-11-16 20:00:00,2.2431666666666668,0.05513333333333333,237.33133333333333,9.453333333333335,7.633333333333334,0.0,6.283333333333333
2009-11-16 21:00:00,2.193566666666667,0.11833333333333333,235.78633333333335,9.306666666666667,8.65,0.5166666666666667,1.5
2009-11-16 22:00:00,1.8665333333333334,0.05923333333333333,239.7195,7.733333333333333,0.0,0.25,5.416666666666667
2009-11-16 23:00:00,0.7686666666666666,0.07686666666666667,242.47533333333334,3.1933333333333334,0.0,0.0,7.883333333333334
2009-11-17 00:00:00,0.3982,0.14853333333333332,244.55066666666667,1.7066666666666668,0.0,0.7666666666666667,0.6666666666666666
2009-11-17 01:00:00,0.35823333333333335,0.0846,244.7565,1.51,0.0,0.0,1.5333333333333334
2009-11-17 02:00:00,0.33876666666666666,0.1379,244.8915,1.4733333333333334,0.0,0.6833333333333333,0.6666666666666666
2009-11-17 03:00:00,0.3505333333333333,0.10406666666666667,244.24283333333332,1.45,0.0,0.08333333333333333,1.4666666666666666
2009-11-17 04:00:00,0.2926,0.0743,242.78216666666668,1.18,0.0,0.11666666666666667,0.6666666666666666
2009-11-17 05:00:00,0.3624,0.12213333333333334,241.66516666666666,1.5533333333333335,0.0,0.65,1.5
2009-11-17 06:00:00,0.6976666666666667,0.07213333333333334,241.89233333333334,2.92,0.0,0.0,2.95
2009-11-17 07:00:00,2.208266666666667,0.15496666666666667,239.897,9.18,0.0,0.7666666666666667,19.116666666666667
2009-11-17 08:00:00,2.5123,0.1326,237.23616666666666,10.576666666666666,0.0,0.0,18.8
2009-11-17 09:00:00,1.4936,0.12926666666666667,242.6398333333333,6.163333333333333,0.0,0.23333333333333334,19.516666666666666
2009-11-17 10:00:00,1.7267666666666666,0.13006666666666666,242.37883333333332,7.166666666666667,0.0,0.5333333333333333,18.633333333333333
2009-11-17 11:00:00,1.4122333333333332,0.06393333333333333,242.217,5.8,0.0,0.0,19.433333333333334
2009-11-17 12:00:00,1.5080333333333333,0.2032,243.07916666666668,6.203333333333333,0.0,0.75,18.75
2009-11-17 13:00:00,1.5777999999999999,0.20503333333333332,244.346,6.46,0.0,0.0,19.8
2009-11-17 14:00:00,0.9114000000000001,0.10843333333333334,246.11,3.71,0.0,0.38333333333333336,6.466666666666667
2009-11-17 15:00:00,0.9470333333333334,0.11309999999999999,245.30033333333333,3.856666666666667,0.0,0.36666666666666664,1.5166666666666666
2009-11-17 16:00:00,1.0004333333333333,0.0705,244.37383333333335,4.069999999999999,0.0,0.0,0.6666666666666666
2009-11-17 17:00:00,1.0938333333333332,0.13516666666666666,242.01716666666667,4.493333333333334,0.0,0.7333333333333333,1.5
2009-11-17 18:00:00,1.0051333333333334,0.0754,241.2225,4.123333333333333,0.0,0.0,0.6666666666666666
2009-11-17 19:00:00,1.6555333333333333,0.18756666666666666,240.5256666666667,6.933333333333334,0.0,0.55,0.65
2009-11-17 20:00:00,2.2409000000000003,0.08606666666666667,239.2625,9.35,0.0,0.18333333333333332,15.25
2009-11-17 21:00:00,2.5727333333333333,0.05213333333333334,240.207,10.653333333333334,0.0,0.0,18.316666666666666
2009-11-17 22:00:00,1.3575666666666666,0.1418,243.25283333333334,5.573333333333333,0.0,0.75,4.4
2009-11-17 23:00:00,0.4496,0.060899999999999996,245.00733333333335,1.8166666666666667,0.0,0.0,0.6666666666666666
2009-11-18 00:00:00,0.38683333333333336,0.1413,242.2815,1.6766666666666665,0.0,0.7,1.4666666666666666
2009-11-18 01:00:00,0.2811,0.057300000000000004,241.42316666666665,1.1466666666666667,0.0,0.03333333333333333,0.65
2009-11-18 02:00:00,0.31643333333333334,0.06343333333333333,243.342,1.28,0.0,0.11666666666666667,1.2666666666666666
2009-11-18 03:00:00,0.3502,0.137,243.15116666666665,1.52,0.0,0.6166666666666667,0.8833333333333333
2009-11-18 04:00:00,0.2767666666666667,0.04786666666666666,242.65533333333332,1.1166666666666667,0.0,0.0,0.65
2009-11-18 05:00:00,1.0010666666666668,0.1158,241.55716666666666,4.13,0.0,0.7333333333333333,12.066666666666666
2009-11-18 06:00:00,0.8822,0.0618,241.63400000000001,3.74,0.0,0.0,4.566666666666666
2009-11-18 07:00:00,2.2921,0.10426666666666667,240.16466666666665,9.513333333333332,0.0,0.26666666666666666,19.166666666666668
2009-11-18 08:00:00,1.8999,0.10316666666666666,240.47866666666667,7.876666666666667,0.03333333333333333,0.43333333333333335,19.15
2009-11-18 09:00:00,2.2239333333333335,0.058866666666666664,240.43400000000003,9.226666666666667,8.716666666666667,5.65,18.35
2009-11-18 10:00:00,2.2546666666666666,0.14226666666666665,239.08633333333333,9.66,9.516666666666667,17.35,5.55
2009-11-18 11:00:00,2.6479666666666666,0.1925,240.70333333333335,11.286666666666667,25.216666666666665,13.5,0.65
2009-11-18 12:00:00,2.6597666666666666,0.3600333333333333,243.58233333333334,11.283333333333333,21.666666666666668,1.2666666666666666,11.716666666666667
2009-11-18 13:00:00,1.8244,0.19123333333333334,243.5315,7.553333333333333,2.35,0.15,19.633333333333333
2009-11-18 14:00:00,1.9135333333333333,0.21539999999999998,244.81300000000002,7.823333333333334,6.466666666666667,0.8333333333333334,19.016666666666666
2009-11-18 15:00:00,2.2932,0.09973333333333333,243.10083333333333,9.493333333333334,5.25,6.383333333333334,19.6
2009-11-18 16:00:00,3.417666666666667,0.1542,239.19016666666667,14.44,3.8666666666666667,23.1,18.166666666666668
2009-11-18 17:00:00,3.6589,0.09263333333333333,237.59949999999998,15.426666666666668,0.0,20.25,18.8
2009-11-18 18:00:00,2.7433,0.15523333333333333,240.18033333333332,11.51,0.0,13.483333333333333,5.866666666666666
2009-11-18 19:00:00,3.1099,0.2989,240.661,13.046666666666665,0.0,13.0,4.2
2009-11-18 20:00:00,3.334366666666667,0.21346666666666667,238.78783333333334,13.996666666666666,0.0,8.183333333333334,18.1
2009-11-18 21:00:00,2.3187333333333333,0.1343,238.5115,9.756666666666666,7.45,0.5666666666666667,7.033333333333333
2009-11-18 22:00:00,0.9717666666666667,0.16426666666666667,240.7625,4.053333333333333,1.1666666666666667,0.8166666666666667,0.65
2009-11-18 23:00:00,0.9275333333333333,0.09303333333333333,243.48816666666667,3.9033333333333333,8.5,0.15,2.5833333333333335
2009-11-19 00:00:00,0.8943666666666666,0.1363,244.88516666666666,3.6666666666666665,0.0,0.8333333333333334,9.766666666666667
2009-11-19 01:00:00,0.37070000000000003,0.11223333333333334,244.82433333333333,1.5633333333333332,0.0,0.15,1.5
2009-11-19 02:00:00,0.3454,0.13473333333333332,246.16416666666666,1.4733333333333334,0.0,0.8166666666666667,0.6833333333333333
2009-11-19 03:00:00,0.33476666666666666,0.07529999999999999,245.924,1.3566666666666667,0.0,0.11666666666666667,1.45
2009-11-19 04:00:00,0.3268333333333333,0.1212,244.80433333333335,1.3733333333333335,0.0,0.6166666666666667,0.6666666666666666
2009-11-19 05:00:00,0.31083333333333335,0.0846,244.52033333333333,1.2733333333333334,0.0,0.0,0.85
2009-11-19 06:00:00,0.47596666666666665,0.12403333333333334,242.624,1.9566666666666668,0.0,0.6333333333333333,1.2666666666666666
2009-11-19 07:00:00,1.2718999999999998,0.07036666666666667,241.35433333333333,5.236666666666666,0.0,0.0,11.916666666666666
2009-11-19 08:00:00,2.6501,0.14126666666666668,239.98383333333334,11.076666666666666,0.0,0.6,18.283333333333335
2009-11-19 09:00:00,1.7595333333333334,0.1463,242.77433333333335,7.236666666666666,0.0,0.0,19.533333333333335
2009-11-19 10:00:00,1.4615333333333331,0.09683333333333333,242.5265,5.996666666666667,0.0,0.48333333333333334,19.5
2009-11-19 11:00:00,1.4415666666666667,0.099,241.66666666666666,5.916666666666667,0.0,0.13333333333333333,19.35
2009-11-19 12:00:00,1.4261000000000001,0.09313333333333333,241.832,5.876666666666667,0.0,0.2833333333333333,18.566666666666666
2009-11-19 13:00:00,1.4064333333333332,0.07763333333333335,241.91466666666665,5.77,0.0,0.3333333333333333,18.583333333333332
2009-11-19 14:00:00,1.3472,0.094,244.22616666666667,5.54,0.0,0.05,16.8
2009-11-19 15:00:00,0.4064,0.1033,244.89683333333332,1.7966666666666666,0.0,0.5833333333333334,0.6666666666666666
2009-11-19 16:00:00,0.3747,0.0654,245.52433333333332,1.6400000000000001,0.0,0.0,1.5
2009-11-19 17:00:00,0.6636000000000001,0.11573333333333333,243.39233333333334,2.79,0.0,0.6166666666666667,0.6666666666666666
2009-11-19 18:00:00,1.108,0.07443333333333334,241.12266666666667,4.586666666666667,0.0,0.0,1.4666666666666666
2009-11-19 19:00:00,1.1138000000000001,0.10873333333333333,239.58333333333334,4.65,0.0,0.6166666666666667,0.65
2009-11-19 20:00:00,1.5465000000000002,0.11046666666666667,241.10150000000002,6.463333333333334,0.0,0.0,8.1
2009-11-19 21:00:00,1.5255333333333332,0.09319999999999999,239.41783333333333,6.386666666666667,0.0,0.6166666666666667,8.366666666666667
2009-11-19 22:00:00,1.2805,0.08676666666666667,241.64649999999997,5.3,0.0,0.0,1.0666666666666667
2009-11-19 23:00:00,0.7385333333333333,0.11926666666666666,244.6915,3.1,0.0,0.5333333333333333,1.0666666666666667
2009-11-20 00:00:00,0.3626333333333333,0.07423333333333333,242.55383333333333,1.6066666666666667,0.0,0.08333333333333333,1.4666666666666666
2009-11-20 01:00:00,0.8694000000000001,0.08729999999999999,243.62633333333332,3.61,0.0,0.31666666666666665,9.7
2009-11-20 02:00:00,0.5353666666666667,0.1,244.6925,2.32,0.0,0.3,4.1
2009-11-20 03:00:00,0.3497,0.06836666666666667,244.4705,1.5599999999999998,0.0,0.05,1.4833333333333334
2009-11-20 04:00:00,0.3332333333333333,0.09766666666666667,243.80483333333333,1.5133333333333332,0.0,0.5666666666666667,0.6666666666666666
2009-11-20 05:00:00,0.3534333333333333,0.0774,243.5055,1.5733333333333335,0.0,0.0,1.45
2009-11-20 06:00:00,0.4156333333333333,0.10416666666666667,244.85283333333334,1.85,0.0,0.6166666666666667,0.7333333333333333
2009-11-20 07:00:00,2.5563999999999996,0.13470000000000001,239.583,10.703333333333335,0.0,0.0,19.083333333333332
2009-11-20 08:00:00,2.3763666666666667,0.1216,238.24816666666666,9.916666666666666,0.0,0.6,18.866666666666667
2009-11-20 09:00:00,1.841,0.04816666666666667,239.828,7.613333333333333,0.0,0.0,18.266666666666666
2009-11-20 10:00:00,1.9557,0.11826666666666667,240.928,8.073333333333332,0.0,0.6166666666666667,19.233333333333334
2009-11-20 11:00:00,1.8759333333333332,0.07329999999999999,241.5635,7.693333333333333,0.0,0.0,18.516666666666666
2009-11-20 12:00:00,1.5165333333333335,0.0791,244.0615,6.1866666666666665,0.0,0.38333333333333336,18.883333333333333
2009-11-20 13:00:00,0.8790333333333333,0.13316666666666668,244.2195,3.6233333333333335,0.0,0.25,9.216666666666667
2009-11-20 14:00:00,0.5490666666666667,0.13016666666666665,245.7976666666667,2.29,0.0,0.1,1.3
2009-11-20 15:00:00,1.3880000000000001,0.1043,244.00083333333333,5.653333333333333,0.0,0.5166666666666667,18.683333333333334
2009-11-20 16:00:00,0.7115666666666667,0.07756666666666666,241.64283333333333,2.9166666666666665,0.0,0.0,0.65
2009-11-20 17:00:00,1.0401,0.1335,238.18633333333335,4.38,0.0,0.6,1.5166666666666666
2009-11-20 18:00:00,1.7321,0.0745,238.39816666666667,7.276666666666667,0.0,0.0,2.1166666666666667
2009-11-20 19:00:00,3.1591,0.2179,236.7835,13.296666666666665,0.0,0.6166666666666667,18.683333333333334
2009-11-20 20:00:00,3.4932,0.1112,237.47899999999998,14.71,14.05,0.0,12.9
2009-11-20 21:00:00,2.088166666666667,0.07916666666666666,237.457,8.756666666666666,0.0,0.6,7.7
2009-11-20 22:00:00,1.4324000000000001,0.06826666666666667,240.26899999999998,5.923333333333333,0.0,0.0,7.716666666666667
2009-11-20 23:00:00,0.8695333333333333,0.11976666666666666,242.0245,3.566666666666667,0.0,0.5666666666666667,0.6666666666666666
2009-11-21 00:00:00,0.5866666666666667,0.08143333333333333,242.90349999999998,2.3766666666666665,0.0,0.05,1.5166666666666666
2009-11-21 01:00:00,0.2989,0.0659,243.17716666666666,1.2033333333333334,0.0,0.35,0.6666666666666666
2009-11-21 02:00:00,0.36679999999999996,0.12313333333333333,245.32966666666667,1.5533333333333335,0.0,0.26666666666666666,1.45
2009-11-21 03:00:00,0.3016666666666667,0.07283333333333333,244.72683333333333,1.21,0.0,0.13333333333333333,0.6666666666666666
2009-11-21 04:00:00,0.3528333333333334,0.096,243.8325,1.4533333333333334,0.0,0.48333333333333334,1.5
2009-11-21 05:00:00,0.7383000000000001,0.0625,244.2976666666667,3.0133333333333336,0.0,0.0,8.083333333333334
2009-11-21 06:00:00,0.6958,0.12383333333333334,243.749,2.9233333333333333,0.0,0.6166666666666667,6.3
2009-11-21 07:00:00,2.5209333333333332,0.07666666666666666,239.57083333333333,10.513333333333332,0.0,0.0,18.35
2009-11-21 08:00:00,1.6216333333333333,0.15686666666666668,240.11116666666666,6.71,0.0,0.6333333333333333,19.216666666666665
2009-11-21 09:00:00,1.6383,0.09026666666666668,241.0665,6.733333333333333,0.0,0.0,19.35
2009-11-21 10:00:00,1.0794,0.10126666666666666,240.9523333333333,4.486666666666666,0.0,0.6166666666666667,12.216666666666667
2009-11-21 11:00:00,1.4144666666666665,0.09143333333333332,239.99633333333335,5.806666666666667,0.0,0.0,19.166666666666668
2009-11-21 12:00:00,1.4357333333333335,0.11433333333333333,240.20816666666667,5.926666666666666,0.0,0.6,19.15
2009-11-21 13:00:00,1.3432666666666668,0.058,240.3201666666667,5.503333333333333,0.0,0.016666666666666666,18.333333333333332
2009-11-21 14:00:00,0.44106666666666666,0.11173333333333332,241.76000000000002,1.8666666666666667,0.0,0.4,2.033333333333333
2009-11-21 15:00:00,1.0127,0.09596666666666667,241.42566666666664,4.216666666666667,0.0,4.116666666666666,0.65
2009-11-21 16:00:00,2.4074666666666666,0.31783333333333336,239.08466666666666,10.32,15.85,2.75,4.733333333333333
2009-11-21 17:00:00,4.768633333333333,0.3497,233.4365,20.5,28.883333333333333,0.3,16.266666666666666
2009-11-21 18:00:00,4.2393,0.3216333333333333,235.64883333333333,17.996666666666666,11.783333333333333,5.083333333333333,18.55
2009-11-21 19:00:00,3.265,0.14113333333333333,236.2545,13.813333333333333,1.1833333333333333,14.516666666666667,6.783333333333333
2009-11-21 20:00:00,3.5382333333333333,0.4358,238.38183333333333,15.036666666666667,24.216666666666665,0.55,1.5333333333333334
2009-11-21 21:00:00,2.2437666666666667,0.22306666666666666,238.06616666666665,9.46,0.5,0.8333333333333334,0.65
2009-11-21 22:00:00,3.3299000000000003,0.093,239.80766666666665,13.92,12.483333333333333,0.15,11.35
2009-11-21 23:00:00,1.9735,0.1174,240.79316666666668,8.203333333333333,0.0,0.8166666666666667,0.7
2009-11-22 00:00:00,2.7877333333333336,0.05556666666666667,240.41916666666665,11.606666666666666,12.75,0.05,18.116666666666667
2009-11-22 01:00:00,0.49543333333333334,0.15193333333333334,243.092,2.2133333333333334,0.0,0.6166666666666667,2.0833333333333335
2009-11-22 02:00:00,0.3485,0.0822,244.0165,1.5566666666666669,0.0,0.0,0.6666666666666666
2009-11-22 03:00:00,0.40523333333333333,0.15043333333333334,244.0258333333333,1.8633333333333333,0.0,0.6333333333333333,1.5833333333333333
2009-11-22 04:00:00,0.3242,0.08610000000000001,244.6275,1.46,0.0,0.0,0.6666666666666666
2009-11-22 05:00:00,0.39766666666666667,0.13313333333333333,245.7525,1.77,0.0,0.5833333333333334,1.5
2009-11-22 06:00:00,0.3284,0.0961,244.7435,1.5033333333333334,0.0,0.05,0.6666666666666666
2009-11-22 07:00:00,0.3922666666666667,0.11683333333333333,244.67716666666666,1.7533333333333334,0.0,0.36666666666666664,1.5166666666666666
2009-11-22 08:00:00,1.4338666666666666,0.11166666666666666,242.7485,5.923333333333333,0.0,0.26666666666666666,11.033333333333333
2009-11-22 09:00:00,0.4435,0.11973333333333333,240.84533333333331,1.9433333333333331,0.0,0.11666666666666667,0.65
2009-11-22 10:00:00,1.5537333333333334,0.10186666666666667,240.433,6.4766666666666675,0.0,0.5,18.65
2009-11-22 11:00:00,1.3513,0.07336666666666666,239.7351666666667,5.6466666666666665,0.0,0.0,16.35
2009-11-22 12:00:00,1.8894333333333333,0.18916666666666665,239.38783333333333,7.916666666666667,0.0,0.6,19.083333333333332
2009-11-22 13:00:00,2.0967,0.26043333333333335,241.2866666666667,8.766666666666667,6.15,0.0,14.366666666666667
2009-11-22 14:00:00,2.1654666666666667,0.24080000000000001,241.85649999999998,9.05,7.366666666666666,0.6166666666666667,19.4
2009-11-22 15:00:00,0.9634333333333333,0.32706666666666667,242.17733333333334,4.216666666666667,0.0,0.0,5.3
2009-11-22 16:00:00,1.4994666666666667,0.2889666666666667,239.2015,6.48,0.0,0.6333333333333333,8.216666666666667
2009-11-22 17:00:00,2.616,0.08246666666666667,237.04333333333335,10.963333333333333,0.0,0.0,18.8
2009-11-22 18:00:00,2.8694333333333333,0.08776666666666667,238.467,11.976666666666667,0.0,0.5166666666666667,18.05
2009-11-22 19:00:00,3.8189333333333333,0.2546333333333333,236.44683333333333,16.196666666666665,16.3,0.08333333333333333,18.65
2009-11-22 20:00:00,5.115166666666667,0.18066666666666667,235.15,21.743333333333332,37.1,0.3,17.566666666666666
2009-11-22 21:00:00,4.4590000000000005,0.2532,236.86366666666666,18.896666666666665,29.866666666666667,0.3,18.716666666666665
2009-11-22 22:00:00,1.7074333333333334,0.1359,241.97983333333335,7.0,3.3666666666666667,0.03333333333333333,18.583333333333332
2009-11-22 23:00:00,1.3873,0.13063333333333332,240.88816666666668,5.713333333333334,0.0,0.5833333333333334,18.066666666666666
2009-11-23 00:00:00,0.31500000000000006,0.09916666666666667,243.8491666666667,1.3233333333333335,0.0,0.0,0.6666666666666666
2009-11-23 01:00:00,0.3725,0.1317,244.58016666666666,1.5566666666666669,0.0,0.6166666666666667,1.4833333333333334
2009-11-23 02:00:00,0.3159,0.10283333333333333,246.05349999999999,1.3,0.0,0.0,0.6666666666666666
2009-11-23 03:00:00,0.3652666666666667,0.1223,244.64649999999997,1.5066666666666668,0.0,0.6166666666666667,1.4833333333333334
2009-11-23 04:00:00,0.2934333333333334,0.07203333333333334,242.98833333333332,1.1966666666666665,0.0,0.0,0.65
2009-11-23 05:00:00,0.3170333333333334,0.10316666666666667,243.77983333333336,1.2866666666666666,0.0,0.55,0.6666666666666666
2009-11-23 06:00:00,0.8080999999999999,0.07590000000000001,243.22966666666667,3.396666666666667,0.0,0.05,5.3
2009-11-23 07:00:00,2.5065999999999997,0.12816666666666668,238.506,10.493333333333334,0.0,0.2833333333333333,18.916666666666668
2009-11-23 08:00:00,1.5682666666666667,0.08156666666666666,240.17416666666668,6.4766666666666675,0.0,0.31666666666666665,18.316666666666666
2009-11-23 09:00:00,1.5721333333333334,0.09326666666666666,239.08350000000002,6.5233333333333325,0.0,0.0,18.966666666666665
2009-11-23 10:00:00,0.7110333333333333,0.08976666666666668,243.07316666666665,2.9166666666666665,0.0,0.6,4.433333333333334
2009-11-23 11:00:00,0.515,0.08563333333333333,244.51966666666667,2.0833333333333335,0.0,0.0,1.5166666666666666
2009-11-23 12:00:00,0.5028333333333334,0.12166666666666666,245.72466666666665,2.0933333333333333,0.0,0.6166666666666667,0.6666666666666666
2009-11-23 13:00:00,0.5067333333333334,0.06803333333333333,246.25816666666665,2.0166666666666666,0.0,0.0,1.45
2009-11-23 14:00:00,0.5176,0.13470000000000001,246.525,2.1133333333333333,0.0,0.6166666666666667,0.6833333333333333
2009-11-23 15:00:00,0.45353333333333334,0.04996666666666667,243.98566666666665,1.7933333333333334,0.0,0.0,0.6666666666666666
2009-11-23 16:00:00,0.5528,0.1435,243.84783333333334,2.3400000000000003,0.0,0.5166666666666667,1.4833333333333334
2009-11-23 17:00:00,0.4575666666666667,0.058366666666666664,242.786,1.8333333333333333,0.0,0.1,0.6666666666666666
2009-11-23 18:00:00,1.6818333333333333,0.08896666666666667,241.2055,6.953333333333333,0.0,0.23333333333333334,13.733333333333333
2009-11-23 19:00:00,1.8367333333333333,0.20570000000000002,240.874,7.743333333333334,0.0,0.36666666666666664,0.65
2009-11-23 20:00:00,2.4551666666666665,0.08739999999999999,238.30166666666668,10.246666666666666,0.0,0.0,12.983333333333333
2009-11-23 21:00:00,2.2386333333333335,0.14133333333333334,238.6585,9.383333333333333,0.0,0.6166666666666667,4.6
2009-11-23 22:00:00,2.264033333333333,0.05696666666666667,239.738,9.423333333333334,0.0,0.0,15.35
2009-11-23 23:00:00,1.3909666666666667,0.1302,243.4365,5.680000000000001,0.0,0.6,11.166666666666666
2009-11-24 00:00:00,0.4593333333333333,0.06786666666666667,242.57116666666667,1.8866666666666667,0.0,0.0,1.4666666666666666
2009-11-24 01:00:00,0.45703333333333335,0.11883333333333333,243.842,1.9200000000000002,0.0,0.6166666666666667,0.6666666666666666
2009-11-24 02:00:00,0.46476666666666666,0.08573333333333334,245.91616666666667,1.8900000000000001,0.0,0.0,1.5
2009-11-24 03:00:00,0.42116666666666663,0.08973333333333335,245.095,1.6966666666666665,0.0,0.5,0.6666666666666666
2009-11-24 04:00:00,0.43293333333333334,0.09706666666666666,244.67166666666665,1.7666666666666666,0.0,0.11666666666666667,0.6666666666666666
2009-11-24 05:00:00,0.4576333333333334,0.09743333333333333,244.071,1.9133333333333333,0.0,0.23333333333333334,1.4333333333333333
2009-11-24 06:00:00,0.9208999999999999,0.126,244.57266666666666,3.8433333333333333,0.0,0.38333333333333336,4.016666666666667
2009-11-24 07:00:00,3.147366666666666,0.1024,239.62283333333335,13.126666666666667,0.15,1.4333333333333333,19.083333333333332
2009-11-24 08:00:00,2.669633333333333,0.11396666666666667,237.49066666666667,11.253333333333334,8.583333333333334,7.816666666666666,18.85
2009-11-24 09:00:00,2.0847666666666664,0.11243333333333333,241.32066666666665,8.633333333333333,8.9,0.0,18.483333333333334
2009-11-24 10:00:00,1.6444333333333332,0.13790000000000002,240.55349999999999,6.866666666666666,0.0,0.6333333333333333,19.216666666666665
2009-11-24 11:00:00,0.8979333333333333,0.06893333333333333,242.20766666666668,3.8333333333333335,0.0,0.0,6.85
2009-11-24 12:00:00,1.4611666666666667,0.15016666666666667,240.29149999999998,6.15,0.0,0.6333333333333333,13.783333333333333
2009-11-24 13:00:00,0.7619666666666667,0.04596666666666667,244.08433333333332,3.08,0.0,0.0,0.8333333333333334
2009-11-24 14:00:00,0.7876666666666666,0.13949999999999999,244.353,3.2866666666666666,0.0,0.5833333333333334,1.5
2009-11-24 15:00:00,0.9574,0.04883333333333333,246.04916666666668,3.8433333333333333,0.0,0.05,0.6833333333333333
2009-11-24 16:00:00,0.9480000000000001,0.10383333333333332,243.90266666666668,3.896666666666667,0.0,0.35,1.5166666666666666
2009-11-24 17:00:00,0.9195,0.08293333333333333,238.77966666666669,3.83,0.0,0.2833333333333333,0.6333333333333333
2009-11-24 18:00:00,1.4019000000000001,0.046033333333333336,236.7705,5.86,0.0,0.08333333333333333,0.6333333333333333
2009-11-24 19:00:00,4.5056,0.27576666666666666,235.804,19.259999999999998,7.1,25.733333333333334,10.2
2009-11-24 20:00:00,3.2081666666666666,0.13933333333333334,239.63333333333333,13.479999999999999,1.4666666666666666,20.733333333333334,3.5166666666666666
2009-11-24 21:00:00,2.9806666666666666,0.12016666666666667,239.6843333333333,12.543333333333333,6.683333333333334,14.683333333333334,1.5166666666666666
2009-11-24 22:00:00,2.6169333333333333,0.0684,240.92383333333333,10.853333333333333,8.633333333333333,0.8833333333333333,14.683333333333334
2009-11-24 23:00:00,0.8740666666666667,0.12443333333333334,245.22533333333334,3.603333333333333,0.0,0.5666666666666667,9.033333333333333
2009-11-25 00:00:00,0.37553333333333333,0.0993,242.07666666666668,1.6066666666666667,0.0,0.31666666666666665,1.5333333333333334
2009-11-25 01:00:00,0.3495666666666667,0.12883333333333333,241.77316666666667,1.5433333333333332,0.0,0.6666666666666666,0.6666666666666666
2009-11-25 02:00:00,0.35419999999999996,0.06943333333333333,243.69116666666665,1.4733333333333334,0.0,0.2,1.5333333333333334
2009-11-25 03:00:00,0.34349999999999997,0.11813333333333334,242.80266666666665,1.4933333333333332,0.0,0.7833333333333333,0.65
2009-11-25 04:00:00,0.34936666666666666,0.07986666666666667,241.9368333333333,1.47,0.0,0.13333333333333333,1.3333333333333333
2009-11-25 05:00:00,0.3263333333333333,0.09876666666666667,241.16266666666667,1.4333333333333333,0.0,0.6333333333333333,0.8166666666666667
2009-11-25 06:00:00,0.8835333333333334,0.10553333333333333,242.62199999999999,3.7333333333333334,0.0,0.0,4.033333333333333
2009-11-25 07:00:00,2.6963333333333335,0.11206666666666668,238.68083333333334,11.243333333333334,0.0,0.6333333333333333,18.816666666666666
2009-11-25 08:00:00,1.6416,0.06770000000000001,240.29716666666667,6.746666666666667,0.0,0.0,19.166666666666668
2009-11-25 09:00:00,1.4335333333333333,0.11936666666666666,240.84949999999998,5.886666666666667,0.0,0.6166666666666667,18.566666666666666
2009-11-25 10:00:00,1.4807,0.12403333333333334,242.87683333333334,6.076666666666667,0.0,0.0,19.45
2009-11-25 11:00:00,2.0143,0.14966666666666667,239.657,8.423333333333334,0.0,9.066666666666666,19.133333333333333
2009-11-25 12:00:00,1.5745666666666667,0.07996666666666667,240.69766666666666,6.513333333333334,0.0,0.016666666666666666,18.383333333333333
2009-11-25 13:00:00,2.5788,0.14273333333333332,239.07916666666668,10.896666666666667,0.0,27.116666666666667,10.533333333333333
2009-11-25 14:00:00,1.0733666666666666,0.12853333333333333,245.66566666666668,4.553333333333333,0.0,11.733333333333333,0.6833333333333333
2009-11-25 15:00:00,0.5004666666666666,0.271,245.46,2.32,0.0,0.85,1.5
2009-11-25 16:00:00,2.1528666666666667,0.14743333333333333,241.464,9.076666666666666,0.0,19.15,0.6666666666666666
2009-11-25 17:00:00,2.333666666666667,0.13183333333333333,238.42016666666666,9.876666666666667,0.0,9.866666666666667,1.55
2009-11-25 18:00:00,2.1719,0.1411666666666667,238.47816666666668,9.103333333333333,0.0,0.7333333333333333,0.6333333333333333
2009-11-25 19:00:00,3.3257,0.21136666666666667,239.1855,13.979999999999999,12.416666666666666,0.5833333333333334,13.1
2009-11-25 20:00:00,2.2181,0.11146666666666666,238.631,9.26,0.0,0.4,11.283333333333333
2009-11-25 21:00:00,1.3723333333333334,0.082,236.407,5.776666666666667,0.0,0.43333333333333335,0.6333333333333333
2009-11-25 22:00:00,0.5583333333333333,0.12236666666666667,241.78716666666665,2.3433333333333333,0.0,0.5333333333333333,1.5166666666666666
2009-11-25 23:00:00,0.8935666666666667,0.08203333333333333,244.58883333333333,3.6566666666666667,0.0,0.25,10.416666666666666
2009-11-26 00:00:00,0.4594,0.1331,244.54833333333332,1.9200000000000002,0.0,0.6666666666666666,2.933333333333333
2009-11-26 01:00:00,0.301,0.08883333333333333,244.33566666666667,1.2133333333333334,0.0,0.0,0.6666666666666666
2009-11-26 02:00:00,0.3499333333333333,0.12723333333333334,246.8756666666667,1.49,0.0,0.6333333333333333,1.15
2009-11-26 03:00:00,0.30246666666666666,0.07093333333333333,243.88633333333334,1.2066666666666668,0.0,0.0,1.0166666666666666
2009-11-26 04:00:00,0.32733333333333337,0.12703333333333333,243.221,1.4033333333333333,0.0,0.6166666666666667,0.65
2009-11-26 05:00:00,0.31173333333333336,0.0554,243.32833333333335,1.2466666666666666,0.0,0.0,1.4166666666666667
2009-11-26 06:00:00,1.3072000000000001,0.15726666666666667,242.5045,5.5,0.0,0.65,7.733333333333333
2009-11-26 07:00:00,2.1965999999999997,0.10886666666666667,241.17333333333332,9.076666666666666,0.38333333333333336,0.0,19.3
2009-11-26 08:00:00,2.3350999999999997,0.12319999999999999,243.26433333333335,9.596666666666666,8.383333333333333,0.5333333333333333,19.633333333333333
2009-11-26 09:00:00,1.9349333333333334,0.0755,243.56616666666665,7.9399999999999995,8.516666666666667,0.06666666666666667,18.833333333333332
2009-11-26 10:00:00,1.4746666666666668,0.09093333333333334,243.7756666666667,6.003333333333333,0.0,0.26666666666666666,19.65
2009-11-26 11:00:00,1.4175666666666666,0.10506666666666667,241.20533333333333,5.819999999999999,0.0,0.3333333333333333,18.466666666666665
2009-11-26 12:00:00,1.3875,0.08349999999999999,242.07866666666666,5.683333333333334,0.0,0.0,17.85
2009-11-26 13:00:00,0.5638,0.07673333333333333,242.44500000000002,2.353333333333333,0.0,0.6166666666666667,1.4666666666666666
2009-11-26 14:00:00,0.5249,0.04206666666666667,245.02966666666669,2.1533333333333338,0.0,0.0,0.6666666666666666
2009-11-26 15:00:00,0.7294333333333333,0.12543333333333334,242.80416666666667,3.1333333333333333,0.0,0.6,0.6666666666666666
2009-11-26 16:00:00,0.5391666666666667,0.04803333333333334,244.051,2.2133333333333334,0.0,0.0,1.4833333333333334
2009-11-26 17:00:00,0.8290666666666666,0.0702,239.9445,3.46,0.0,0.6,0.65
2009-11-26 18:00:00,0.9071,0.056799999999999996,241.14333333333335,3.7233333333333336,0.0,0.0,1.4833333333333334
2009-11-26 19:00:00,1.0526333333333333,0.08023333333333334,240.72833333333335,4.386666666666667,0.0,0.45,0.65
2009-11-26 20:00:00,3.8141666666666665,0.29786666666666667,236.82966666666667,16.26,19.016666666666666,0.15,11.05
2009-11-26 21:00:00,1.8581,0.0514,239.1281666666667,7.766666666666667,1.4,0.15,18.216666666666665
2009-11-26 22:00:00,0.6484333333333333,0.09996666666666668,243.183,2.7066666666666666,0.0,0.45,0.6666666666666666
2009-11-26 23:00:00,1.0882,0.06343333333333333,244.393,4.413333333333333,0.0,0.0,1.5166666666666666
2009-11-27 00:00:00,0.34890000000000004,0.1283,242.15200000000002,1.5233333333333332,0.0,0.6,0.65
2009-11-27 01:00:00,0.3000666666666667,0.047799999999999995,241.863,1.2433333333333332,0.0,0.0,0.65
2009-11-27 02:00:00,0.36816666666666664,0.12796666666666667,243.49699999999999,1.57,0.0,0.6166666666666667,1.5166666666666666
2009-11-27 03:00:00,0.28040000000000004,0.05893333333333333,243.1855,1.1366666666666667,0.0,0.0,0.6666666666666666
2009-11-27 04:00:00,0.9719666666666666,0.08043333333333333,241.6461666666667,3.9466666666666663,0.0,0.5333333333333333,11.816666666666666
2009-11-27 05:00:00,0.3657333333333333,0.08453333333333334,242.061,1.52,0.0,0.06666666666666667,1.9666666666666666
2009-11-27 06:00:00,0.5166333333333334,0.09153333333333333,242.40983333333332,2.2,0.0,0.18333333333333332,0.65
2009-11-27 07:00:00,1.4025,0.11186666666666666,240.462,5.796666666666667,0.0,0.4,14.1
2009-11-27 08:00:00,1.4957666666666667,0.0644,241.07683333333335,6.1466666666666665,0.0,0.0,18.3
2009-11-27 09:00:00,1.7656999999999998,0.12383333333333332,240.58183333333332,7.296666666666667,0.0,0.6,19.233333333333334
2009-11-27 10:00:00,1.5259666666666667,0.08653333333333334,240.176,6.29,0.0,0.0,18.316666666666666
2009-11-27 11:00:00,1.6622999999999999,0.18393333333333334,240.61783333333332,6.903333333333333,0.0,0.6,19.2
2009-11-27 12:00:00,1.3761333333333332,0.06943333333333333,241.54466666666667,5.633333333333334,0.0,0.0,18.516666666666666
2009-11-27 13:00:00,1.4714333333333334,0.14023333333333332,241.42950000000002,6.09,0.0,0.48333333333333334,19.3
2009-11-27 14:00:00,1.3748666666666667,0.0484,243.90816666666666,5.569999999999999,0.0,0.13333333333333333,18.866666666666667
2009-11-27 15:00:00,0.3754,0.08396666666666668,246.86216666666667,1.5266666666666666,0.0,0.11666666666666667,1.9
2009-11-27 16:00:00,0.3565333333333333,0.11033333333333334,244.95200000000003,1.4766666666666666,0.0,0.48333333333333334,1.4333333333333333
2009-11-27 17:00:00,0.41973333333333335,0.04806666666666667,240.3775,1.72,0.0,0.0,0.65
2009-11-27 18:00:00,1.2376333333333334,0.11346666666666666,239.5405,5.1899999999999995,0.0,0.5833333333333334,0.65
2009-11-27 19:00:00,1.4511333333333334,0.06206666666666667,239.96066666666667,6.016666666666667,0.0,0.0,1.4666666666666666
2009-11-27 20:00:00,0.4096666666666666,0.11993333333333332,240.40416666666667,1.72,0.0,0.6,0.65
2009-11-27 21:00:00,1.3300333333333334,0.046233333333333335,239.71416666666667,5.52,0.0,0.0,3.066666666666667
2009-11-27 22:00:00,1.8703666666666665,0.10776666666666666,241.68266666666665,7.693333333333333,0.0,0.43333333333333335,19.083333333333332
2009-11-27 23:00:00,0.3234,0.07756666666666666,244.5065,1.3366666666666667,0.0,0.16666666666666666,0.6666666666666666
2009-11-28 00:00:00,0.27063333333333334,0.04916666666666667,245.05783333333332,1.0666666666666667,0.0,0.05,0.6666666666666666
2009-11-28 01:00:00,0.3635,0.12276666666666666,240.67999999999998,1.54,0.0,0.55,1.4833333333333334
2009-11-28 02:00:00,0.2823333333333334,0.0592,243.01000000000002,1.1466666666666667,0.0,0.0,0.65
2009-11-28 03:00:00,0.31593333333333334,0.10353333333333332,243.6663333333333,1.3133333333333332,0.0,0.6,0.6666666666666666
2009-11-28 04:00:00,0.33326666666666666,0.07416666666666667,244.11783333333332,1.3733333333333335,0.0,0.0,1.4833333333333334
2009-11-28 05:00:00,0.30043333333333333,0.08873333333333333,243.93699999999998,1.23,0.0,0.5833333333333334,0.6666666666666666
2009-11-28 06:00:00,0.5394333333333333,0.05896666666666666,243.07716666666664,2.21,0.0,0.0,4.333333333333333
2009-11-28 07:00:00,1.8682666666666667,0.0921,241.319,7.683333333333334,0.0,0.25,19.366666666666667
2009-11-28 08:00:00,1.6375333333333333,0.10176666666666666,240.89350000000002,6.786666666666666,0.0,0.3333333333333333,19.25
2009-11-28 09:00:00,1.5844666666666667,0.07506666666666667,239.16966666666667,6.55,0.0,0.0,18.166666666666668
2009-11-28 10:00:00,1.3653333333333333,0.09309999999999999,241.55200000000002,5.6466666666666665,0.0,0.6,10.7
2009-11-28 11:00:00,0.8057666666666667,0.10413333333333333,243.85083333333333,3.3366666666666664,0.0,0.0,1.4833333333333334
2009-11-28 12:00:00,0.8241666666666667,0.1857666666666667,241.20316666666668,3.5366666666666666,0.03333333333333333,0.6166666666666667,0.8
2009-11-28 13:00:00,2.0767333333333333,0.1359,241.72716666666665,8.593333333333334,8.866666666666667,0.0,19.416666666666668
2009-11-28 14:00:00,1.6452,0.4043333333333334,242.56816666666666,7.053333333333333,9.316666666666666,0.6166666666666667,6.85
2009-11-28 15:00:00,0.7463,0.4132,243.66916666666665,3.55,0.0,0.0,0.6666666666666666
2009-11-28 16:00:00,1.5148666666666666,0.3655333333333333,242.92999999999998,6.430000000000001,1.7166666666666666,0.26666666666666666,5.1
2009-11-28 17:00:00,3.2819999999999996,0.5132333333333333,238.05783333333332,14.063333333333333,18.166666666666668,0.3333333333333333,18.0
2009-11-28 18:00:00,2.8768000000000002,0.1971,237.85466666666667,12.103333333333333,6.283333333333333,0.0,18.783333333333335
2009-11-28 19:00:00,1.7276333333333334,0.13620000000000002,240.07049999999998,7.123333333333333,1.1666666666666667,0.6,19.183333333333334
2009-11-28 20:00:00,2.0457666666666667,0.08203333333333333,241.28,8.44,7.766666666666667,0.0,18.466666666666665
2009-11-28 21:00:00,1.5944,0.09813333333333334,237.917,6.65,0.0,0.6166666666666667,18.783333333333335
2009-11-28 22:00:00,1.5381333333333334,0.08216666666666667,238.917,6.366666666666666,0.0,0.0,18.166666666666668
2009-11-28 23:00:00,1.4436,0.11733333333333333,241.78900000000002,5.953333333333333,0.0,0.4166666666666667,16.033333333333335
2009-11-29 00:00:00,0.5786,0.07780000000000001,243.12849999999997,2.3433333333333333,0.0,0.18333333333333332,1.4666666666666666
2009-11-29 01:00:00,0.3332333333333333,0.07126666666666666,244.27283333333335,1.4133333333333333,0.0,0.0,0.6666666666666666
2009-11-29 02:00:00,0.332,0.11996666666666668,245.62033333333332,1.3666666666666667,0.0,0.6166666666666667,0.6666666666666666
2009-11-29 03:00:00,0.3247666666666667,0.0634,246.59716666666665,1.32,0.0,0.0,1.5166666666666666
2009-11-29 04:00:00,0.3348333333333333,0.1246,246.8765,1.3966666666666667,0.0,0.6166666666666667,0.6833333333333333
2009-11-29 05:00:00,0.2857,0.059866666666666665,246.513,1.1366666666666667,0.0,0.0,0.6666666666666666
2009-11-29 06:00:00,0.3533,0.10043333333333333,246.23466666666667,1.44,0.0,0.38333333333333336,1.45
2009-11-29 07:00:00,0.3149,0.09986666666666667,244.70066666666668,1.3333333333333333,0.0,0.23333333333333334,0.6666666666666666
2009-11-29 08:00:00,1.7794666666666668,0.059033333333333333,243.54799999999997,7.326666666666666,0.0,0.0,14.5
2009-11-29 09:00:00,0.8282666666666666,0.11493333333333333,239.443,3.48,0.0,1.05,5.9
2009-11-29 10:00:00,1.5219666666666667,0.18460000000000001,242.26116666666667,6.333333333333333,0.0,6.216666666666667,8.9
2009-11-29 11:00:00,3.4836,0.2637,241.053,14.583333333333334,0.0,25.266666666666666,19.283333333333335
2009-11-29 12:00:00,2.1143666666666667,0.25303333333333333,242.63833333333332,8.923333333333334,0.0,11.783333333333333,7.15
2009-11-29 13:00:00,0.8657333333333334,0.1577666666666667,244.68183333333334,3.7133333333333334,0.13333333333333333,1.05,3.3
2009-11-29 14:00:00,2.0199000000000003,0.18376666666666666,244.744,8.296666666666667,8.483333333333333,0.35,11.666666666666666
2009-11-29 15:00:00,1.3546,0.13876666666666668,244.90983333333332,5.59,9.266666666666667,0.3,0.6666666666666666
2009-11-29 16:00:00,0.9644666666666667,0.15823333333333334,245.06583333333336,4.053333333333333,0.0,0.6666666666666666,1.4833333333333334
2009-11-29 17:00:00,1.1197666666666666,0.0924,241.90266666666668,4.626666666666667,0.0,0.15,0.65
2009-11-29 18:00:00,1.6714666666666667,0.12179999999999999,239.95716666666667,6.986666666666666,0.0,0.8,0.65
2009-11-29 19:00:00,1.6773333333333333,0.19346666666666668,238.59183333333334,7.043333333333334,0.0,0.11666666666666667,1.4833333333333334
2009-11-29 20:00:00,2.0885666666666665,0.1564333333333333,238.78466666666665,8.74,0.0,0.6166666666666667,15.083333333333334
2009-11-29 21:00:00,1.6267,0.12686666666666666,240.9631666666667,6.713333333333334,0.0,0.0,18.416666666666668
2009-11-29 22:00:00,1.1403333333333334,0.125,242.12483333333333,4.723333333333333,0.0,0.3333333333333333,12.75
2009-11-29 23:00:00,0.4021666666666667,0.13726666666666668,244.79633333333334,1.7566666666666668,0.0,0.2833333333333333,0.8
2009-11-30 00:00:00,0.5240333333333334,0.078,245.109,2.1733333333333333,0.0,0.0,0.6666666666666666
2009-11-30 01:00:00,1.1702666666666666,0.16653333333333334,243.182,4.8933333333333335,0.0,0.6,13.166666666666666
2009-11-30 02:00:00,0.35856666666666664,0.07723333333333333,246.60466666666667,1.4933333333333334,0.0,0.0,0.6833333333333333
2009-11-30 03:00:00,0.3948,0.1371666666666667,247.00266666666667,1.7066666666666668,0.0,0.6,0.6666666666666666
2009-11-30 04:00:00,0.4132,0.10496666666666667,246.31283333333334,1.7566666666666668,0.0,0.0,1.45
2009-11-30 05:00:00,0.3614,0.08183333333333334,246.0476666666667,1.4966666666666666,0.0,0.31666666666666665,0.6833333333333333
2009-11-30 06:00:00,0.9826333333333334,0.12533333333333332,245.8085,4.153333333333333,0.0,0.3,4.166666666666667
2009-11-30 07:00:00,2.5390666666666664,0.0648,240.51233333333332,10.520000000000001,0.0,0.0,19.216666666666665
2009-11-30 08:00:00,1.5676999999999999,0.11713333333333333,239.93800000000002,6.513333333333334,0.0,0.5833333333333334,18.283333333333335
2009-11-30 09:00:00,1.3810666666666667,0.0631,239.9188333333333,5.76,0.0,0.0,18.133333333333333
2009-11-30 10:00:00,0.45399999999999996,0.13213333333333332,243.81116666666668,2.033333333333333,0.0,0.6,0.6666666666666666
2009-11-30 11:00:00,1.6917,0.06643333333333333,241.47,7.033333333333333,0.0,0.0,17.033333333333335
2009-11-30 12:00:00,1.4599333333333333,0.08499999999999999,244.03783333333334,5.913333333333333,0.0,0.11666666666666667,18.9
2009-11-30 13:00:00,1.5280999999999998,0.12200000000000001,245.06933333333333,6.180000000000001,0.0,0.5,19.85
2009-11-30 14:00:00,1.4988,0.09703333333333333,247.714,5.983333333333333,0.0,0.0,19.45
2009-11-30 15:00:00,1.5073,0.11203333333333335,247.9095,6.033333333333333,0.0,0.6,19.483333333333334
2009-11-30 16:00:00,0.5088333333333334,0.11796666666666668,247.40983333333332,2.13,0.0,0.0,3.033333333333333
2009-11-30 17:00:00,1.0791,0.10233333333333333,243.984,4.433333333333334,0.0,0.4166666666666667,0.6666666666666666
2009-11-30 18:00:00,1.3620333333333332,0.09453333333333333,243.346,5.5600000000000005,0.0,0.18333333333333332,0.6666666666666666
2009-11-30 19:00:00,1.8374666666666668,0.13536666666666666,241.87416666666667,7.61,0.0,0.0,1.5166666666666666
2009-11-30 20:00:00,2.5097666666666667,0.1813,239.50966666666667,10.526666666666667,8.1,0.6,12.05
2009-11-30 21:00:00,2.0763666666666665,0.05126666666666667,238.52349999999998,8.676666666666668,1.1666666666666667,0.0,8.133333333333333
2009-11-30 22:00:00,1.4624333333333333,0.16246666666666665,240.7435,6.156666666666666,8.733333333333333,0.6,0.65
2009-11-30 23:00:00,0.4179333333333333,0.0804,244.50433333333334,1.8,0.0,0.0,1.4333333333333333
2009-12-01 00:00:00,0.3891,0.10623333333333335,243.69183333333334,1.7333333333333334,0.0,0.21666666666666667,0.6666666666666666
2009-12-01 01:00:00,0.3625,0.08866666666666667,244.06133333333335,1.5799999999999998,0.0,0.36666666666666664,0.6666666666666666
2009-12-01 02:00:00,0.4018,0.09563333333333333,243.799,1.7066666666666668,0.0,0.0,1.4833333333333334
2009-12-01 03:00:00,0.3716666666666667,0.11076666666666667,244.547,1.6266666666666667,0.0,0.6,0.6833333333333333
2009-12-01 04:00:00,0.7459666666666667,0.09093333333333334,244.95649999999998,3.0900000000000003,0.0,0.0,7.0
2009-12-01 05:00:00,0.7373,0.10450000000000001,244.02599999999998,3.066666666666667,0.0,0.5333333333333333,6.783333333333333
2009-12-01 06:00:00,1.1363333333333334,0.1172,243.7468333333333,4.78,0.0,0.06666666666666667,6.466666666666667
2009-12-01 07:00:00,2.569366666666667,0.06493333333333333,241.26166666666668,10.63,0.0,0.0,18.483333333333334
2009-12-01 08:00:00,2.6847,0.13106666666666666,239.7795,11.19,0.0,0.5833333333333334,19.15
2009-12-01 09:00:00,1.8132,0.09383333333333334,239.5256666666667,7.58,0.0,0.0,18.216666666666665
2009-12-01 10:00:00,1.6674666666666667,0.1537,241.11983333333333,6.903333333333333,0.0,0.5833333333333334,19.266666666666666
2009-12-01 11:00:00,1.4839,0.052366666666666666,241.763,6.09,0.0,0.0,18.55
2009-12-01 12:00:00,1.449,0.09826666666666667,241.5155,5.98,0.0,0.31666666666666665,18.516666666666666
2009-12-01 13:00:00,0.8379,0.08843333333333334,242.09166666666667,3.496666666666667,0.0,0.26666666666666666,8.666666666666666
2009-12-01 14:00:00,0.6649999999999999,0.10026666666666667,246.27933333333334,2.73,0.0,0.0,1.4333333333333333
2009-12-01 15:00:00,0.5242,0.08763333333333333,245.84949999999998,2.1700000000000004,0.0,0.6,0.6666666666666666
2009-12-01 16:00:00,1.0464,0.07193333333333334,244.2228333333333,4.283333333333333,0.0,0.0,0.6833333333333333
2009-12-01 17:00:00,1.0614333333333332,0.11503333333333333,241.68466666666666,4.416666666666667,0.0,0.5833333333333334,1.4333333333333333
2009-12-01 18:00:00,1.4774666666666667,0.06366666666666666,240.63516666666666,6.1066666666666665,0.0,0.0,0.65
2009-12-01 19:00:00,2.0112666666666668,0.12366666666666666,240.72183333333334,8.423333333333334,0.0,0.06666666666666667,0.65
2009-12-01 20:00:00,2.2639333333333336,0.1373,241.6328333333333,9.356666666666666,0.0,0.5333333333333333,14.05
2009-12-01 21:00:00,2.399,0.0551,239.28216666666668,9.973333333333333,0.0,0.0,14.0
2009-12-01 22:00:00,0.7505333333333334,0.14196666666666669,243.81116666666668,3.1733333333333333,0.0,0.5833333333333334,0.6666666666666666
2009-12-01 23:00:00,0.4235333333333333,0.07146666666666666,243.19083333333336,1.7933333333333332,0.0,0.0,1.5166666666666666
2009-12-02 00:00:00,0.8150333333333334,0.09390000000000001,240.57250000000002,3.3333333333333335,0.0,0.4,0.65
2009-12-02 01:00:00,0.4834333333333333,0.06896666666666666,241.80533333333332,2.0366666666666666,0.0,0.18333333333333332,2.283333333333333
2009-12-02 02:00:00,0.8554999999999999,0.06713333333333334,244.038,3.4966666666666666,0.0,0.0,10.0
2009-12-02 03:00:00,0.3757,0.13466666666666666,244.56133333333335,1.66,0.0,0.6,1.55
2009-12-02 04:00:00,0.29856666666666665,0.07876666666666667,245.10150000000002,1.2466666666666666,0.0,0.0,0.6666666666666666
2009-12-02 05:00:00,0.3233666666666667,0.11563333333333332,244.86966666666666,1.4033333333333333,0.0,0.5833333333333334,0.6666666666666666
2009-12-02 06:00:00,0.8101333333333333,0.08993333333333334,243.07049999999998,3.4266666666666667,0.0,0.0,5.066666666666666
2009-12-02 07:00:00,2.3518666666666665,0.07946666666666666,238.73016666666666,9.843333333333334,0.0,0.05,18.116666666666667
2009-12-02 08:00:00,1.9200666666666668,0.09873333333333334,238.47983333333335,8.046666666666667,0.0,0.5166666666666667,18.866666666666667
2009-12-02 09:00:00,1.8360666666666667,0.0806,239.77783333333335,7.65,0.0,0.0,18.266666666666666
2009-12-02 10:00:00,1.4915333333333334,0.1298,240.06283333333334,6.293333333333333,0.0,0.5833333333333334,13.366666666666667
2009-12-02 11:00:00,2.1163666666666665,0.1043,242.20383333333334,8.756666666666666,0.0,4.033333333333333,19.483333333333334
2009-12-02 12:00:00,1.6853333333333333,0.17859999999999998,244.8535,6.91,0.0,1.45,19.85
2009-12-02 13:00:00,1.8153000000000001,0.0765,243.29283333333333,7.473333333333333,2.45,0.31666666666666665,18.8
2009-12-02 14:00:00,2.3415000000000004,0.07600000000000001,244.342,9.69,7.166666666666667,14.0,10.2
2009-12-02 15:00:00,2.5056000000000003,0.2554,244.33166666666665,10.553333333333335,9.433333333333334,24.116666666666667,2.0833333333333335
2009-12-02 16:00:00,2.0566666666666666,0.10036666666666667,242.983,8.46,0.0,4.15,10.416666666666666
2009-12-02 17:00:00,2.8365,0.17893333333333333,238.36516666666665,12.01,0.0,19.75,1.5333333333333334
2009-12-02 18:00:00,2.3857,0.10686666666666667,237.75283333333334,10.18,0.0,18.1,0.6333333333333333
2009-12-02 19:00:00,2.204533333333333,0.2439333333333333,237.9835,9.496666666666666,0.0,22.316666666666666,0.6333333333333333
2009-12-02 20:00:00,2.7126333333333337,0.09943333333333333,237.19099999999997,11.516666666666667,0.0,4.183333333333334,15.216666666666667
2009-12-02 21:00:00,2.283866666666667,0.11779999999999999,240.43516666666667,9.473333333333333,0.0,1.25,11.1
2009-12-02 22:00:00,1.8325333333333333,0.11036666666666667,241.82216666666667,7.566666666666666,0.0,0.15,14.066666666666666
2009-12-02 23:00:00,0.7566666666666666,0.15106666666666665,243.43733333333333,3.15,0.0,0.8,0.6666666666666666
2009-12-03 00:00:00,0.5908333333333334,0.09146666666666667,243.80433333333335,2.54,0.0,0.15,1.5166666666666666
2009-12-03 01:00:00,0.4047,0.0831,241.02916666666667,1.82,0.0,0.5666666666666667,0.65
2009-12-03 02:00:00,0.39726666666666666,0.10153333333333334,244.381,1.7633333333333332,0.0,0.38333333333333336,0.6666666666666666
2009-12-03 03:00:00,0.4010666666666667,0.07243333333333334,244.93116666666668,1.7233333333333334,0.0,0.11666666666666667,1.4833333333333334
2009-12-03 04:00:00,0.40173333333333333,0.136,244.44366666666667,1.77,0.0,0.5833333333333334,0.6833333333333333
2009-12-03 05:00:00,0.46323333333333333,0.059133333333333336,244.76049999999998,1.9366666666666668,0.0,0.0,2.533333333333333
2009-12-03 06:00:00,1.2421,0.16293333333333332,242.40183333333334,5.223333333333333,0.0,0.6166666666666667,8.75
2009-12-03 07:00:00,2.1574999999999998,0.044333333333333336,238.60416666666666,9.020000000000001,0.0,0.0,12.183333333333334
2009-12-03 08:00:00,2.4482666666666666,0.1501,240.59099999999998,10.186666666666667,8.4,0.6166666666666667,19.283333333333335
2009-12-03 09:00:00,1.9287666666666667,0.05273333333333333,240.4633333333333,8.01,8.916666666666666,0.0,18.35
2009-12-03 10:00:00,1.5027666666666666,0.10456666666666667,242.44166666666666,6.153333333333333,0.0,0.23333333333333334,19.483333333333334
2009-12-03 11:00:00,1.4468666666666665,0.08460000000000001,242.7086666666667,5.903333333333333,0.0,0.38333333333333336,18.683333333333334
2009-12-03 12:00:00,0.6219666666666667,0.1004,243.10266666666666,2.61,0.0,0.0,5.033333333333333
2009-12-03 13:00:00,0.38503333333333334,0.12176666666666666,243.65683333333334,1.68,0.0,0.6166666666666667,0.6666666666666666
2009-12-03 14:00:00,0.3538,0.07606666666666667,248.3135,1.4633333333333334,0.0,0.0,0.6833333333333333
2009-12-03 15:00:00,0.44606666666666667,0.16453333333333334,249.81683333333334,1.93,0.0,0.6333333333333333,1.4833333333333334
2009-12-03 16:00:00,0.3473,0.06826666666666667,246.8525,1.46,0.0,0.0,0.6833333333333333
2009-12-03 17:00:00,0.5681666666666667,0.09040000000000001,242.30433333333335,2.3633333333333337,0.0,0.25,0.6666666666666666
2009-12-03 18:00:00,0.9083,0.09683333333333333,241.8118333333333,3.7733333333333334,0.0,0.35,1.4833333333333334
2009-12-03 19:00:00,1.5867666666666667,0.15166666666666667,241.743,6.569999999999999,0.0,0.0,6.35
2009-12-03 20:00:00,2.3342666666666667,0.0856,242.43533333333332,9.616666666666667,0.0,0.6,14.816666666666666
2009-12-03 21:00:00,1.599,0.10603333333333334,240.57233333333335,6.663333333333333,0.0,0.0,6.75
2009-12-03 22:00:00,1.5802333333333332,0.12206666666666667,243.3725,6.4766666666666675,0.0,0.6,18.8
2009-12-03 23:00:00,0.5454666666666667,0.09380000000000001,244.27616666666665,2.3833333333333333,0.0,0.0,3.4166666666666665
2009-12-04 00:00:00,0.37899999999999995,0.07783333333333334,240.41466666666665,1.7566666666666668,0.0,0.23333333333333334,0.65
2009-12-04 01:00:00,0.40836666666666666,0.12153333333333333,242.363,1.8866666666666667,0.0,0.35,0.65
2009-12-04 02:00:00,0.4125333333333333,0.07193333333333334,245.114,1.84,0.0,0.0,1.45
2009-12-04 03:00:00,0.4170333333333333,0.13613333333333333,246.2243333333333,1.8666666666666667,0.0,0.6,0.6833333333333333
2009-12-04 04:00:00,0.36186666666666667,0.058333333333333334,248.12150000000003,1.6466666666666667,0.0,0.0,0.6833333333333333
2009-12-04 05:00:00,0.41683333333333333,0.14073333333333335,247.96233333333333,1.8933333333333333,0.0,0.5833333333333334,0.6833333333333333
2009-12-04 06:00:00,1.3548,0.075,244.02966666666669,5.626666666666667,0.0,0.016666666666666666,11.533333333333333
2009-12-04 07:00:00,2.2119333333333335,0.16393333333333335,240.47966666666667,9.28,0.0,0.05,11.7
2009-12-04 08:00:00,2.2736333333333336,0.17233333333333334,240.79933333333332,9.436666666666667,0.0,0.5333333333333333,19.25
2009-12-04 09:00:00,1.9221666666666666,0.1914,240.43083333333334,7.996666666666667,0.0,0.0,18.35
2009-12-04 10:00:00,1.8620333333333332,0.21476666666666666,240.57183333333333,7.756666666666666,0.0,0.5666666666666667,18.283333333333335
2009-12-04 11:00:00,0.8509333333333333,0.2248,242.55283333333333,3.6933333333333334,0.0,0.0,1.4666666666666666
2009-12-04 12:00:00,0.6921333333333333,0.1579,244.46566666666666,2.9833333333333334,0.0,0.35,0.6833333333333333
2009-12-04 13:00:00,0.5525666666666667,0.10213333333333334,244.68016666666665,2.35,0.0,0.25,0.6666666666666666
2009-12-04 14:00:00,0.7909333333333333,0.1144,245.98766666666668,3.2966666666666664,0.0,0.0,5.45
2009-12-04 15:00:00,1.4666333333333335,0.1329,247.4485,5.9,0.0,0.5833333333333334,18.433333333333334
2009-12-04 16:00:00,1.0771000000000002,0.09119999999999999,243.35816666666668,4.456666666666666,0.0,0.0,8.8
2009-12-04 17:00:00,1.0529333333333333,0.10653333333333334,242.009,4.3933333333333335,0.0,0.5833333333333334,5.633333333333334
2009-12-04 18:00:00,1.2383,0.14086666666666667,242.9875,5.16,0.0,0.0,4.316666666666666
2009-12-04 19:00:00,1.7661333333333333,0.1565,241.5366666666667,7.3566666666666665,0.26666666666666666,0.06666666666666667,9.1
2009-12-04 20:00:00,2.967766666666667,0.11933333333333333,242.1171666666667,12.256666666666666,9.133333333333333,0.5166666666666667,10.783333333333333
2009-12-04 21:00:00,2.3617666666666666,0.09133333333333332,241.613,9.793333333333333,9.9,0.0,0.9
2009-12-04 22:00:00,1.2590666666666666,0.1121,243.10616666666667,5.193333333333333,0.0,0.5833333333333334,1.4166666666666667
2009-12-04 23:00:00,0.4251,0.07976666666666667,242.88316666666665,1.8233333333333335,0.0,0.0,0.6666666666666666
2009-12-05 00:00:00,0.3919666666666667,0.087,242.88383333333334,1.7,0.0,0.35,0.65
2009-12-05 01:00:00,0.4411,0.1098,242.79733333333334,1.9033333333333333,0.0,0.23333333333333334,1.4166666666666667
2009-12-05 02:00:00,0.3774666666666667,0.06960000000000001,244.409,1.6366666666666667,0.0,0.0,0.6666666666666666
2009-12-05 03:00:00,0.9373,0.10099999999999999,244.43783333333334,3.913333333333333,0.0,0.5666666666666667,9.616666666666667
2009-12-05 04:00:00,0.4387666666666667,0.09756666666666666,245.86233333333334,1.87,0.0,0.0,1.4666666666666666
2009-12-05 05:00:00,0.41003333333333336,0.11230000000000001,245.40316666666666,1.7766666666666668,0.0,0.5833333333333334,0.6833333333333333
2009-12-05 06:00:00,0.6107333333333334,0.0699,245.30266666666665,2.546666666666667,0.0,0.016666666666666666,3.8
2009-12-05 07:00:00,2.7359,0.10410000000000001,241.67133333333334,11.35,0.0,0.08333333333333333,19.416666666666668
2009-12-05 08:00:00,2.167533333333333,0.08783333333333335,240.90716666666668,8.953333333333335,0.0,0.5,18.433333333333334
2009-12-05 09:00:00,1.4665,0.0757,239.22383333333335,6.093333333333333,0.0,0.0,19.05
2009-12-05 10:00:00,0.8871,0.08610000000000001,239.5765,3.8366666666666664,0.0,0.5833333333333334,4.233333333333333
2009-12-05 11:00:00,1.0685333333333333,0.2572,243.27166666666665,4.526666666666667,0.0,0.0,4.316666666666666
2009-12-05 12:00:00,1.5626,0.2527333333333333,242.57666666666668,6.573333333333334,0.0,0.38333333333333336,14.033333333333333
2009-12-05 13:00:00,0.5487333333333333,0.22929999999999998,241.47833333333335,2.48,0.0,0.2,0.65
2009-12-05 14:00:00,0.6190666666666667,0.31743333333333335,242.47833333333335,2.8233333333333333,0.0,0.0,0.6666666666666666
2009-12-05 15:00:00,0.6941333333333333,0.3909666666666667,243.66716666666667,3.2133333333333334,0.0,0.6,1.45
2009-12-05 16:00:00,1.2992666666666668,0.31456666666666666,241.477,5.636666666666667,3.566666666666667,0.0,3.2333333333333334
2009-12-05 17:00:00,3.0611,0.4825,236.5795,13.153333333333334,9.333333333333334,0.5833333333333334,10.45
2009-12-05 18:00:00,3.6998,0.3347333333333333,235.48616666666666,15.716666666666667,0.0,0.0,16.75
2009-12-05 19:00:00,3.999,0.2743,234.48766666666668,17.07,18.666666666666668,0.18333333333333332,17.483333333333334
2009-12-05 20:00:00,3.178366666666667,0.3035,235.92683333333335,13.55,9.933333333333334,0.38333333333333336,17.7
2009-12-05 21:00:00,3.2424000000000004,0.19826666666666667,238.516,13.653333333333334,11.55,0.0,18.9
2009-12-05 22:00:00,2.3188666666666666,0.1263,241.8828333333333,9.523333333333333,0.016666666666666666,0.6,18.566666666666666
2009-12-05 23:00:00,3.0397666666666665,0.08583333333333334,240.86700000000002,12.639999999999999,10.633333333333333,0.0,18.433333333333334
2009-12-06 00:00:00,2.2004666666666663,0.19753333333333334,241.16266666666667,9.113333333333333,0.0,0.55,19.266666666666666
2009-12-06 01:00:00,1.1925333333333334,0.09543333333333333,241.56283333333334,4.876666666666667,0.0,0.05,14.933333333333334
2009-12-06 02:00:00,0.3988333333333333,0.1421,243.82633333333334,1.72,0.0,0.06666666666666667,1.4666666666666666
2009-12-06 03:00:00,0.36363333333333336,0.14986666666666668,244.00933333333333,1.6133333333333333,0.0,0.5166666666666667,0.6666666666666666
2009-12-06 04:00:00,0.32789999999999997,0.0866,244.214,1.3933333333333333,0.0,0.0,0.6666666666666666
2009-12-06 05:00:00,0.4201666666666667,0.18493333333333334,243.34766666666667,1.8766666666666667,0.0,0.6,1.4
2009-12-06 06:00:00,0.3152666666666667,0.06536666666666667,242.623,1.29,0.0,0.0,0.6666666666666666
2009-12-06 07:00:00,0.4130333333333333,0.1589,242.86416666666668,1.8133333333333332,0.0,0.4166666666666667,1.4666666666666666
2009-12-06 08:00:00,1.6552666666666667,0.14066666666666666,241.20383333333334,6.9366666666666665,0.0,0.18333333333333332,14.75
2009-12-06 09:00:00,0.6546666666666667,0.1273,243.51533333333333,2.7366666666666664,0.0,1.25,1.8166666666666667
2009-12-06 10:00:00,0.9380666666666666,0.2868,243.57066666666665,4.1433333333333335,0.0,5.666666666666667,1.4666666666666666
2009-12-06 11:00:00,3.7279,0.33403333333333335,240.02783333333335,15.826666666666666,18.266666666666666,19.1,13.933333333333334
2009-12-06 12:00:00,2.632966666666667,0.31339999999999996,240.54416666666665,11.206666666666667,9.066666666666666,12.833333333333334,12.55
2009-12-06 13:00:00,1.4243999999999999,0.12010000000000001,242.6125,5.923333333333333,8.35,1.1,0.6666666666666666
2009-12-06 14:00:00,3.1999,0.35883333333333334,241.3756666666667,13.47,0.0,23.35,13.183333333333334
2009-12-06 15:00:00,2.1888,0.3552,243.64133333333334,9.093333333333334,0.0,0.6333333333333333,14.716666666666667
2009-12-06 16:00:00,1.1805333333333332,0.3812333333333333,242.14533333333333,5.126666666666667,0.0,1.0,0.65
2009-12-06 17:00:00,3.1087333333333333,0.29910000000000003,236.2835,13.29,0.0,0.4,15.5
2009-12-06 18:00:00,3.6616,0.34523333333333334,236.1895,15.54,5.516666666666667,0.16666666666666666,17.733333333333334
2009-12-06 19:00:00,2.9458333333333333,0.28873333333333334,236.77666666666667,12.536666666666667,6.3,0.5,18.683333333333334
2009-12-06 20:00:00,2.4703999999999997,0.07970000000000001,237.061,10.386666666666667,0.0,0.0,17.85
2009-12-06 21:00:00,2.3966,0.12696666666666667,239.35516666666666,9.966666666666667,0.0,0.6,18.2
2009-12-06 22:00:00,1.2267000000000001,0.07503333333333333,239.60616666666667,5.13,0.0,0.0,4.1
2009-12-06 23:00:00,0.5939333333333334,0.15180000000000002,242.94383333333332,2.5900000000000003,0.0,0.6,0.6666666666666666
2009-12-07 00:00:00,0.37,0.09446666666666667,244.4335,1.6633333333333333,0.0,0.0,1.5
2009-12-07 01:00:00,0.3651,0.13613333333333333,242.42616666666666,1.6733333333333333,0.0,0.5166666666666667,0.65
2009-12-07 02:00:00,0.3181333333333333,0.07193333333333334,244.01916666666665,1.4433333333333331,0.0,0.06666666666666667,0.6666666666666666
2009-12-07 03:00:00,0.3359,0.09473333333333334,244.00583333333333,1.53,0.0,0.15,0.6833333333333333
2009-12-07 04:00:00,0.4111666666666667,0.1552666666666667,244.364,1.9,0.0,0.45,1.4333333333333333
2009-12-07 05:00:00,0.7758666666666667,0.05196666666666667,243.1688333333333,3.27,0.0,0.0,8.416666666666666
2009-12-07 06:00:00,1.1750666666666667,0.16816666666666666,245.26933333333332,4.916666666666667,0.0,0.6,8.7
2009-12-07 07:00:00,2.183133333333333,0.07783333333333334,240.788,9.003333333333334,0.0,0.0,18.45
2009-12-07 08:00:00,2.604966666666667,0.18323333333333333,237.94683333333333,10.94,0.38333333333333336,0.5833333333333334,18.883333333333333
2009-12-07 09:00:00,2.5306333333333333,0.0908,239.75083333333333,10.55,8.833333333333334,0.0,18.25
2009-12-07 10:00:00,1.5448,0.09040000000000001,241.33333333333334,6.463333333333333,9.65,0.23333333333333334,6.466666666666667
2009-12-07 11:00:00,1.6128333333333333,0.17886666666666665,241.391,6.746666666666667,0.0,0.35,14.916666666666666
2009-12-07 12:00:00,1.4736,0.08903333333333333,240.77599999999998,6.073333333333333,0.0,0.0,19.216666666666665
2009-12-07 13:00:00,1.4122,0.1196,241.11083333333332,5.823333333333333,0.0,0.6,18.466666666666665
2009-12-07 14:00:00,0.5618333333333333,0.09326666666666666,247.33716666666666,2.386666666666667,0.0,0.0,4.333333333333333
2009-12-07 15:00:00,0.5810333333333334,0.18133333333333335,244.7845,2.4766666666666666,0.0,0.6,1.45
2009-12-07 16:00:00,0.6213,0.07596666666666667,244.50383333333332,2.5166666666666666,0.0,0.0,0.6666666666666666
2009-12-07 17:00:00,0.8404666666666666,0.13153333333333334,243.0225,3.4733333333333336,0.0,0.2833333333333333,1.4833333333333334
2009-12-07 18:00:00,2.3081,0.08149999999999999,242.53066666666666,9.43,0.0,0.31666666666666665,11.166666666666666
2009-12-07 19:00:00,1.6120666666666668,0.11633333333333334,240.77849999999998,6.7266666666666675,0.0,0.0,1.1
2009-12-07 20:00:00,1.7238,0.12033333333333333,240.59666666666666,7.176666666666667,0.0,0.6166666666666667,1.4833333333333334
2009-12-07 21:00:00,2.1783333333333332,0.0799,240.1616666666667,9.023333333333333,0.0,0.0,8.233333333333333
2009-12-07 22:00:00,1.1561333333333332,0.19023333333333334,243.15683333333334,4.86,0.0,0.6,4.233333333333333
2009-12-07 23:00:00,0.34750000000000003,0.07863333333333333,243.39033333333333,1.5133333333333332,0.0,0.0,0.6666666666666666
2009-12-08 00:00:00,0.6448333333333333,0.11803333333333334,243.87983333333335,2.703333333333333,0.0,0.25,5.483333333333333
2009-12-08 01:00:00,0.6861333333333334,0.10896666666666667,244.6475,2.853333333333333,0.0,0.3333333333333333,6.3
2009-12-08 02:00:00,0.3769,0.11800000000000001,244.40733333333336,1.6233333333333335,0.0,0.0,1.4833333333333334
2009-12-08 03:00:00,0.32933333333333337,0.12293333333333333,245.2345,1.41,0.0,0.6,0.6666666666666666
2009-12-08 04:00:00,0.3106333333333333,0.09143333333333332,245.8995,1.3333333333333333,0.0,0.0,0.6833333333333333
2009-12-08 05:00:00,0.33030000000000004,0.12466666666666668,244.5031666666667,1.45,0.0,0.5833333333333334,0.6666666666666666
2009-12-08 06:00:00,0.7529,0.0909,243.8576666666667,3.2033333333333336,0.0,0.0,3.05
2009-12-08 07:00:00,2.7234666666666665,0.23993333333333336,239.74183333333335,11.389999999999999,0.0,0.13333333333333333,18.266666666666666
2009-12-08 08:00:00,2.1772333333333336,0.15589999999999998,241.917,9.006666666666666,0.0,0.45,19.433333333333334
2009-12-08 09:00:00,1.8111,0.11253333333333333,243.06716666666668,7.633333333333334,0.0,0.0,18.766666666666666
2009-12-08 10:00:00,1.5653666666666666,0.13813333333333333,242.95266666666666,6.4,0.0,0.5833333333333334,19.516666666666666
2009-12-08 11:00:00,1.4991333333333332,0.08756666666666667,243.61216666666667,6.1033333333333335,0.0,0.0,18.833333333333332
2009-12-08 12:00:00,1.6815,0.11903333333333334,244.05033333333333,6.84,0.0,0.45,18.9
2009-12-08 13:00:00,1.6495666666666666,0.09856666666666666,243.25383333333332,6.756666666666667,0.0,0.11666666666666667,18.833333333333332
2009-12-08 14:00:00,1.1531,0.07833333333333334,247.75833333333333,4.763333333333334,0.0,0.0,9.5
2009-12-08 15:00:00,0.5505666666666666,0.15083333333333335,250.09216666666669,2.3699999999999997,0.0,0.6,0.7
2009-12-08 16:00:00,0.6075999999999999,0.08410000000000001,248.95483333333334,2.5133333333333336,0.0,0.0,0.7
2009-12-08 17:00:00,1.6494666666666666,0.14186666666666667,244.03283333333331,6.73,0.0,0.5666666666666667,3.316666666666667
2009-12-08 18:00:00,2.5442666666666667,0.11103333333333333,240.40966666666665,10.533333333333333,0.0,0.0,18.35
2009-12-08 19:00:00,2.7952333333333335,0.21600000000000003,239.9755,11.696666666666665,0.36666666666666664,0.31666666666666665,19.1
2009-12-08 20:00:00,2.9234666666666667,0.1672,240.6328333333333,12.16,9.0,0.26666666666666666,18.4
2009-12-08 21:00:00,2.7641333333333336,0.07993333333333334,238.951,11.576666666666666,9.1,0.0,18.95
2009-12-08 22:00:00,1.6227333333333334,0.15543333333333334,242.58383333333333,6.680000000000001,0.0,0.5833333333333334,15.683333333333334
2009-12-08 23:00:00,0.29910000000000003,0.07519999999999999,245.13033333333334,1.2366666666666668,0.0,0.0,0.6833333333333333
2009-12-09 00:00:00,0.39499999999999996,0.16383333333333333,242.5665,1.7466666666666666,0.0,0.5833333333333334,1.4333333333333333
2009-12-09 01:00:00,0.29209999999999997,0.06876666666666667,243.08783333333335,1.2333333333333334,0.0,0.0,0.6666666666666666
2009-12-09 02:00:00,0.31606666666666666,0.09856666666666666,245.22299999999998,1.3433333333333333,0.0,0.2,0.6833333333333333
2009-12-09 03:00:00,0.31593333333333334,0.10526666666666666,244.8615,1.3666666666666667,0.0,0.38333333333333336,0.6666666666666666
2009-12-09 04:00:00,0.346,0.09133333333333334,245.56016666666667,1.4566666666666668,0.0,0.0,1.4333333333333333
2009-12-09 05:00:00,0.32943333333333336,0.12153333333333333,244.21866666666668,1.41,0.0,0.5833333333333334,0.6666666666666666
2009-12-09 06:00:00,1.1718333333333333,0.0726,242.15033333333335,4.8933333333333335,0.0,0.0,10.933333333333334
2009-12-09 07:00:00,2.5637666666666665,0.17066666666666666,239.191,10.743333333333334,0.23333333333333334,0.55,19.033333333333335
2009-12-09 08:00:00,1.9026999999999998,0.08626666666666667,240.11066666666665,7.883333333333334,7.95,0.016666666666666666,19.133333333333333
2009-12-09 09:00:00,1.9011666666666664,0.09036666666666666,241.4865,7.816666666666666,8.65,0.06666666666666667,18.516666666666666
2009-12-09 10:00:00,1.3380666666666665,0.13783333333333334,242.34799999999998,5.543333333333334,0.0,0.5166666666666667,16.566666666666666
2009-12-09 11:00:00,0.32543333333333335,0.09820000000000001,243.37883333333332,1.3933333333333333,0.0,0.0,0.6666666666666666
2009-12-09 12:00:00,0.9943000000000001,0.19993333333333335,243.03616666666667,4.336666666666667,0.0,7.3,1.4666666666666666
2009-12-09 13:00:00,0.5476666666666666,0.07546666666666665,244.40133333333333,2.3333333333333335,0.0,0.7333333333333333,0.6833333333333333
2009-12-09 14:00:00,0.4099333333333333,0.10973333333333332,244.07933333333332,1.7466666666666666,0.0,0.5,0.6666666666666666
2009-12-09 15:00:00,1.9033333333333333,0.17393333333333333,244.83416666666665,8.043333333333333,0.0,25.366666666666667,1.4833333333333334
2009-12-09 16:00:00,2.339833333333333,0.188,243.3625,9.766666666666667,0.0,17.166666666666668,0.6666666666666666
2009-12-09 17:00:00,1.7872,0.0711,240.64733333333334,7.38,0.0,0.15,3.9
2009-12-09 18:00:00,2.5998,0.1839,240.15483333333336,10.856666666666666,0.0,0.43333333333333335,10.783333333333333
2009-12-09 19:00:00,1.8430333333333333,0.1971,240.99033333333333,7.73,0.0,0.16666666666666666,0.65
2009-12-09 20:00:00,1.6874333333333333,0.15316666666666665,238.345,7.096666666666667,0.2,0.16666666666666666,1.4666666666666666
2009-12-09 21:00:00,1.8735,0.18253333333333333,238.297,7.930000000000001,8.233333333333333,0.43333333333333335,0.6333333333333333
2009-12-09 22:00:00,2.2599333333333336,0.0951,239.985,9.416666666666666,8.966666666666667,0.0,15.616666666666667
2009-12-09 23:00:00,0.5958,0.19136666666666666,245.45966666666666,2.5300000000000002,0.0,0.6,4.433333333333334
2009-12-10 00:00:00,0.29496666666666665,0.06746666666666666,244.05133333333333,1.2333333333333334,0.0,0.0,0.6666666666666666
2009-12-10 01:00:00,0.39873333333333333,0.16623333333333334,242.36266666666668,1.7466666666666666,0.0,0.6,1.45
2009-12-10 02:00:00,0.28713333333333335,0.0554,243.389,1.19,0.0,0.0,0.6666666666666666
2009-12-10 03:00:00,0.3436666666666667,0.13976666666666668,243.45683333333332,1.51,0.0,0.5333333333333333,0.6666666666666666
2009-12-10 04:00:00,0.3443,0.08299999999999999,243.5265,1.45,0.0,0.06666666666666667,1.5166666666666666
2009-12-10 05:00:00,0.31033333333333335,0.08743333333333334,242.20766666666665,1.32,0.0,0.16666666666666666,0.6666666666666666
2009-12-10 06:00:00,1.2319,0.15296666666666667,243.53216666666668,5.173333333333333,0.0,0.4166666666666667,9.4
2009-12-10 07:00:00,2.4789000000000003,0.233,238.60816666666668,10.443333333333333,0.0,0.0,18.983333333333334
2009-12-10 08:00:00,2.465413793103448,0.19289655172413794,238.65189655172412,10.344827586206897,0.0,0.5517241379310345,19.0
2009-12-10 09:00:00,1.3345999999999998,0.052533333333333335,239.3936666666667,5.53,0.0,0.0,18.216666666666665
2009-12-10 10:00:00,1.4352333333333331,0.1499,241.0465,5.933333333333334,0.0,0.5833333333333334,18.816666666666666
2009-12-10 11:00:00,1.3978666666666666,0.0685,242.65916666666666,5.713333333333334,0.0,0.0,19.183333333333334
2009-12-10 12:00:00,1.4167999999999998,0.12223333333333335,243.13233333333335,5.783333333333333,0.0,0.45,18.75
2009-12-10 13:00:00,1.4372333333333331,0.10476666666666666,242.67783333333333,5.8566666666666665,0.0,0.13333333333333333,19.483333333333334
2009-12-10 14:00:00,1.4033666666666667,0.0715,245.286,5.63,0.0,0.08333333333333333,19.1
2009-12-10 15:00:00,1.4567333333333332,0.1447,245.76083333333332,5.9,0.0,0.5,19.15
2009-12-10 16:00:00,1.4564666666666668,0.09053333333333334,245.9365,5.85,0.0,0.0,19.966666666666665
2009-12-10 17:00:00,1.4957666666666667,0.10873333333333333,240.2515,6.193333333333333,0.0,0.5833333333333334,17.783333333333335
2009-12-10 18:00:00,1.1826,0.15876666666666667,240.51433333333335,4.943333333333333,0.0,0.0,0.65
2009-12-10 19:00:00,3.161,0.4704,238.23016666666666,13.543333333333333,21.766666666666666,0.5833333333333334,1.55
2009-12-10 20:00:00,2.791633333333333,0.39426666666666665,239.25033333333334,11.946666666666665,11.983333333333333,0.0,4.333333333333333
2009-12-10 21:00:00,3.3429,0.25416666666666665,236.0148333333333,14.26,13.3,0.26666666666666666,12.283333333333333
2009-12-10 22:00:00,1.7144000000000001,0.2729,238.87583333333333,7.25,0.0,0.31666666666666665,1.65
2009-12-10 23:00:00,1.1383333333333332,0.0831,243.8475,4.656666666666666,0.0,0.0,13.35
2009-12-11 00:00:00,0.3528,0.17666666666666667,244.31333333333333,1.6099999999999999,0.0,0.5666666666666667,0.6666666666666666
2009-12-11 01:00:00,0.3289666666666667,0.08020000000000001,244.00766666666667,1.4,0.0,0.0,1.45
2009-12-11 02:00:00,0.34313333333333335,0.16299999999999998,244.50266666666667,1.4966666666666666,0.0,0.5833333333333334,0.6833333333333333
2009-12-11 03:00:00,0.28363333333333335,0.061733333333333335,245.24650000000003,1.2,0.0,0.0,0.6666666666666666
2009-12-11 04:00:00,0.33343333333333336,0.13996666666666666,244.97133333333335,1.4833333333333334,0.0,0.4166666666666667,0.6833333333333333
2009-12-11 05:00:00,0.34273333333333333,0.09326666666666666,244.27,1.4633333333333334,0.0,0.16666666666666666,1.4166666666666667
2009-12-11 06:00:00,0.5678,0.10283333333333333,243.04566666666668,2.4099999999999997,0.0,0.0,3.066666666666667
2009-12-11 07:00:00,2.5307999999999997,0.19746666666666668,239.84466666666668,10.583333333333334,0.0,0.5666666666666667,18.55
2009-12-11 08:00:00,2.3487999999999998,0.09263333333333333,241.191,9.676666666666668,0.0,0.0,19.0
2009-12-11 09:00:00,1.8199333333333334,0.12766666666666668,241.92183333333332,7.51,0.0,0.5666666666666667,19.45
2009-12-11 10:00:00,1.4723,0.07536666666666667,242.45066666666668,6.0233333333333325,0.0,0.0,18.65
2009-12-11 11:00:00,1.4930666666666668,0.13426666666666667,245.94366666666667,6.056666666666667,0.0,0.4666666666666667,19.783333333333335
2009-12-11 12:00:00,0.5546333333333333,0.12003333333333334,246.3625,2.2933333333333334,0.0,0.11666666666666667,1.6333333333333333
2009-12-11 13:00:00,0.6406666666666666,0.1257,245.95166666666668,2.7233333333333336,0.0,0.0,0.6833333333333333
2009-12-11 14:00:00,0.7176666666666667,0.2547,248.23783333333333,3.106666666666667,0.0,0.5833333333333334,2.1
2009-12-11 15:00:00,2.0787333333333335,0.2906333333333333,247.33866666666665,8.46,0.0,0.0,20.183333333333334
2009-12-11 16:00:00,2.104033333333333,0.11769999999999999,245.87666666666667,8.513333333333334,0.0,0.5833333333333334,19.466666666666665
2009-12-11 17:00:00,1.7113,0.09233333333333334,244.00050000000002,7.003333333333333,0.0,0.0,10.483333333333333
2009-12-11 18:00:00,2.6193999999999997,0.3935333333333333,242.5631666666667,10.93,7.766666666666667,0.5166666666666667,0.6666666666666666
2009-12-11 19:00:00,2.2845999999999997,0.19336666666666666,242.29149999999998,9.436666666666667,5.966666666666667,0.1,11.7
2009-12-11 20:00:00,1.2196666666666667,0.15306666666666666,244.27166666666665,5.013333333333334,3.4833333333333334,0.4,3.8
2009-12-11 21:00:00,1.5283333333333333,0.18213333333333334,242.16150000000002,6.376666666666667,8.55,0.2,0.6666666666666666
2009-12-11 22:00:00,0.8404,0.15353333333333333,245.80616666666668,3.4233333333333333,0.0,0.11666666666666667,1.45
2009-12-11 23:00:00,1.2242,0.1386,246.416,4.946666666666667,0.0,0.4666666666666667,10.616666666666667
2009-12-12 00:00:00,0.34163333333333334,0.12003333333333334,244.3355,1.43,0.0,0.0,0.6833333333333333
2009-12-12 01:00:00,0.3421666666666667,0.14466666666666667,244.94050000000001,1.4866666666666668,0.0,0.5666666666666667,0.6666666666666666
2009-12-12 02:00:00,0.36963333333333337,0.13506666666666664,246.55983333333333,1.59,0.0,0.0,1.4166666666666667
2009-12-12 03:00:00,0.33043333333333336,0.12796666666666667,246.85133333333334,1.4533333333333334,0.0,0.5833333333333334,0.6833333333333333
2009-12-12 04:00:00,0.3187333333333333,0.10723333333333333,247.48333333333332,1.3133333333333332,0.0,0.0,0.6833333333333333
2009-12-12 05:00:00,0.3867333333333333,0.11596666666666668,246.978,1.6233333333333333,0.0,0.3333333333333333,1.6666666666666667
2009-12-12 06:00:00,1.1641000000000001,0.13796666666666668,245.23250000000002,4.77,0.0,0.23333333333333334,13.816666666666666
2009-12-12 07:00:00,2.8512333333333335,0.13083333333333333,242.20916666666665,11.8,0.0,0.0,19.416666666666668
2009-12-12 08:00:00,1.7048333333333332,0.15256666666666666,244.39516666666665,6.946666666666667,0.0,0.5666666666666667,19.033333333333335
2009-12-12 09:00:00,1.3583333333333334,0.0687,242.40133333333333,5.573333333333334,0.0,0.0,18.333333333333332
2009-12-12 10:00:00,0.38176666666666664,0.1686,244.0256666666667,1.7033333333333334,0.0,0.5666666666666667,0.6666666666666666
2009-12-12 11:00:00,0.6775,0.07286666666666666,243.20633333333333,2.783333333333333,0.0,0.0,1.45
2009-12-12 12:00:00,0.7855000000000001,0.10906666666666667,243.92083333333332,3.35,0.0,0.2,0.6666666666666666
2009-12-12 13:00:00,0.7494333333333334,0.14253333333333332,246.174,3.0900000000000003,0.0,0.36666666666666664,0.7666666666666667
2009-12-12 14:00:00,1.1851999999999998,0.11386666666666666,248.27966666666669,4.826666666666667,0.0,0.0,10.766666666666667
2009-12-12 15:00:00,1.0629,0.26130000000000003,248.49316666666667,4.473333333333333,0.0,8.566666666666666,1.4166666666666667
2009-12-12 16:00:00,1.3632333333333333,0.42423333333333335,245.77183333333332,5.946666666666667,0.0,6.183333333333334,0.6833333333333333
2009-12-12 17:00:00,4.241333333333333,0.6369,238.20116666666667,18.08,0.0,25.45,16.633333333333333
2009-12-12 18:00:00,2.2339333333333333,0.2861333333333333,241.7165,9.386666666666667,8.3,2.95,5.3
2009-12-12 19:00:00,2.6388333333333334,0.2582,243.13516666666666,10.95,1.2166666666666666,9.066666666666666,9.516666666666667
2009-12-12 20:00:00,3.0232666666666663,0.14103333333333332,244.96666666666667,12.476666666666667,8.6,11.3,7.266666666666667
2009-12-12 21:00:00,1.0483666666666667,0.0907,245.14983333333333,4.25,0.0,1.0333333333333334,0.6666666666666666
2009-12-12 22:00:00,1.1617666666666666,0.12696666666666667,246.4945,4.7266666666666675,0.0,0.3333333333333333,1.4666666666666666
2009-12-12 23:00:00,0.5521333333333334,0.07210000000000001,247.61283333333333,2.24,0.0,0.36666666666666664,2.966666666666667
2009-12-13 00:00:00,0.8187666666666666,0.11610000000000001,248.7275,3.32,0.0,0.5666666666666667,8.516666666666667
2009-12-13 01:00:00,0.36243333333333333,0.0957,245.40016666666668,1.5266666666666666,0.0,0.16666666666666666,1.45
2009-12-13 02:00:00,0.3343,0.10769999999999999,247.2655,1.4166666666666667,0.0,0.7666666666666667,0.6833333333333333
2009-12-13 03:00:00,0.2989,0.055766666666666666,247.85,1.23,0.0,0.11666666666666667,0.7
2009-12-13 04:00:00,0.351,0.1439,248.9545,1.47,0.0,0.6,0.7
2009-12-13 05:00:00,0.2923,0.0544,248.754,1.1833333333333333,0.0,0.0,0.6833333333333333
2009-12-13 06:00:00,0.31166666666666665,0.0846,246.91383333333334,1.3133333333333332,0.0,0.38333333333333336,0.7
2009-12-13 07:00:00,0.31556666666666666,0.0869,246.21599999999998,1.3033333333333335,0.0,0.18333333333333332,0.6666666666666666
2009-12-13 08:00:00,0.952,0.0637,243.85316666666668,3.966666666666667,0.0,0.0,7.25
2009-12-13 09:00:00,2.2317666666666667,0.1546,243.93666666666667,9.163333333333332,0.0,0.5833333333333334,18.1
2009-12-13 10:00:00,1.2051333333333332,0.08533333333333333,245.6663333333333,5.053333333333333,9.6,0.0,0.6833333333333333
2009-12-13 11:00:00,2.2030000000000003,0.3201,245.26766666666666,9.129999999999999,8.066666666666666,0.8,12.9
2009-12-13 12:00:00,2.6191999999999998,0.2819333333333333,243.1025,10.836666666666668,13.516666666666667,0.0,18.766666666666666
2009-12-13 13:00:00,2.3881666666666663,0.14106666666666667,242.1868333333333,9.913333333333332,10.266666666666667,0.4,19.433333333333334
2009-12-13 14:00:00,2.634133333333333,0.15846666666666667,244.64466666666667,10.843333333333334,13.466666666666667,0.31666666666666665,19.0
2009-12-13 15:00:00,2.3710333333333335,0.24023333333333333,244.592,9.756666666666666,9.65,0.0,19.0
2009-12-13 16:00:00,2.2630333333333335,0.37706666666666666,240.83866666666665,9.506666666666666,1.8333333333333333,0.7,14.183333333333334
2009-12-13 17:00:00,1.8741333333333332,0.19156666666666666,239.11233333333334,7.8566666666666665,0.0,0.0,5.633333333333334
2009-12-13 18:00:00,2.712,0.17126666666666665,239.5315,11.326666666666666,0.0,0.06666666666666667,18.683333333333334
2009-12-13 19:00:00,2.7717,0.2427666666666667,240.18316666666666,11.569999999999999,0.0,0.6166666666666667,14.6
2009-12-13 20:00:00,2.1212333333333335,0.07236666666666666,241.97966666666667,8.746666666666666,0.0,0.0,8.516666666666667
2009-12-13 21:00:00,2.5360666666666662,0.17306666666666667,240.11533333333333,10.55,0.0,0.43333333333333335,18.316666666666666
2009-12-13 22:00:00,1.3656333333333335,0.20273333333333332,243.90566666666666,5.6866666666666665,0.0,0.25,9.766666666666667
2009-12-13 23:00:00,0.3137333333333333,0.08183333333333334,248.94466666666668,1.2866666666666666,0.0,0.0,0.7
2009-12-14 00:00:00,0.3408333333333333,0.13326666666666667,249.2493333333333,1.4633333333333334,0.0,0.7,0.7
2009-12-14 01:00:00,0.3219666666666667,0.09833333333333334,247.39566666666667,1.37,0.0,0.0,0.6833333333333333
2009-12-14 02:00:00,0.3242333333333333,0.07200000000000001,248.58149999999998,1.3066666666666669,0.0,0.0,0.7
2009-12-14 03:00:00,0.34349999999999997,0.13263333333333333,248.92466666666667,1.4666666666666666,0.0,0.6833333333333333,0.6833333333333333
2009-12-14 04:00:00,0.3285666666666666,0.08746666666666666,248.86499999999998,1.3533333333333333,0.0,0.0,0.9666666666666667
2009-12-14 05:00:00,0.8331666666666667,0.05963333333333333,247.95066666666665,3.3366666666666664,0.0,0.0,9.7
2009-12-14 06:00:00,0.991,0.14576666666666668,245.56233333333333,4.196666666666667,0.0,0.6666666666666666,4.783333333333333
2009-12-14 07:00:00,2.5218,0.1492,241.73533333333336,10.416666666666666,0.0,0.0,19.35
2009-12-14 08:00:00,1.436,0.0454,242.53016666666664,5.8533333333333335,0.0,0.0,18.683333333333334
2009-12-14 09:00:00,1.469,0.13656666666666667,245.16833333333335,5.943333333333333,0.0,0.6833333333333333,19.083333333333332
2009-12-14 10:00:00,0.4504,0.05923333333333334,246.61633333333333,1.8266666666666667,0.0,0.0,3.216666666666667
2009-12-14 11:00:00,0.2884333333333334,0.05003333333333334,244.72400000000002,1.1700000000000002,0.0,0.0,0.6833333333333333
2009-12-14 12:00:00,0.35206666666666664,0.13243333333333332,245.165,1.5166666666666666,0.0,0.6666666666666666,0.6666666666666666
2009-12-14 13:00:00,0.28966666666666663,0.0492,246.10533333333333,1.1866666666666668,0.0,0.0,0.6833333333333333
2009-12-14 14:00:00,0.3048,0.06949999999999999,248.00883333333334,1.26,0.0,0.0,0.6833333333333333
2009-12-14 15:00:00,0.6212666666666667,0.13503333333333334,248.5615,2.5133333333333336,0.0,0.6833333333333333,0.7
2009-12-14 16:00:00,0.7296999999999999,0.07843333333333334,247.6235,2.89,0.0,0.0,0.6833333333333333
2009-12-14 17:00:00,1.9503333333333333,0.06966666666666667,243.35283333333334,7.986666666666666,0.0,0.0,7.35
2009-12-14 18:00:00,3.7024,0.21783333333333335,242.62083333333334,15.29,0.0,9.433333333333334,19.483333333333334
2009-12-14 19:00:00,2.6369,0.0876,244.75933333333333,10.793333333333333,0.0,0.4666666666666667,19.033333333333335
2009-12-14 20:00:00,2.5630333333333337,0.05463333333333333,244.7635,10.426666666666668,0.0,0.0,19.016666666666666
2009-12-14 21:00:00,4.0212666666666665,0.15686666666666665,242.449,16.656666666666666,8.6,16.916666666666668,18.683333333333334
2009-12-14 22:00:00,2.346366666666667,0.111,246.68233333333333,9.553333333333335,5.683333333333334,5.966666666666667,11.4
2009-12-14 23:00:00,0.7476666666666667,0.20129999999999998,250.17616666666666,3.1566666666666667,3.8833333333333333,1.1333333333333333,1.4166666666666667
2009-12-15 00:00:00,0.4398666666666667,0.1051,248.6225,1.8766666666666665,0.0,0.36666666666666664,0.7
2009-12-15 01:00:00,0.32899999999999996,0.0567,245.71300000000002,1.3900000000000001,0.0,0.15,0.6833333333333333
2009-12-15 02:00:00,0.3971666666666667,0.15786666666666666,247.70466666666667,1.7266666666666668,0.0,0.8666666666666667,0.6833333333333333
2009-12-15 03:00:00,0.33386666666666664,0.059033333333333333,246.80183333333335,1.38,0.0,0.15,0.6833333333333333
2009-12-15 04:00:00,0.6767333333333333,0.058333333333333334,246.66666666666666,2.763333333333333,0.0,0.16666666666666666,6.366666666666666
2009-12-15 05:00:00,0.7380333333333334,0.16256666666666666,248.07766666666666,3.0633333333333335,0.0,0.7833333333333333,6.316666666666666
2009-12-15 06:00:00,0.5411333333333332,0.07276666666666666,246.7045,2.33,0.0,0.0,0.6833333333333333
2009-12-15 07:00:00,2.0486333333333335,0.07263333333333333,242.54500000000002,8.483333333333333,0.0,0.0,11.3
2009-12-15 08:00:00,2.9002,0.2670666666666667,242.12266666666667,12.033333333333333,0.0,0.6666666666666666,19.433333333333334
2009-12-15 09:00:00,1.4564333333333332,0.046566666666666666,244.18733333333333,5.916666666666667,0.0,0.0,18.95
2009-12-15 10:00:00,1.5113333333333332,0.07273333333333333,244.94383333333332,6.15,0.0,0.0,19.05
2009-12-15 11:00:00,1.5679333333333334,0.1486333333333333,244.5485,6.386666666666667,0.0,0.6833333333333333,18.983333333333334
2009-12-15 12:00:00,1.4938666666666667,0.05673333333333333,245.28383333333335,6.056666666666667,0.0,0.0,19.1
2009-12-15 13:00:00,1.988,0.12763333333333335,245.90783333333331,8.053333333333333,0.0,0.0,19.2
2009-12-15 14:00:00,1.6087333333333333,0.0993,247.8805,6.42,0.0,0.6833333333333333,19.5
2009-12-15 15:00:00,1.7425,0.0522,248.47316666666666,6.943333333333333,0.0,0.0,19.583333333333332
2009-12-15 16:00:00,2.0676,0.06313333333333333,247.19366666666667,8.293333333333333,0.0,0.0,19.4
2009-12-15 17:00:00,1.1582000000000001,0.12106666666666667,243.46183333333332,4.753333333333333,0.0,0.6666666666666666,1.1833333333333333
2009-12-15 18:00:00,1.3861999999999999,0.11276666666666667,245.00750000000002,5.680000000000001,0.0,0.0,0.6833333333333333
2009-12-15 19:00:00,1.6940333333333333,0.26266666666666666,245.27349999999998,7.0233333333333325,0.0,0.0,0.6666666666666666
2009-12-15 20:00:00,1.7224666666666666,0.1501333333333333,245.03166666666667,7.033333333333333,0.36666666666666664,0.6666666666666666,6.766666666666667
2009-12-15 21:00:00,2.4862666666666664,0.12050000000000001,245.004,10.15,9.033333333333333,0.0,11.816666666666666
2009-12-15 22:00:00,1.7049666666666667,0.13056666666666666,247.62633333333332,6.97,9.116666666666667,0.0,12.3
2009-12-15 23:00:00,0.3421,0.12903333333333333,250.25433333333334,1.4733333333333334,0.0,0.6833333333333333,0.7
2009-12-16 00:00:00,0.2950333333333333,0.06306666666666666,249.22116666666668,1.19,0.0,0.0,0.7
2009-12-16 01:00:00,0.3074333333333333,0.08016666666666668,248.7025,1.2333333333333334,0.0,0.0,0.7
2009-12-16 02:00:00,0.3292,0.11613333333333334,249.63616666666667,1.4166666666666667,0.0,0.6666666666666666,0.7166666666666667
2009-12-16 03:00:00,0.2972,0.06376666666666667,250.022,1.2233333333333334,0.0,0.0,0.7
2009-12-16 04:00:00,0.31096666666666667,0.08220000000000001,251.07833333333335,1.2866666666666666,0.0,0.0,0.7166666666666667
2009-12-16 05:00:00,0.7834666666666668,0.10506666666666667,248.70600000000002,3.1733333333333333,0.0,0.5833333333333334,8.266666666666667
2009-12-16 06:00:00,0.8216,0.07386666666666668,247.15666666666667,3.3233333333333333,0.0,0.08333333333333333,8.166666666666666
2009-12-16 07:00:00,2.8514,0.1012,243.15633333333332,11.736666666666668,0.0,0.0,19.483333333333334
2009-12-16 08:00:00,1.5035666666666667,0.0894,243.9025,6.116666666666666,0.0,0.43333333333333335,18.9
2009-12-16 09:00:00,1.4476666666666667,0.08226666666666667,246.18733333333333,5.823333333333333,0.0,0.21666666666666667,19.233333333333334
2009-12-16 10:00:00,1.0433999999999999,0.0915,246.84116666666665,4.283333333333333,0.0,0.0,11.633333333333333
2009-12-16 11:00:00,0.9025,0.15466666666666665,247.215,3.8233333333333333,0.0,8.3,0.7
2009-12-16 12:00:00,0.4337,0.11883333333333333,248.4225,1.8866666666666667,0.0,0.4,0.6833333333333333
2009-12-16 13:00:00,0.5171666666666667,0.09756666666666666,246.68699999999998,2.1599999999999997,0.0,0.0,1.4333333333333333
2009-12-16 14:00:00,0.8975000000000001,0.10376666666666666,248.91083333333333,3.74,0.0,8.316666666666666,0.7
2009-12-16 15:00:00,1.5815,0.20536666666666664,249.27383333333333,6.6899999999999995,0.0,18.083333333333332,3.433333333333333
2009-12-16 16:00:00,1.5498333333333332,0.12186666666666666,247.97766666666666,6.36,0.0,8.366666666666667,10.416666666666666
2009-12-16 17:00:00,0.7335666666666667,0.14326666666666668,246.20666666666665,3.006666666666667,0.0,1.3166666666666667,0.6833333333333333
2009-12-16 18:00:00,0.5984333333333333,0.06906666666666667,246.04316666666668,2.4233333333333333,0.0,0.15,0.6833333333333333
2009-12-16 19:00:00,1.0748666666666666,0.13496666666666668,245.10933333333332,4.453333333333333,0.08333333333333333,0.15,2.1166666666666667
2009-12-16 20:00:00,2.563533333333333,0.1398,242.73333333333332,10.573333333333332,9.366666666666667,0.8666666666666667,14.683333333333334
2009-12-16 21:00:00,1.5547333333333335,0.1257,244.57699999999997,6.38,9.6,0.15,8.933333333333334
2009-12-16 22:00:00,0.35123333333333334,0.08446666666666668,247.75900000000001,1.4566666666666668,0.0,0.15,0.6833333333333333
2009-12-16 23:00:00,0.4984,0.12586666666666668,247.65533333333332,2.08,0.0,0.8166666666666667,0.7
2009-12-17 00:00:00,0.3283,0.08803333333333334,247.60683333333333,1.35,0.0,0.0,0.6833333333333333
2009-12-17 01:00:00,0.28950000000000004,0.0596,247.903,1.1833333333333333,0.0,0.03333333333333333,0.6833333333333333
2009-12-17 02:00:00,0.33016666666666666,0.12369999999999999,248.56816666666666,1.45,0.0,0.6666666666666666,0.7
2009-12-17 03:00:00,0.31649999999999995,0.09843333333333333,248.236,1.3533333333333333,0.0,0.0,0.7
2009-12-17 04:00:00,0.9229666666666667,0.04446666666666667,247.68883333333332,3.7,0.0,0.0,11.316666666666666
2009-12-17 05:00:00,0.32726666666666665,0.11853333333333334,248.10533333333333,1.4133333333333333,0.0,0.6833333333333333,0.7
2009-12-17 06:00:00,1.3760000000000001,0.14223333333333335,245.075,5.703333333333333,0.0,0.0,10.6
2009-12-17 07:00:00,1.9603333333333335,0.12436666666666667,242.99966666666666,8.076666666666666,0.0,0.0,16.85
2009-12-17 08:00:00,2.2571333333333334,0.1537,242.62216666666666,9.296666666666665,0.0,0.6833333333333333,19.516666666666666
2009-12-17 09:00:00,1.4112666666666667,0.07516666666666666,244.35833333333332,5.696666666666667,0.0,0.0,18.966666666666665
2009-12-17 10:00:00,1.3876333333333333,0.04973333333333333,243.74833333333333,5.623333333333333,0.0,0.0,18.866666666666667
2009-12-17 11:00:00,1.4512,0.11473333333333333,245.93283333333332,5.84,0.0,0.6833333333333333,19.183333333333334
2009-12-17 12:00:00,1.4356666666666666,0.07133333333333333,247.41266666666667,5.713333333333334,0.0,0.0,19.416666666666668
2009-12-17 13:00:00,1.4410333333333334,0.05796666666666666,249.37666666666667,5.76,0.0,0.0,19.733333333333334
2009-12-17 14:00:00,1.5277333333333334,0.14266666666666666,248.531,6.1,0.0,0.6833333333333333,20.316666666666666
2009-12-17 15:00:00,1.4649999999999999,0.08149999999999999,249.69983333333332,5.819999999999999,0.0,0.0,19.766666666666666
2009-12-17 16:00:00,0.4144333333333333,0.0746,251.71099999999998,1.66,0.0,0.0,2.25
2009-12-17 17:00:00,0.7052666666666667,0.1313,247.28316666666666,2.856666666666667,0.0,0.6666666666666666,0.6833333333333333
2009-12-17 18:00:00,1.1742333333333332,0.06553333333333333,246.40983333333332,4.7266666666666675,0.0,0.016666666666666666,0.6833333333333333
2009-12-17 19:00:00,2.6106333333333334,0.16266666666666665,246.60083333333333,10.53,0.0,0.0,13.416666666666666
2009-12-17 20:00:00,2.0917666666666666,0.11833333333333333,246.13083333333333,8.463333333333333,0.0,0.5,9.716666666666667
2009-12-17 21:00:00,1.3761,0.16636666666666666,244.89316666666667,5.656666666666666,0.0,0.18333333333333332,0.6666666666666666
2009-12-17 22:00:00,1.5674666666666668,0.09886666666666667,246.0555,6.34,0.0,0.0,11.983333333333333
2009-12-17 23:00:00,0.4521,0.11900000000000001,248.51016666666666,1.8766666666666665,0.0,0.3333333333333333,2.5166666666666666
2009-12-18 00:00:00,0.32366666666666666,0.1057,247.69133333333332,1.3766666666666665,0.0,0.36666666666666664,0.6833333333333333
2009-12-18 01:00:00,0.2917666666666667,0.05756666666666667,247.83950000000002,1.1766666666666665,0.0,0.0,0.7
2009-12-18 02:00:00,0.32053333333333334,0.09563333333333333,248.44216666666668,1.3266666666666667,0.0,0.11666666666666667,0.7
2009-12-18 03:00:00,0.3217333333333333,0.10293333333333334,248.56816666666666,1.3399999999999999,0.0,0.5666666666666667,0.6833333333333333
2009-12-18 04:00:00,0.2853333333333333,0.04853333333333333,247.54166666666666,1.1833333333333333,0.0,0.0,0.7
2009-12-18 05:00:00,0.3186666666666667,0.08486666666666666,246.76816666666667,1.35,0.0,0.0,0.6833333333333333
2009-12-18 06:00:00,1.4185666666666668,0.12736666666666668,245.70483333333334,5.8533333333333335,0.0,0.6833333333333333,13.4
2009-12-18 07:00:00,2.4590666666666667,0.14866666666666667,242.18233333333333,10.24,4.55,0.0,14.1
2009-12-18 08:00:00,2.7630666666666666,0.11333333333333333,240.72116666666668,11.46,5.633333333333334,0.0,18.416666666666668
2009-12-18 09:00:00,2.016966666666667,0.1043,243.01016666666666,8.326666666666666,9.733333333333333,0.6666666666666666,18.766666666666666
2009-12-18 10:00:00,1.4238,0.050366666666666664,245.39466666666667,5.776666666666666,0.0,0.0,19.1
2009-12-18 11:00:00,0.7720333333333333,0.10046666666666666,247.74133333333333,3.143333333333333,0.0,0.0,7.116666666666666
2009-12-18 12:00:00,0.4935,0.12856666666666666,249.24266666666665,2.0966666666666667,0.0,0.6666666666666666,0.7
2009-12-18 13:00:00,0.5646666666666668,0.10099999999999999,248.17783333333333,2.31,0.0,0.0,0.7
2009-12-18 14:00:00,1.4088,0.10323333333333333,248.18033333333332,5.636666666666667,0.0,0.0,16.95
2009-12-18 15:00:00,1.6655000000000002,0.13306666666666667,249.6881666666667,6.6466666666666665,0.0,0.36666666666666664,19.783333333333335
2009-12-18 16:00:00,1.5392333333333332,0.1028,250.1305,6.193333333333333,0.0,0.3,17.633333333333333
2009-12-18 17:00:00,1.1700333333333333,0.1056,245.55783333333332,4.796666666666667,0.0,0.0,0.6666666666666666
2009-12-18 18:00:00,1.3261333333333334,0.18243333333333334,245.42216666666667,5.516666666666667,0.0,0.05,2.1666666666666665
2009-12-18 19:00:00,2.2414666666666667,0.21443333333333334,243.78366666666668,9.266666666666667,0.0,0.6166666666666667,9.166666666666666
2009-12-18 20:00:00,1.6166666666666667,0.14306666666666665,245.06783333333334,6.636666666666667,0.0,0.0,0.6833333333333333
2009-12-18 21:00:00,2.3271,0.1306,244.26533333333333,9.496666666666668,0.0,0.0,13.4
2009-12-18 22:00:00,1.4802333333333333,0.12396666666666666,248.0625,5.96,0.0,0.6666666666666666,13.5
2009-12-18 23:00:00,0.5299,0.06513333333333333,249.09216666666669,2.13,0.0,0.0,0.7
2009-12-19 00:00:00,1.0469,0.0502,248.45466666666667,4.183333333333334,0.0,0.0,0.7
2009-12-19 01:00:00,1.3995666666666666,0.08923333333333333,244.35649999999998,5.6866666666666665,0.0,0.65,0.6666666666666666
2009-12-19 02:00:00,1.3840000000000001,0.051533333333333334,246.27766666666668,5.583333333333333,0.0,0.0,0.6833333333333333
2009-12-19 03:00:00,1.3799666666666668,0.03716666666666667,247.52266666666668,5.53,0.0,0.0,0.7
2009-12-19 04:00:00,1.4172,0.0728,248.654,5.663333333333333,0.0,0.36666666666666664,0.7
2009-12-19 05:00:00,1.9440666666666668,0.09723333333333332,247.93449999999999,7.816666666666666,0.0,0.3,9.3
2009-12-19 06:00:00,1.6378666666666668,0.04056666666666667,246.96866666666668,6.58,0.0,0.0,4.333333333333333
2009-12-19 07:00:00,3.3690333333333333,0.12716666666666668,241.72216666666665,13.896666666666667,0.0,0.0,19.433333333333334
2009-12-19 08:00:00,2.6384333333333334,0.27240000000000003,243.99733333333333,10.906666666666666,0.0,0.65,18.9
2009-12-19 09:00:00,1.4187666666666667,0.04396666666666667,243.05133333333333,5.786666666666666,0.0,0.0,18.766666666666666
2009-12-19 10:00:00,1.5622333333333331,0.11813333333333334,242.27316666666667,6.4366666666666665,0.0,0.0,18.65
2009-12-19 11:00:00,2.5508,0.18483333333333332,243.85883333333334,10.546666666666665,0.0,1.9166666666666667,19.816666666666666
2009-12-19 12:00:00,2.7031,0.13416666666666668,242.7295,11.206666666666667,0.38333333333333336,16.633333333333333,18.066666666666666
2009-12-19 13:00:00,2.2103666666666664,0.06166666666666667,245.78733333333332,9.03,9.75,3.1666666666666665,18.5
2009-12-19 14:00:00,1.9924333333333335,0.12643333333333334,248.04350000000002,8.013333333333334,9.283333333333333,0.6666666666666666,18.833333333333332
2009-12-19 15:00:00,1.6306666666666667,0.0667,250.11166666666668,6.48,0.0,0.0,19.15
2009-12-19 16:00:00,1.4029666666666667,0.0626,248.87733333333333,5.586666666666667,0.0,0.2,18.95
2009-12-19 17:00:00,1.3959333333333332,0.13146666666666668,243.94549999999998,5.666666666666667,0.0,0.48333333333333334,18.233333333333334
2009-12-19 18:00:00,0.4681,0.04923333333333334,244.7243333333333,1.8900000000000001,0.0,0.0,3.6333333333333333
2009-12-19 19:00:00,1.4564,0.1261,244.30249999999998,6.1466666666666665,0.0,12.933333333333334,0.0
2009-12-19 20:00:00,0.6323000000000001,0.1234,246.49183333333335,2.6866666666666665,0.0,4.816666666666666,0.0
2009-12-19 21:00:00,0.36043333333333333,0.06923333333333333,246.3718333333333,1.47,0.0,0.5666666666666667,0.0
2009-12-19 22:00:00,0.36963333333333337,0.0807,246.5495,1.5366666666666666,0.0,0.45,0.0
2009-12-19 23:00:00,0.36773333333333336,0.07653333333333333,249.4226666666667,1.5,0.0,0.5666666666666667,0.0
2009-12-20 00:00:00,0.3376666666666666,0.0406,249.44383333333332,1.3666666666666667,0.0,0.15,0.0
2009-12-20 01:00:00,1.3618666666666668,0.1093,247.43266666666668,5.5,0.0,0.3,15.7
2009-12-20 02:00:00,0.6015333333333334,0.0869,249.67433333333332,2.4433333333333334,0.0,0.7166666666666667,5.166666666666667
2009-12-20 03:00:00,0.2599666666666666,0.05306666666666667,249.75433333333334,1.0666666666666667,0.0,0.06666666666666667,0.0
2009-12-20 04:00:00,0.2582,0.05693333333333333,250.67216666666667,1.0466666666666666,0.0,0.0,0.0
2009-12-20 05:00:00,0.2817,0.09196666666666667,249.36633333333333,1.1966666666666665,0.0,0.6666666666666666,0.0
2009-12-20 06:00:00,0.2636,0.05893333333333333,251.235,1.0533333333333335,0.0,0.0,0.0
2009-12-20 07:00:00,0.2503666666666667,0.0423,248.60466666666667,0.9933333333333334,0.0,0.0,0.0
2009-12-20 08:00:00,2.7097333333333333,0.24323333333333333,245.02416666666667,11.229999999999999,20.6,0.6333333333333333,8.266666666666667
2009-12-20 09:00:00,2.1105666666666667,0.12686666666666666,243.10716666666667,8.666666666666666,0.016666666666666666,0.03333333333333333,18.116666666666667
2009-12-20 10:00:00,1.5639,0.06823333333333334,244.0045,6.366666666666666,0.0,0.0,18.25
2009-12-20 11:00:00,1.4786333333333335,0.08363333333333332,244.98999999999998,6.003333333333333,0.0,0.0,18.383333333333333
2009-12-20 12:00:00,1.503,0.11136666666666667,244.21533333333335,6.113333333333333,0.0,0.65,18.283333333333335
2009-12-20 13:00:00,1.3260333333333334,0.04593333333333334,247.52033333333333,5.283333333333333,0.0,0.0,16.416666666666668
2009-12-20 14:00:00,0.35856666666666664,0.06916666666666667,249.6455,1.4333333333333333,0.0,0.0,0.0
2009-12-20 15:00:00,0.38699999999999996,0.12046666666666667,251.71983333333336,1.6166666666666667,0.0,0.6833333333333333,0.0
2009-12-20 16:00:00,0.33640000000000003,0.0524,248.4633333333333,1.3966666666666667,0.0,0.0,0.0
2009-12-20 17:00:00,0.3573,0.07533333333333332,246.524,1.4966666666666666,0.0,0.0,0.0
2009-12-20 18:00:00,0.3422,0.0541,245.78033333333332,1.4,0.0,0.05,0.0
2009-12-20 19:00:00,0.36956666666666665,0.09443333333333334,244.2365,1.53,0.0,0.6,0.0
2009-12-20 20:00:00,0.34146666666666664,0.053766666666666664,245.32850000000002,1.4166666666666667,0.0,0.0,0.0
2009-12-20 21:00:00,0.9847666666666667,0.05963333333333333,245.67233333333334,4.006666666666666,0.0,0.0,10.9
2009-12-20 22:00:00,0.8103666666666667,0.1614,246.78433333333334,3.3366666666666664,0.0,0.6666666666666666,0.43333333333333335
2009-12-20 23:00:00,0.4750333333333333,0.07503333333333333,249.24066666666667,1.9033333333333333,0.0,0.0,0.0
2009-12-21 00:00:00,0.2700333333333333,0.064,248.9905,1.1,0.0,0.0,0.0
2009-12-21 01:00:00,0.2543666666666667,0.052033333333333334,247.67916666666667,1.0366666666666666,0.0,0.13333333333333333,0.0
2009-12-21 02:00:00,0.6936666666666667,0.09103333333333333,248.12066666666666,2.853333333333333,0.0,0.5166666666666667,6.766666666666667
2009-12-21 03:00:00,0.5978666666666667,0.0514,248.80433333333335,2.4266666666666667,0.0,0.0,5.733333333333333
2009-12-21 04:00:00,0.2446,0.03883333333333334,249.58216666666667,0.9766666666666667,0.0,0.0,0.0
2009-12-21 05:00:00,0.30966666666666665,0.1263,250.17166666666665,1.3066666666666669,0.0,0.6666666666666666,0.0
2009-12-21 06:00:00,0.5726666666666667,0.05173333333333333,250.04733333333334,2.3666666666666667,0.0,0.0,0.0
2009-12-21 07:00:00,1.6867333333333334,0.1407,245.24783333333335,6.8966666666666665,0.0,0.0,9.55
2009-12-21 08:00:00,1.0408666666666666,0.051866666666666665,245.29350000000002,4.1866666666666665,0.0,0.03333333333333333,13.133333333333333
2009-12-21 09:00:00,0.4185666666666667,0.11653333333333334,243.77633333333333,1.7866666666666666,0.0,0.6166666666666667,0.0
2009-12-21 10:00:00,0.4426333333333333,0.07096666666666666,244.98250000000002,1.8333333333333333,0.0,0.0,0.0
2009-12-21 11:00:00,0.8802666666666668,0.0909,245.60983333333334,3.6333333333333333,0.0,0.0,0.0
2009-12-21 12:00:00,1.8671666666666666,0.097,244.09583333333333,7.6,0.0,0.6666666666666666,18.283333333333335
2009-12-21 13:00:00,1.7466666666666666,0.08633333333333333,246.77133333333333,7.026666666666667,0.0,0.0,18.65
2009-12-21 14:00:00,1.5842333333333334,0.09133333333333334,249.37533333333334,6.303333333333333,0.0,0.0,19.05
2009-12-21 15:00:00,1.8779666666666666,0.061566666666666665,249.69116666666665,7.466666666666667,0.0,0.0,19.083333333333332
2009-12-21 16:00:00,2.0193666666666665,0.1267,246.76016666666666,8.113333333333333,0.0,0.6833333333333333,18.65
2009-12-21 17:00:00,1.5836000000000001,0.1333666666666667,243.83800000000002,6.486666666666666,0.0,0.0,7.466666666666667
2009-12-21 18:00:00,1.4088,0.10896666666666667,243.22616666666667,5.760000000000001,0.0,0.0,0.0
2009-12-21 19:00:00,3.3253,0.2923,240.853,13.923333333333334,18.366666666666667,0.6333333333333333,0.0
2009-12-21 20:00:00,4.211433333333334,0.32603333333333334,242.763,17.513333333333332,26.05,0.05,15.633333333333333
2009-12-21 21:00:00,2.932466666666667,0.2662,244.45016666666666,12.023333333333333,5.283333333333333,0.0,18.3
2009-12-21 22:00:00,2.2490666666666663,0.17823333333333335,245.994,9.173333333333334,5.183333333333334,0.0,6.683333333333334
2009-12-21 23:00:00,1.6981,0.1514666666666667,247.69716666666667,6.886666666666667,0.0,0.7,14.233333333333333
2009-12-22 00:00:00,0.40390000000000004,0.0764,250.05683333333334,1.8133333333333332,0.0,0.0,0.0
2009-12-22 01:00:00,0.29256666666666664,0.0788,246.98416666666665,1.2133333333333334,0.0,0.0,0.0
2009-12-22 02:00:00,0.3061333333333333,0.11389999999999999,246.95983333333334,1.29,0.0,0.6833333333333333,0.0
2009-12-22 03:00:00,0.27423333333333333,0.06343333333333333,247.6355,1.14,0.0,0.0,0.0
2009-12-22 04:00:00,0.25776666666666664,0.04586666666666666,249.0258333333333,1.0166666666666666,0.0,0.0,0.0
2009-12-22 05:00:00,0.2939,0.0949,247.67533333333333,1.2366666666666668,0.0,0.03333333333333333,0.0
2009-12-22 06:00:00,1.1781,0.12183333333333334,245.45216666666664,4.873333333333333,0.0,0.65,9.733333333333333
2009-12-22 07:00:00,2.0279,0.1408333333333333,244.72683333333333,8.316666666666666,0.0,0.0,13.983333333333333
2009-12-22 08:00:00,1.5445,0.08786666666666668,246.12733333333333,6.243333333333334,0.0,0.0,18.566666666666666
2009-12-22 09:00:00,1.9403000000000001,0.20570000000000002,243.40116666666665,8.006666666666666,0.0,0.6666666666666666,18.15
2009-12-22 10:00:00,1.3756,0.058166666666666665,243.61916666666667,5.5600000000000005,0.0,0.0,18.183333333333334
2009-12-22 11:00:00,1.6849999999999998,0.1044,243.61966666666666,7.006666666666666,0.0,0.0,18.183333333333334
2009-12-22 12:00:00,1.4463000000000001,0.0648,245.1218333333333,5.846666666666667,0.0,0.08333333333333333,18.416666666666668
2009-12-22 13:00:00,1.5204666666666666,0.14046666666666668,245.62416666666667,6.213333333333334,0.0,0.6,18.466666666666665
2009-12-22 14:00:00,1.1657,0.0672,246.73383333333334,4.716666666666667,0.0,0.0,14.4
2009-12-22 15:00:00,0.4930333333333333,0.06956666666666668,248.35816666666668,1.9966666666666666,0.0,0.0,0.0
2009-12-22 16:00:00,0.8711,0.1957,245.5775,3.6133333333333337,0.0,0.6666666666666666,0.0
2009-12-22 17:00:00,1.3599333333333334,0.23466666666666666,241.91716666666667,5.666666666666667,0.0,0.0,5.483333333333333
2009-12-22 18:00:00,2.5789,0.043533333333333334,243.39566666666667,10.520000000000001,0.0,0.0,18.166666666666668
2009-12-22 19:00:00,2.710066666666667,0.15696666666666664,244.369,11.053333333333335,0.0,0.3,18.3
2009-12-22 20:00:00,2.2421333333333333,0.0708,245.39350000000002,9.113333333333333,0.0,0.38333333333333336,18.45
2009-12-22 21:00:00,2.4649,0.13893333333333333,244.292,10.06,0.0,0.0,18.3
2009-12-22 22:00:00,1.5940333333333332,0.05453333333333333,244.4235,6.48,0.0,0.0,18.3
2009-12-22 23:00:00,1.4405666666666666,0.12676666666666667,247.23233333333334,5.78,0.0,0.6833333333333333,18.733333333333334
2009-12-23 00:00:00,1.3559666666666668,0.04343333333333333,245.435,5.4366666666666665,0.0,0.0,18.45
2009-12-23 01:00:00,1.3705,0.06793333333333333,244.55,5.489999999999999,0.0,0.0,18.333333333333332
2009-12-23 02:00:00,1.4141000000000001,0.09373333333333332,247.082,5.676666666666667,0.0,0.5,18.7
2009-12-23 03:00:00,1.4170666666666667,0.07033333333333333,248.82833333333335,5.626666666666667,0.0,0.16666666666666666,18.966666666666665
2009-12-23 04:00:00,1.3957000000000002,0.04796666666666667,249.139,5.573333333333334,0.0,0.0,19.0
2009-12-23 05:00:00,1.3946666666666667,0.048833333333333326,248.25533333333334,5.573333333333333,0.0,0.0,18.866666666666667
2009-12-23 06:00:00,0.5378666666666666,0.12663333333333332,247.56766666666667,2.2633333333333336,0.0,0.6666666666666666,0.31666666666666665
2009-12-23 07:00:00,1.6946666666666665,0.2125,244.31066666666666,7.11,0.0,0.0,1.9333333333333333
2009-12-23 08:00:00,2.062,0.09333333333333334,244.34766666666667,8.45,9.4,0.0,17.916666666666668
2009-12-23 09:00:00,1.3944,0.0991,243.55066666666667,5.753333333333333,9.633333333333333,0.65,3.35
2009-12-23 10:00:00,0.8989666666666667,0.101,245.5495,3.686666666666667,0.016666666666666666,0.016666666666666666,9.166666666666666
2009-12-23 11:00:00,0.2493,0.05773333333333333,248.08233333333334,1.0566666666666669,0.0,0.0,0.0
2009-12-23 12:00:00,0.2811333333333333,0.08896666666666667,248.39983333333333,1.1466666666666667,0.0,0.08333333333333333,0.0
2009-12-23 13:00:00,0.2952,0.11309999999999999,249.068,1.2466666666666666,0.0,0.6,0.0
2009-12-23 14:00:00,0.2843,0.09746666666666666,250.92749999999998,1.1866666666666668,0.0,0.0,0.0
2009-12-23 15:00:00,0.25526666666666664,0.05213333333333334,251.012,1.0233333333333332,0.0,0.0,0.0
2009-12-23 16:00:00,0.34563333333333335,0.14723333333333333,250.07616666666667,1.4766666666666666,0.0,0.6833333333333333,0.43333333333333335
2009-12-23 17:00:00,0.9403,0.039433333333333334,245.05333333333334,3.8233333333333333,0.0,0.0,10.033333333333333
2009-12-23 18:00:00,1.7833333333333334,0.20650000000000002,243.28416666666666,7.36,0.0,0.0,5.716666666666667
2009-12-23 19:00:00,1.9865333333333333,0.08793333333333334,244.95116666666667,8.103333333333333,0.0,0.36666666666666664,14.016666666666667
2009-12-23 20:00:00,0.9799,0.0755,248.26166666666668,3.9066666666666667,0.0,0.3333333333333333,0.0
2009-12-23 21:00:00,1.2209999999999999,0.07673333333333333,243.56883333333332,4.993333333333334,0.0,0.0,10.116666666666667
2009-12-23 22:00:00,0.3924666666666667,0.08549999999999999,246.5,1.63,0.0,0.0,1.4333333333333333
2009-12-23 23:00:00,0.3030666666666667,0.1239,247.29433333333333,1.32,0.0,0.6666666666666666,0.0
2009-12-24 00:00:00,0.2536,0.06146666666666667,246.96766666666664,1.0466666666666666,0.0,0.0,0.0
2009-12-24 01:00:00,0.2609,0.06646666666666666,248.00566666666666,1.0633333333333332,0.0,0.0,0.0
2009-12-24 02:00:00,0.29606666666666664,0.11826666666666667,249.98266666666666,1.2633333333333332,0.0,0.6833333333333333,0.0
2009-12-24 03:00:00,0.2753,0.08410000000000001,249.00216666666668,1.1433333333333333,0.0,0.0,0.0
2009-12-24 04:00:00,0.24516666666666664,0.045366666666666666,248.5865,0.9833333333333333,0.0,0.0,0.0
2009-12-24 05:00:00,0.8527666666666666,0.07200000000000001,246.0855,3.463333333333333,0.0,0.16666666666666666,9.65
2009-12-24 06:00:00,0.4683333333333333,0.09126666666666666,249.54083333333335,2.01,0.0,0.5166666666666667,0.0
2009-12-24 07:00:00,0.7367666666666667,0.08403333333333333,247.73266666666666,2.9766666666666666,0.0,0.0,0.0
2009-12-24 08:00:00,1.0181,0.15943333333333334,245.16616666666667,4.21,0.0,0.0,0.0
2009-12-24 09:00:00,1.0532,0.2741,244.92116666666666,4.453333333333333,0.0,0.6833333333333333,0.0
2009-12-24 10:00:00,0.5526333333333333,0.06016666666666667,245.26049999999998,2.2233333333333336,0.0,0.0,2.3333333333333335
2009-12-24 11:00:00,1.6114666666666666,0.0494,244.41433333333333,6.526666666666667,0.0,0.0,13.933333333333334
2009-12-24 12:00:00,1.6921,0.12689999999999999,245.27816666666666,6.883333333333334,0.0,0.7333333333333333,18.433333333333334
2009-12-24 13:00:00,1.4926666666666668,0.14476666666666665,247.74983333333333,6.02,0.0,0.2833333333333333,18.783333333333335
2009-12-24 14:00:00,1.5016,0.060533333333333335,248.00583333333333,6.003333333333333,0.0,0.0,18.883333333333333
2009-12-24 15:00:00,3.508666666666667,0.1461,248.4055,14.193333333333333,0.0,20.183333333333334,20.35
2009-12-24 16:00:00,4.533266666666666,0.3423,246.2255,18.52,0.0,22.066666666666666,20.016666666666666
2009-12-24 17:00:00,4.670966666666667,0.11076666666666667,241.99766666666667,19.34,0.0,28.783333333333335,18.6
2009-12-24 18:00:00,4.5629333333333335,0.21533333333333332,244.44549999999998,18.736666666666668,11.283333333333333,15.883333333333333,18.966666666666665
2009-12-24 19:00:00,4.675233333333334,0.3493,244.3175,19.276666666666664,31.8,1.25,18.95
2009-12-24 20:00:00,4.393933333333334,0.23026666666666668,241.74433333333334,18.313333333333333,24.616666666666667,0.15,18.566666666666666
2009-12-24 21:00:00,2.9717333333333333,0.09003333333333334,243.71733333333333,12.183333333333334,5.983333333333333,0.16666666666666666,18.866666666666667
2009-12-24 22:00:00,2.9576333333333333,0.20056666666666667,243.59949999999998,12.133333333333333,0.5666666666666667,1.2,18.833333333333332
2009-12-24 23:00:00,3.8465333333333334,0.21139999999999998,238.89033333333333,16.08,12.15,0.16666666666666666,18.133333333333333
2009-12-25 00:00:00,1.6606999999999998,0.11453333333333333,241.8325,6.816666666666666,0.0,0.15,18.583333333333332
2009-12-25 01:00:00,1.4057,0.0827,241.2275,5.79,0.0,0.48333333333333334,18.483333333333334
2009-12-25 02:00:00,1.0993,0.13553333333333334,244.0265,4.53,0.0,0.5833333333333334,13.033333333333333
2009-12-25 03:00:00,0.3091333333333333,0.06836666666666667,246.191,1.2633333333333332,0.0,0.0,0.6833333333333333
2009-12-25 04:00:00,0.30033333333333334,0.06453333333333333,244.49016666666665,1.2366666666666668,0.0,0.0,0.6666666666666666
2009-12-25 05:00:00,0.35083333333333333,0.13323333333333334,244.23833333333332,1.5166666666666666,0.0,0.7833333333333333,0.6666666666666666
2009-12-25 06:00:00,0.29303333333333337,0.051133333333333336,243.13633333333334,1.2066666666666668,0.0,0.016666666666666666,0.6666666666666666
2009-12-25 07:00:00,0.43193333333333334,0.07426666666666668,244.67866666666666,1.7766666666666666,0.0,0.0,0.6666666666666666
2009-12-25 08:00:00,1.0191666666666666,0.1146,243.54683333333332,4.293333333333334,0.0,0.15,0.6666666666666666
2009-12-25 09:00:00,2.032433333333333,0.23093333333333332,242.28216666666668,8.613333333333333,0.0,15.583333333333334,8.566666666666666
2009-12-25 10:00:00,2.7851,0.08460000000000001,241.45983333333334,11.606666666666666,0.0,20.083333333333332,18.516666666666666
2009-12-25 11:00:00,0.8775999999999999,0.17186666666666667,244.2133333333333,3.82,0.0,1.5333333333333334,6.483333333333333
2009-12-25 12:00:00,1.3477333333333334,0.09949999999999999,243.62016666666665,5.713333333333334,0.0,16.5,0.6666666666666666
2009-12-25 13:00:00,0.9920666666666667,0.082,244.32966666666667,4.333333333333333,0.0,6.583333333333333,0.6666666666666666
2009-12-25 14:00:00,1.6162666666666667,0.121,246.0245,6.64,4.883333333333334,0.9333333333333333,12.15
2009-12-25 15:00:00,3.662,0.38,244.17683333333335,15.046666666666665,45.3,0.0,0.6666666666666666
2009-12-25 16:00:00,1.5948333333333333,0.2648,245.35833333333332,6.663333333333333,5.9,0.0,3.4166666666666665
2009-12-25 17:00:00,3.2292,0.2523666666666667,240.39249999999998,13.443333333333333,0.1,0.5333333333333333,19.116666666666667
2009-12-25 18:00:00,2.629633333333333,0.2893,242.75966666666667,10.879999999999999,0.0,0.23333333333333334,18.716666666666665
2009-12-25 19:00:00,1.7162333333333335,0.08776666666666667,243.74083333333334,7.010000000000001,0.0,0.0,19.666666666666668
2009-12-25 20:00:00,1.4938,0.0619,243.72383333333335,6.0600000000000005,0.0,0.16666666666666666,18.866666666666667
2009-12-25 21:00:00,1.4938666666666667,0.11553333333333334,241.3671666666667,6.15,0.0,0.6,18.516666666666666
2009-12-25 22:00:00,1.6653666666666667,0.06776666666666667,242.8705,6.8133333333333335,0.0,0.0,18.733333333333334
2009-12-25 23:00:00,1.4545333333333332,0.05816666666666667,246.432,5.84,0.0,0.0,19.266666666666666
2009-12-26 00:00:00,1.4649666666666665,0.1105,245.44783333333334,5.9399999999999995,0.0,0.75,19.116666666666667
2009-12-26 01:00:00,1.4076,0.06746666666666666,242.50333333333336,5.736666666666666,0.0,0.0,18.683333333333334
2009-12-26 02:00:00,1.3799,0.04156666666666667,244.33100000000002,5.5566666666666675,0.0,0.0,18.95
2009-12-26 03:00:00,1.411,0.11393333333333334,244.7775,5.713333333333334,0.0,0.5166666666666667,18.566666666666666
2009-12-26 04:00:00,0.2970333333333333,0.07050000000000001,245.99733333333333,1.2466666666666666,0.0,0.21666666666666667,0.6833333333333333
2009-12-26 05:00:00,0.31193333333333334,0.08600000000000001,246.22133333333335,1.3066666666666664,0.0,0.0,0.6666666666666666
2009-12-26 06:00:00,0.29313333333333336,0.05366666666666667,246.63716666666667,1.1966666666666665,0.0,0.0,0.7
2009-12-26 07:00:00,0.3497,0.14496666666666666,244.83966666666666,1.5433333333333332,0.0,0.75,0.6666666666666666
2009-12-26 08:00:00,0.525,0.07553333333333333,244.2775,2.243333333333333,0.0,0.0,0.6666666666666666
2009-12-26 09:00:00,2.109766666666667,0.0891,242.79683333333332,8.78,5.833333333333333,10.383333333333333,11.7
2009-12-26 10:00:00,2.8552666666666666,0.1807,240.55766666666665,11.916666666666666,4.45,16.716666666666665,18.383333333333333
2009-12-26 11:00:00,2.7611333333333334,0.12510000000000002,238.41266666666667,11.626666666666667,9.483333333333333,8.816666666666666,18.983333333333334
2009-12-26 12:00:00,2.4856,0.10046666666666666,239.01333333333332,10.406666666666666,0.0,7.583333333333333,18.166666666666668
2009-12-26 13:00:00,1.8611333333333335,0.08499999999999999,239.60866666666666,7.746666666666667,0.0,0.5333333333333333,18.233333333333334
2009-12-26 14:00:00,1.7106666666666668,0.10779999999999999,242.99133333333333,7.04,0.0,0.7666666666666667,17.6
2009-12-26 15:00:00,0.4703333333333333,0.10640000000000001,244.80900000000003,2.0233333333333334,0.0,0.016666666666666666,0.6666666666666666
2009-12-26 16:00:00,0.8370333333333334,0.19906666666666667,244.29583333333332,3.51,0.0,0.0,0.6666666666666666
2009-12-26 17:00:00,2.160166666666667,0.22156666666666666,238.50366666666665,9.139999999999999,0.0,13.483333333333333,1.4166666666666667
2009-12-26 18:00:00,2.024566666666667,0.3252,238.0115,8.683333333333334,0.0,10.283333333333333,1.55
2009-12-26 19:00:00,2.4467333333333334,0.05276666666666666,238.78316666666666,10.21,0.0,0.0,18.133333333333333
2009-12-26 20:00:00,1.9535666666666667,0.07400000000000001,239.93516666666667,8.166666666666666,0.0,0.0,6.616666666666666
2009-12-26 21:00:00,1.9435333333333333,0.1056,240.0635,8.05,0.0,0.75,18.316666666666666
2009-12-26 22:00:00,1.7349333333333334,0.0781,241.96450000000002,7.1,0.0,0.0,18.616666666666667
2009-12-26 23:00:00,1.5989333333333333,0.0664,244.39766666666668,6.47,0.0,0.0,19.7
2009-12-27 00:00:00,1.4993,0.13726666666666668,244.56466666666665,6.086666666666667,0.0,0.8333333333333334,19.0
2009-12-27 01:00:00,0.5181333333333333,0.0422,243.8975,2.1,0.0,0.0,4.116666666666666
2009-12-27 02:00:00,0.3249666666666667,0.07616666666666667,246.61266666666668,1.35,0.0,0.0,0.6833333333333333
2009-12-27 03:00:00,0.3011,0.066,246.59366666666668,1.24,0.0,0.16666666666666666,0.6833333333333333
2009-12-27 04:00:00,0.466,0.1346,246.78816666666668,1.9366666666666668,0.0,0.6,0.6833333333333333
2009-12-27 05:00:00,0.2851,0.0461,246.14666666666665,1.1900000000000002,0.0,0.0,0.6833333333333333
2009-12-27 06:00:00,0.3078,0.07656666666666667,245.96416666666667,1.2533333333333334,0.0,0.0,0.6833333333333333
2009-12-27 07:00:00,0.3308666666666667,0.11436666666666667,244.75766666666667,1.4333333333333333,0.0,0.7333333333333333,0.6833333333333333
2009-12-27 08:00:00,0.9059666666666666,0.0819,244.29883333333333,3.7766666666666664,0.0,0.0,7.216666666666667
2009-12-27 09:00:00,1.0520333333333334,0.07756666666666666,241.91533333333334,4.423333333333333,0.18333333333333332,0.0,8.85
2009-12-27 10:00:00,1.2220666666666666,0.12166666666666666,243.84900000000002,5.053333333333333,9.633333333333333,0.4,0.6666666666666666
2009-12-27 11:00:00,1.436,0.10976666666666667,242.708,5.933333333333334,9.666666666666666,0.3333333333333333,1.3833333333333333
2009-12-27 12:00:00,1.4527,0.09483333333333334,243.30616666666668,6.04,0.0,0.0,11.216666666666667
2009-12-27 13:00:00,2.384066666666667,0.14683333333333334,241.44283333333334,9.95,10.833333333333334,0.0,18.533333333333335
2009-12-27 14:00:00,1.8672666666666666,0.13433333333333333,243.13616666666667,7.633333333333334,0.0,0.75,18.766666666666666
2009-12-27 15:00:00,2.0664333333333333,0.14483333333333331,243.6218333333333,8.453333333333333,0.0,0.0,18.866666666666667
2009-12-27 16:00:00,2.059266666666667,0.08586666666666667,241.94816666666665,8.436666666666666,0.0,0.0,18.6
2009-12-27 17:00:00,2.603466666666667,0.30063333333333336,236.92483333333334,11.033333333333333,0.0,0.65,17.833333333333332
2009-12-27 18:00:00,2.8847333333333336,0.4105,236.50283333333334,12.256666666666666,0.31666666666666665,0.1,17.8
2009-12-27 19:00:00,2.9728,0.1928,237.82216666666667,12.536666666666667,8.166666666666666,0.0,18.383333333333333
2009-12-27 20:00:00,3.5632666666666664,0.31706666666666666,237.76716666666667,15.15,21.616666666666667,0.18333333333333332,8.35
2009-12-27 21:00:00,2.7803666666666667,0.3766333333333333,238.0935,11.883333333333333,9.883333333333333,0.55,1.6666666666666667
2009-12-27 22:00:00,2.1058666666666666,0.0727,240.79316666666668,8.71,0.0,0.0,11.483333333333333
2009-12-27 23:00:00,1.2013,0.09153333333333333,244.52983333333336,4.8933333333333335,0.0,0.0,0.6666666666666666
2009-12-28 00:00:00,0.4446333333333333,0.1784,244.859,1.9200000000000002,0.0,0.75,1.4666666666666666
2009-12-28 01:00:00,0.3302,0.08826666666666666,244.37316666666666,1.3633333333333333,0.0,0.0,0.6666666666666666
2009-12-28 02:00:00,0.6073000000000001,0.06516666666666666,246.9921666666667,2.4699999999999998,0.0,0.0,5.516666666666667
2009-12-28 03:00:00,0.6580333333333334,0.13586666666666666,247.44633333333334,2.79,0.0,0.6166666666666667,5.683333333333334
2009-12-28 04:00:00,0.34126666666666666,0.10383333333333335,248.2665,1.4866666666666668,0.0,0.13333333333333333,0.6833333333333333
2009-12-28 05:00:00,0.32280000000000003,0.07356666666666666,247.971,1.35,0.0,0.0,0.7
2009-12-28 06:00:00,0.3431,0.099,246.2945,1.4766666666666666,0.0,0.11666666666666667,0.6833333333333333
2009-12-28 07:00:00,0.4018,0.13033333333333333,244.80316666666667,1.71,0.0,0.65,0.6666666666666666
2009-12-28 08:00:00,1.5490666666666668,0.11926666666666667,241.58383333333333,6.48,0.0,0.0,10.483333333333333
2009-12-28 09:00:00,2.5159666666666665,0.10163333333333333,237.9315,10.606666666666666,8.85,0.0,18.883333333333333
2009-12-28 10:00:00,2.1973,0.14766666666666667,239.72066666666666,9.146666666666667,9.816666666666666,0.75,18.266666666666666
2009-12-28 11:00:00,1.4498333333333333,0.07166666666666667,243.773,5.906666666666666,0.35,0.0,18.866666666666667
2009-12-28 12:00:00,1.4399,0.08063333333333333,244.92366666666666,5.836666666666667,0.0,0.0,19.05
2009-12-28 13:00:00,1.4998,0.12636666666666665,244.864,6.096666666666667,0.0,0.43333333333333335,19.783333333333335
2009-12-28 14:00:00,1.4643333333333333,0.1009,246.69616666666667,5.87,0.0,0.36666666666666664,19.316666666666666
2009-12-28 15:00:00,1.7176333333333331,0.0969,247.888,6.8933333333333335,0.0,3.2,19.5
2009-12-28 16:00:00,2.2475333333333336,0.1728333333333333,245.77216666666666,9.246666666666666,0.0,24.183333333333334,5.216666666666667
2009-12-28 17:00:00,1.293,0.1367,241.656,5.3533333333333335,0.0,1.0,0.65
2009-12-28 18:00:00,3.1514,0.19523333333333334,239.30083333333332,13.153333333333334,0.0,0.16666666666666666,13.8
2009-12-28 19:00:00,3.1572666666666667,0.22253333333333333,239.19366666666667,13.203333333333335,0.0,0.3,19.033333333333335
2009-12-28 20:00:00,2.6081999999999996,0.19,240.65416666666667,10.85,0.3333333333333333,0.9166666666666666,18.4
2009-12-28 21:00:00,2.5450666666666666,0.0575,239.03166666666667,10.633333333333333,8.316666666666666,0.0,16.883333333333333
2009-12-28 22:00:00,1.9505000000000001,0.11983333333333332,241.74099999999999,8.08,8.583333333333334,0.0,9.75
2009-12-28 23:00:00,0.6657,0.21369999999999997,244.9265,2.8766666666666665,0.0,0.8,4.95
2009-12-29 00:00:00,0.3343333333333333,0.08993333333333334,243.80983333333333,1.4,0.0,0.0,0.6666666666666666
2009-12-29 01:00:00,0.3395,0.10876666666666666,243.58333333333334,1.43,0.0,0.0,0.6666666666666666
2009-12-29 02:00:00,0.33640000000000003,0.10756666666666666,245.796,1.4200000000000002,0.0,0.36666666666666664,0.6833333333333333
2009-12-29 03:00:00,0.35983333333333334,0.14966666666666667,246.1635,1.5466666666666666,0.0,0.5333333333333333,0.6833333333333333
2009-12-29 04:00:00,0.36360000000000003,0.08916666666666666,245.62483333333333,1.53,0.0,0.0,1.45
2009-12-29 05:00:00,0.5362666666666667,0.059533333333333334,244.21383333333333,2.1933333333333334,0.0,0.0,4.433333333333334
2009-12-29 06:00:00,0.7254333333333333,0.1712,244.44316666666666,3.103333333333333,0.0,0.7666666666666667,6.416666666666667
2009-12-29 07:00:00,0.9098333333333334,0.1219,242.8655,3.8433333333333333,0.0,0.0,0.6666666666666666
2009-12-29 08:00:00,1.4683,0.2683666666666667,243.30683333333334,6.183333333333334,0.0,0.0,0.6666666666666666
2009-12-29 09:00:00,3.0890666666666666,0.3083666666666666,239.27866666666665,12.976666666666667,0.0,0.38333333333333336,18.15
2009-12-29 10:00:00,2.1578333333333335,0.4273666666666667,242.12333333333333,9.073333333333332,0.0,0.4166666666666667,8.8
2009-12-29 11:00:00,2.0806,0.1532,241.65916666666666,8.74,0.0,0.0,10.283333333333333
2009-12-29 12:00:00,1.9888000000000001,0.19576666666666667,243.0625,8.25,0.0,0.0,19.533333333333335
2009-12-29 13:00:00,1.7389333333333332,0.17233333333333334,243.95499999999998,7.113333333333333,0.0,0.9333333333333333,19.733333333333334
2009-12-29 14:00:00,3.2437,0.1683,244.43033333333332,13.286666666666667,15.783333333333333,0.0,18.966666666666665
2009-12-29 15:00:00,2.813533333333333,0.1177,245.84083333333334,11.43,5.216666666666667,0.0,19.166666666666668
2009-12-29 16:00:00,1.5685333333333333,0.3002,245.84583333333333,6.486666666666666,0.0,0.4166666666666667,1.5
2009-12-29 17:00:00,1.7900333333333334,0.2747,241.85166666666666,7.453333333333333,0.0,0.48333333333333334,0.6666666666666666
2009-12-29 18:00:00,2.5058333333333334,0.10759999999999999,242.35649999999998,10.306666666666667,0.0,0.0,10.85
2009-12-29 19:00:00,1.6137333333333332,0.16213333333333332,241.7945,6.693333333333333,0.0,0.0,1.4833333333333334
2009-12-29 20:00:00,0.715,0.06183333333333333,243.13183333333333,2.9766666666666666,0.0,0.9,1.4666666666666666
2009-12-29 21:00:00,0.9525666666666667,0.051133333333333336,237.5325,3.9766666666666666,0.0,0.0,9.116666666666667
2009-12-29 22:00:00,1.3474666666666666,0.17993333333333333,239.993,5.6466666666666665,0.0,0.0,6.866666666666666
2009-12-29 23:00:00,1.1536666666666666,0.1875,243.72983333333335,4.843333333333334,0.0,0.5666666666666667,7.166666666666667
2009-12-30 00:00:00,0.36369999999999997,0.114,244.89883333333333,1.5833333333333333,0.0,0.26666666666666666,0.6833333333333333
2009-12-30 01:00:00,0.35350000000000004,0.0823,240.7345,1.4866666666666668,0.0,0.0,1.4666666666666666
2009-12-30 02:00:00,0.30506666666666665,0.06863333333333334,242.27133333333333,1.26,0.0,0.11666666666666667,0.65
2009-12-30 03:00:00,0.36646666666666666,0.16283333333333333,242.28216666666668,1.62,0.0,0.8333333333333334,0.6666666666666666
2009-12-30 04:00:00,0.32563333333333333,0.06246666666666667,242.6171666666667,1.35,0.0,0.0,0.65
2009-12-30 05:00:00,0.3468666666666667,0.07163333333333334,242.9095,1.4466666666666665,0.0,0.0,1.4333333333333333
2009-12-30 06:00:00,0.9215333333333333,0.1666,244.60083333333333,3.856666666666667,0.0,0.6833333333333333,9.716666666666667
2009-12-30 07:00:00,0.43213333333333337,0.11296666666666667,243.17083333333332,1.8299999999999998,0.0,0.16666666666666666,0.65
2009-12-30 08:00:00,1.5753,0.16303333333333334,239.92683333333335,6.703333333333333,0.05,2.85,1.6666666666666667
2009-12-30 09:00:00,2.632366666666667,0.12946666666666667,237.02383333333333,11.093333333333334,9.3,7.816666666666666,18.783333333333335
2009-12-30 10:00:00,2.6205,0.24316666666666667,240.3275,10.93,9.75,0.6166666666666667,18.35
2009-12-30 11:00:00,3.3673333333333333,0.3249333333333333,239.1945,14.193333333333333,16.583333333333332,0.0,18.166666666666668
2009-12-30 12:00:00,3.1510000000000002,0.27086666666666664,239.0135,13.33,15.85,0.0,18.933333333333334
2009-12-30 13:00:00,2.8020666666666667,0.31473333333333336,239.88633333333334,11.823333333333332,17.183333333333334,0.95,19.2
2009-12-30 14:00:00,1.975,0.1209,243.52016666666668,8.19,6.316666666666666,0.0,18.833333333333332
2009-12-30 15:00:00,1.5281333333333333,0.1471,245.07533333333333,6.216666666666667,0.0,0.0,19.85
2009-12-30 16:00:00,2.2588,0.21236666666666668,242.14833333333334,9.346666666666666,0.0,0.6,18.0
2009-12-30 17:00:00,1.7234666666666667,0.23276666666666665,238.92000000000002,7.293333333333334,0.0,0.23333333333333334,0.65
2009-12-30 18:00:00,1.5727,0.2856333333333333,241.304,6.656666666666666,0.0,0.0,1.4333333333333333
2009-12-30 19:00:00,3.7885,0.47573333333333334,240.12466666666666,16.013333333333332,0.0,30.866666666666667,0.65
2009-12-30 20:00:00,4.1738,0.2521333333333333,236.81116666666668,17.866666666666667,11.833333333333334,21.766666666666666,11.633333333333333
2009-12-30 21:00:00,2.9651666666666667,0.16233333333333333,238.26066666666665,12.436666666666667,1.2,6.866666666666666,18.033333333333335
2009-12-30 22:00:00,0.9102666666666667,0.12416666666666668,240.40916666666666,3.8066666666666666,0.0,0.5166666666666667,7.316666666666666
2009-12-30 23:00:00,0.39253333333333335,0.14579999999999999,239.82233333333335,1.71,0.0,0.5,0.65
2009-12-31 00:00:00,0.3377,0.10036666666666667,239.908,1.41,0.0,0.0,0.65
2009-12-31 01:00:00,0.3720333333333333,0.10729999999999999,240.73783333333333,1.5833333333333333,0.0,0.26666666666666666,1.4666666666666666
2009-12-31 02:00:00,0.3641,0.15813333333333332,242.18516666666667,1.6233333333333333,0.0,0.6666666666666666,0.65
2009-12-31 03:00:00,0.36393333333333333,0.09826666666666667,244.33566666666667,1.51,0.0,0.0,1.4666666666666666
2009-12-31 04:00:00,0.3194666666666667,0.08603333333333334,242.83266666666665,1.3433333333333333,0.0,0.0,0.6666666666666666
2009-12-31 05:00:00,0.9581333333333333,0.1618,241.56083333333333,4.046666666666667,0.0,0.9833333333333333,9.783333333333333
2009-12-31 06:00:00,0.42729999999999996,0.11643333333333333,244.32999999999998,1.8233333333333335,0.0,0.0,1.8666666666666667
2009-12-31 07:00:00,1.2470333333333334,0.0849,239.5775,5.346666666666667,0.0,0.0,6.2
2009-12-31 08:00:00,1.6306333333333332,0.1759,240.7785,6.7733333333333325,0.0,0.75,19.333333333333332
2009-12-31 09:00:00,1.8775333333333333,0.1114,240.03166666666667,7.816666666666666,0.0,0.16666666666666666,19.15
2009-12-31 10:00:00,2.0670333333333333,0.14833333333333334,242.61383333333333,8.526666666666666,0.0,0.0,19.366666666666667
2009-12-31 11:00:00,1.6127,0.0996,243.39516666666665,6.583333333333333,0.0,0.38333333333333336,18.966666666666665
2009-12-31 12:00:00,1.5583,0.1788,242.87800000000001,6.42,0.0,0.5666666666666667,19.55
2009-12-31 13:00:00,2.0521666666666665,0.07586666666666667,241.48466666666667,8.453333333333333,0.0,0.0,19.066666666666666
2009-12-31 14:00:00,1.4569,0.11359999999999999,243.951,5.959999999999999,0.0,0.0,19.2
2009-12-31 15:00:00,1.5181,0.18193333333333334,243.7385,6.23,0.0,0.95,19.65
2009-12-31 16:00:00,1.4160333333333335,0.08843333333333334,242.82000000000002,5.819999999999999,0.0,0.0,18.716666666666665
2009-12-31 17:00:00,1.8123,0.10529999999999999,239.21416666666667,7.553333333333333,0.0,0.0,18.183333333333334
2009-12-31 18:00:00,2.9678666666666667,0.12296666666666667,236.969,12.493333333333334,0.0,0.7166666666666667,18.666666666666668
2009-12-31 19:00:00,3.0628666666666664,0.18696666666666667,237.24833333333333,12.846666666666666,0.0,0.11666666666666667,17.9
2009-12-31 20:00:00,2.8425000000000002,0.15876666666666667,237.7945,11.9,0.0,0.0,17.966666666666665
2009-12-31 21:00:00,2.8753666666666664,0.21559999999999999,236.6415,12.1,0.0,0.35,18.716666666666665
2009-12-31 22:00:00,2.0343666666666667,0.13479999999999998,237.91383333333334,8.52,0.0,0.5333333333333333,17.983333333333334
2009-12-31 23:00:00,1.6905000000000001,0.0987,240.07133333333334,6.956666666666666,0.0,0.0,18.316666666666666
2010-01-01 00:00:00,1.0858666666666668,0.08416666666666667,241.3,4.476666666666666,0.0,0.0,8.516666666666667
2010-01-01 01:00:00,0.6512333333333333,0.14873333333333333,241.62066666666666,2.7233333333333336,0.0,0.8,0.65
2010-01-01 02:00:00,0.6346,0.10316666666666667,244.01233333333332,2.6533333333333333,0.0,0.0,0.6666666666666666
2010-01-01 03:00:00,0.653,0.07980000000000001,244.06383333333332,2.7066666666666666,0.0,0.0,1.3833333333333333
2010-01-01 04:00:00,0.6460666666666667,0.13683333333333333,241.64933333333332,2.686666666666667,0.0,0.75,0.6666666666666666
2010-01-01 05:00:00,0.6284,0.10426666666666667,241.2905,2.6133333333333337,0.0,0.11666666666666667,0.65
2010-01-01 06:00:00,0.6110666666666666,0.06306666666666666,243.801,2.533333333333333,0.0,0.0,0.6666666666666666
2010-01-01 07:00:00,0.6125333333333334,0.07556666666666666,241.82866666666666,2.5033333333333334,0.0,0.11666666666666667,0.6666666666666666
2010-01-01 08:00:00,0.6601,0.15573333333333333,240.61033333333336,2.8033333333333332,0.0,0.6333333333333333,0.65
2010-01-01 09:00:00,0.6060666666666668,0.06963333333333334,241.8905,2.49,0.0,0.0,0.65
2010-01-01 10:00:00,1.4718666666666667,0.07170000000000001,241.01366666666667,6.046666666666667,0.0,0.0,14.983333333333333
2010-01-01 11:00:00,0.8345333333333333,0.1919,241.33433333333332,3.5033333333333334,0.0,0.8166666666666667,3.2
2010-01-01 12:00:00,0.6063333333333334,0.07390000000000001,242.28533333333334,2.486666666666667,0.0,0.0,0.6666666666666666
2010-01-01 13:00:00,1.2522666666666666,0.07830000000000001,240.16566666666668,5.2733333333333325,5.966666666666667,0.0,0.65
2010-01-01 14:00:00,1.9565333333333332,0.18423333333333333,241.98999999999998,8.26,18.05,0.45,1.4833333333333334
2010-01-01 15:00:00,0.7524333333333334,0.103,243.436,3.086666666666667,0.03333333333333333,0.3,0.6666666666666666
2010-01-01 16:00:00,2.8009333333333335,0.1247,242.58583333333334,11.57,14.15,0.0,15.716666666666667
2010-01-01 17:00:00,1.1622,0.13026666666666667,242.53900000000002,4.833333333333333,0.2,0.03333333333333333,2.7333333333333334
2010-01-01 18:00:00,0.49306666666666665,0.17053333333333331,243.62066666666666,2.0733333333333333,0.0,0.7,0.6666666666666666
2010-01-01 19:00:00,0.40706666666666663,0.0751,243.99366666666668,1.6566666666666665,0.0,0.0,0.6833333333333333
2010-01-01 20:00:00,0.4327666666666667,0.11389999999999999,244.50616666666667,1.78,0.0,0.0,0.6666666666666666
2010-01-01 21:00:00,0.45466666666666666,0.15813333333333332,243.03416666666666,1.9699999999999998,0.0,0.7333333333333333,0.6666666666666666
2010-01-01 22:00:00,0.4023,0.07446666666666667,242.47083333333333,1.6633333333333333,0.0,0.0,0.6666666666666666
2010-01-01 23:00:00,0.5883,0.1845,246.53483333333332,2.496666666666667,0.0,0.0,0.6833333333333333
2010-01-02 00:00:00,1.183,0.1454,246.76749999999998,4.85,0.0,0.55,14.533333333333333
2010-01-02 01:00:00,0.30419999999999997,0.09083333333333334,246.7045,1.2833333333333334,0.0,0.16666666666666666,0.6833333333333333
2010-01-02 02:00:00,0.3183666666666667,0.10823333333333333,248.09816666666666,1.35,0.0,0.0,0.7
2010-01-02 03:00:00,0.31016666666666665,0.09416666666666668,249.0256666666667,1.28,0.0,0.11666666666666667,0.7
2010-01-02 04:00:00,0.3329333333333333,0.1325,248.36366666666666,1.43,0.0,0.6,0.6833333333333333
2010-01-02 05:00:00,0.31529999999999997,0.0984,246.43383333333335,1.3433333333333335,0.0,0.0,0.6833333333333333
2010-01-02 06:00:00,0.29819999999999997,0.06796666666666668,246.38716666666667,1.2266666666666666,0.0,0.0,0.6833333333333333
2010-01-02 07:00:00,0.3378666666666667,0.14226666666666665,245.25033333333334,1.47,0.0,0.7166666666666667,0.6833333333333333
2010-01-02 08:00:00,0.46290000000000003,0.13940000000000002,245.61049999999997,2.0766666666666667,0.0,0.0,0.6833333333333333
2010-01-02 09:00:00,1.3240333333333332,0.1266,243.29683333333332,5.5,0.0,0.0,12.516666666666667
2010-01-02 10:00:00,1.2956333333333334,0.14576666666666668,243.32850000000002,5.33,0.0,0.48333333333333334,16.5
2010-01-02 11:00:00,0.39103333333333334,0.11133333333333333,243.0485,1.7,0.0,0.21666666666666667,0.6666666666666666
2010-01-02 12:00:00,0.33699999999999997,0.09796666666666667,246.42416666666668,1.4233333333333333,0.0,0.0,0.6833333333333333
2010-01-02 13:00:00,0.30196666666666666,0.068,245.96433333333334,1.2633333333333332,0.0,0.0,0.6833333333333333
2010-01-02 14:00:00,0.364,0.15856666666666666,244.63216666666668,1.62,0.0,0.7,0.6833333333333333
2010-01-02 15:00:00,0.34833333333333333,0.10260000000000001,246.87233333333333,1.4833333333333334,0.0,0.0,0.6833333333333333
2010-01-02 16:00:00,0.4346333333333333,0.07923333333333332,245.353,1.7633333333333332,0.0,0.0,0.6666666666666666
2010-01-02 17:00:00,2.3318,0.45846666666666663,240.67583333333332,9.866666666666667,0.6666666666666666,0.7166666666666667,15.1
2010-01-02 18:00:00,3.5251525423728816,0.2246779661016949,238.08135593220337,14.83728813559322,12.898305084745763,0.0,18.0
2010-01-02 19:00:00,2.067066666666667,0.23073333333333332,239.07633333333334,8.770000000000001,0.0,0.0,8.333333333333334
2010-01-02 20:00:00,2.214,0.24730000000000002,241.19333333333333,9.256666666666666,0.0,0.4166666666666667,10.033333333333333
2010-01-02 21:00:00,1.4057,0.09703333333333333,240.50483333333335,5.8100000000000005,0.0,0.2833333333333333,0.65
2010-01-02 22:00:00,1.0638333333333334,0.048633333333333334,244.649,4.323333333333333,0.0,0.0,0.75
2010-01-02 23:00:00,0.6055666666666667,0.11126666666666667,246.40050000000002,2.4566666666666666,0.0,0.0,1.3833333333333333
2010-01-03 00:00:00,0.40166666666666667,0.1486,244.2365,1.7266666666666666,0.0,0.7,0.6666666666666666
2010-01-03 01:00:00,0.5509333333333333,0.07226666666666667,243.94033333333334,2.3,0.0,0.0,4.233333333333333
2010-01-03 02:00:00,0.7138333333333333,0.08813333333333334,245.66233333333332,2.9433333333333334,0.0,0.0,6.8
2010-01-03 03:00:00,0.37006666666666665,0.12986666666666669,248.02133333333333,1.65,0.0,0.7166666666666667,0.6833333333333333
2010-01-03 04:00:00,0.3394333333333333,0.07266666666666667,248.59183333333334,1.4533333333333334,0.0,0.0,0.7
2010-01-03 05:00:00,0.3474333333333333,0.09046666666666667,245.97583333333333,1.49,0.0,0.0,0.6833333333333333
2010-01-03 06:00:00,0.3389666666666667,0.07786666666666668,245.35616666666664,1.4433333333333331,0.0,0.3,0.6833333333333333
2010-01-03 07:00:00,0.3551,0.09613333333333333,244.64466666666667,1.51,0.0,0.38333333333333336,0.6833333333333333
2010-01-03 08:00:00,0.8439666666666666,0.0793,244.3295,3.5133333333333336,0.0,0.0,5.65
2010-01-03 09:00:00,1.1747333333333332,0.0771,241.225,4.8566666666666665,0.0,0.0,11.516666666666667
2010-01-03 10:00:00,3.0859,0.16173333333333334,242.03650000000002,12.79,9.616666666666667,10.683333333333334,19.45
2010-01-03 11:00:00,2.608566666666667,0.1282,242.95083333333332,10.743333333333334,17.65,0.0,18.75
