Datetime,Global_active_power,Global_reactive_power,Voltage,Global_intensity,Sub_metering_1,Sub_metering_2,Sub_metering_3
2010-07-05 00:00:00,0.4110333333333333,0.1115,242.11933333333334,1.8133333333333332,0.0,0.25,1.6666666666666667
2010-07-05 01:00:00,0.3940666666666666,0.2429,242.036,1.8900000000000001,0.0,1.2166666666666666,1.6333333333333333
2010-07-05 02:00:00,0.3426666666666666,0.16183333333333336,241.52383333333333,1.5933333333333333,0.0,0.6,1.6666666666666667
2010-07-05 03:00:00,0.3401666666666667,0.11196666666666667,239.90183333333334,1.5166666666666666,0.0,0.0,2.183333333333333
2010-07-05 04:00:00,0.3796333333333333,0.17593333333333336,238.97916666666666,1.8266666666666669,0.0,0.6833333333333333,2.1
2010-07-05 05:00:00,0.35413333333333336,0.18213333333333334,239.28333333333333,1.62,0.0,1.1666666666666667,1.65
2010-07-05 06:00:00,0.3179,0.11833333333333333,239.81783333333334,1.4233333333333333,0.0,0.18333333333333332,1.6
2010-07-05 07:00:00,0.7785,0.07376666666666667,240.035,3.3433333333333333,0.0,0.0,8.316666666666666
2010-07-05 08:00:00,1.0759666666666665,0.23013333333333333,242.12849999999997,4.5600000000000005,0.0,1.1166666666666667,12.916666666666666
2010-07-05 09:00:00,0.34773333333333334,0.17746666666666666,242.36133333333333,1.6333333333333333,0.0,0.8833333333333333,1.6166666666666667
2010-07-05 10:00:00,0.29900000000000004,0.09736666666666666,242.63166666666666,1.3633333333333333,0.0,0.0,1.5666666666666667
2010-07-05 11:00:00,0.3343666666666667,0.14113333333333333,241.97400000000002,1.53,0.0,0.43333333333333335,1.6
2010-07-05 12:00:00,0.6037333333333332,0.20586666666666667,241.8936666666667,2.646666666666667,0.0,1.2,1.6333333333333333
2010-07-05 13:00:00,0.5895333333333334,0.19063333333333335,242.06783333333334,2.5566666666666666,0.0,0.38333333333333336,1.6
2010-07-05 14:00:00,1.2709666666666666,0.12603333333333333,239.70916666666665,5.29,0.0,0.0,14.933333333333334
2010-07-05 15:00:00,1.4741666666666666,0.17629999999999998,241.23166666666665,6.096666666666667,0.0,0.95,20.166666666666668
2010-07-05 16:00:00,1.2203000000000002,0.22806666666666667,242.83216666666667,5.096666666666667,0.0,1.1666666666666667,15.566666666666666
2010-07-05 17:00:00,0.30566666666666664,0.11073333333333334,243.53433333333334,1.3766666666666667,0.0,0.21666666666666667,1.6333333333333333
2010-07-05 18:00:00,0.3173666666666667,0.10843333333333334,243.09133333333332,1.3833333333333333,0.0,0.0,1.6
2010-07-05 19:00:00,0.9813666666666666,0.366,240.07283333333334,4.4366666666666665,0.0,1.0666666666666667,1.6666666666666667
2010-07-05 20:00:00,1.3027000000000002,0.23403333333333334,239.78533333333334,5.593333333333334,6.483333333333333,1.15,1.6833333333333333
2010-07-05 21:00:00,1.8712333333333333,0.09423333333333334,240.765,7.846666666666667,7.533333333333333,0.05,10.266666666666667
2010-07-05 22:00:00,1.7087,0.09086666666666667,239.55483333333333,7.109999999999999,0.0,0.0,4.283333333333333
2010-07-05 23:00:00,1.5456,0.14176666666666668,241.0515,6.406666666666666,0.0,1.2333333333333334,1.6666666666666667
2010-07-06 00:00:00,0.6281666666666667,0.16529999999999997,240.5031666666667,2.71,0.0,0.5833333333333334,1.65
2010-07-06 01:00:00,0.31930000000000003,0.0819,241.10366666666667,1.4933333333333332,0.0,0.0,1.6333333333333333
2010-07-06 02:00:00,0.36696666666666666,0.14113333333333333,240.23383333333334,1.7100000000000002,0.0,0.75,1.6333333333333333
2010-07-06 03:00:00,0.3574,0.18513333333333334,241.64583333333334,1.6633333333333333,0.0,1.05,1.65
2010-07-06 04:00:00,0.2714,0.06736666666666666,241.41983333333334,1.2666666666666666,0.0,0.0,1.6166666666666667
2010-07-06 05:00:00,0.3137,0.12293333333333334,240.96166666666667,1.5,0.0,0.25,1.55
2010-07-06 06:00:00,0.35863333333333336,0.1896,241.79416666666665,1.6466666666666667,0.0,1.2166666666666666,1.5666666666666667
2010-07-06 07:00:00,1.2641,0.10023333333333334,239.59966666666665,5.326666666666667,0.0,0.18333333333333332,15.45
2010-07-06 08:00:00,1.3883333333333332,0.09106666666666667,238.55383333333333,5.773333333333334,0.0,0.0,19.366666666666667
2010-07-06 09:00:00,1.3818666666666668,0.137,238.899,5.8,0.0,1.1833333333333333,18.833333333333332
2010-07-06 10:00:00,1.3678333333333332,0.18103333333333332,240.32683333333335,5.7266666666666675,0.0,0.6,17.916666666666668
2010-07-06 11:00:00,0.2816,0.06983333333333333,239.65733333333336,1.2833333333333334,0.0,0.0,1.5
2010-07-06 12:00:00,0.32903333333333334,0.13126666666666667,241.2885,1.5233333333333334,0.0,0.7666666666666667,1.35
2010-07-06 13:00:00,0.6975,0.2094,241.27849999999998,3.006666666666667,0.0,1.1,1.5833333333333333
2010-07-06 14:00:00,0.7371666666666666,0.09853333333333333,240.0425,3.1133333333333337,0.0,0.0,1.6166666666666667
2010-07-06 15:00:00,0.5567,0.12526666666666667,241.35116666666667,2.396666666666667,0.0,0.2,1.5666666666666667
2010-07-06 16:00:00,0.7087666666666667,0.17563333333333334,240.95783333333333,3.0166666666666666,0.0,1.2166666666666666,1.6166666666666667
2010-07-06 17:00:00,0.5396,0.15556666666666666,241.1805,2.3633333333333337,0.0,0.6666666666666666,1.6166666666666667
2010-07-06 18:00:00,0.5713666666666667,0.1087,240.97083333333333,2.4733333333333336,0.0,0.0,1.6
2010-07-06 19:00:00,1.2738,0.09780000000000001,239.93216666666666,5.323333333333333,0.0,0.6333333333333333,13.516666666666667
2010-07-06 20:00:00,1.5307666666666668,0.20396666666666666,238.28633333333335,6.446666666666667,0.0,1.1666666666666667,20.266666666666666
2010-07-06 21:00:00,0.7395333333333334,0.1168,239.80816666666666,3.1666666666666665,0.0,0.3333333333333333,8.416666666666666
2010-07-06 22:00:00,0.312,0.08196666666666667,241.477,1.3599999999999999,0.0,0.0,1.6833333333333333
2010-07-06 23:00:00,0.4700333333333333,0.16743333333333332,241.44050000000001,2.0466666666666664,0.0,0.95,1.65
2010-07-07 00:00:00,0.383,0.1627,240.619,1.74,0.0,0.8,1.6666666666666667
2010-07-07 01:00:00,0.6799,0.09053333333333334,240.54616666666666,2.9633333333333334,0.0,0.0,1.65
2010-07-07 02:00:00,0.31396666666666667,0.10846666666666667,240.49366666666668,1.4166666666666667,0.0,0.5333333333333333,1.6666666666666667
2010-07-07 03:00:00,0.38383333333333336,0.21963333333333332,241.892,1.8,0.0,1.1833333333333333,1.6666666666666667
2010-07-07 04:00:00,0.2915,0.087,241.2125,1.3366666666666667,0.0,0.16666666666666666,1.65
2010-07-07 05:00:00,0.28723333333333334,0.0728,241.8655,1.2966666666666666,0.0,0.0,1.6666666666666667
2010-07-07 06:00:00,0.9415,0.17033333333333334,241.13933333333335,3.9766666666666666,0.0,1.15,11.316666666666666
2010-07-07 07:00:00,0.3096666666666667,0.10383333333333332,240.3718333333333,1.4166666666666667,0.0,0.5,1.6833333333333333
2010-07-07 08:00:00,1.0060666666666667,0.10526666666666666,239.5546666666667,4.29,0.0,0.0,12.116666666666667
2010-07-07 09:00:00,0.3377,0.1501,240.83483333333334,1.5866666666666667,0.0,0.8666666666666667,1.65
2010-07-07 10:00:00,0.3157666666666667,0.14283333333333334,238.99333333333334,1.48,0.0,0.9333333333333333,1.2333333333333334
2010-07-07 11:00:00,0.33836666666666665,0.07403333333333334,238.7565,1.48,0.0,0.0,1.05
2010-07-07 12:00:00,0.5030666666666667,0.10636666666666666,238.465,2.1666666666666665,0.0,0.38333333333333336,1.6666666666666667
2010-07-07 13:00:00,0.5468333333333334,0.22169999999999998,238.44383333333332,2.506666666666667,0.0,1.1833333333333333,1.6333333333333333
2010-07-07 14:00:00,1.4143666666666665,0.09816666666666667,239.51416666666668,5.89,0.0,0.6166666666666667,17.333333333333332
2010-07-07 15:00:00,0.8498333333333333,0.10393333333333334,241.08599999999998,3.5900000000000003,0.0,0.0,10.566666666666666
2010-07-07 16:00:00,0.32593333333333335,0.14036666666666667,241.40266666666668,1.5266666666666668,0.0,0.6666666666666666,1.6833333333333333
2010-07-07 17:00:00,0.37283333333333335,0.2157,241.59466666666668,1.74,0.0,1.1666666666666667,1.7
2010-07-07 18:00:00,0.34276666666666666,0.11643333333333333,242.494,1.5166666666666666,0.0,0.13333333333333333,1.7166666666666666
2010-07-07 19:00:00,0.6080000000000001,0.2189,241.8325,2.836666666666667,0.0,0.0,1.7
2010-07-07 20:00:00,1.4613666666666667,0.3136,241.44033333333334,6.266666666666667,6.35,1.2166666666666666,11.216666666666667
2010-07-07 21:00:00,0.6147333333333334,0.242,240.60583333333335,2.7033333333333336,1.1333333333333333,1.15,4.3
2010-07-07 22:00:00,0.9587,0.1016,241.14516666666665,4.086666666666667,7.166666666666667,0.0,1.7833333333333334
2010-07-07 23:00:00,0.3262,0.12596666666666667,241.47533333333334,1.5066666666666668,0.0,0.016666666666666666,1.7166666666666666
2010-07-08 00:00:00,0.4078666666666667,0.22716666666666668,241.6765,1.9,0.0,1.2666666666666666,2.033333333333333
2010-07-08 01:00:00,0.5067333333333334,0.1743,239.45033333333333,2.2266666666666666,0.0,0.7666666666666667,2.45
2010-07-08 02:00:00,0.3347333333333333,0.1024,239.9495,1.46,0.0,0.0,1.6833333333333333
2010-07-08 03:00:00,0.3299333333333333,0.11863333333333334,240.31866666666667,1.4766666666666668,0.0,0.5166666666666667,1.7333333333333334
2010-07-08 04:00:00,0.3731,0.20003333333333334,239.32166666666666,1.75,0.0,1.1833333333333333,1.6833333333333333
2010-07-08 05:00:00,0.3252666666666667,0.13096666666666665,238.94733333333335,1.5233333333333334,0.0,0.3333333333333333,1.7333333333333334
2010-07-08 06:00:00,0.5512,0.07780000000000001,241.21733333333336,2.3699999999999997,0.0,0.0,6.0
2010-07-08 07:00:00,1.5392333333333332,0.19756666666666664,240.1495,6.4399999999999995,0.0,0.95,19.4
2010-07-08 08:00:00,1.1991666666666667,0.14873333333333333,239.67749999999998,5.016666666666667,0.0,0.9,16.083333333333332
2010-07-08 09:00:00,0.29600000000000004,0.0828,239.708,1.3633333333333333,0.0,0.0,1.6666666666666667
2010-07-08 10:00:00,0.49923333333333336,0.1683,239.76850000000002,2.296666666666667,0.0,0.43333333333333335,1.7
2010-07-08 11:00:00,0.36466666666666664,0.1766,239.22566666666668,1.6733333333333333,0.0,1.1833333333333333,1.7333333333333334
2010-07-08 12:00:00,0.3126,0.1074,240.99949999999998,1.4166666666666667,0.0,0.15,1.65
2010-07-08 13:00:00,1.0795,0.0955,239.2976666666667,4.53,0.0,0.0,13.933333333333334
2010-07-08 14:00:00,1.8475333333333335,0.223,239.39283333333333,7.79,0.0,6.0,19.35
2010-07-08 15:00:00,0.8857,0.26213333333333333,242.01066666666665,3.8766666666666665,0.0,0.0,8.6
2010-07-08 16:00:00,1.6610666666666667,0.31473333333333336,240.84483333333336,7.073333333333333,0.0,5.5,14.883333333333333
2010-07-08 17:00:00,0.3451,0.12143333333333332,241.113,1.57,0.0,0.43333333333333335,1.9666666666666666
2010-07-08 18:00:00,0.5311666666666667,0.27186666666666665,241.40566666666666,2.48,0.0,0.9333333333333333,1.8
2010-07-08 19:00:00,0.6069,0.23806666666666668,240.89916666666667,2.753333333333333,0.0,0.016666666666666666,1.8166666666666667
2010-07-08 20:00:00,1.9543,0.21166666666666664,240.0413333333333,8.313333333333334,6.166666666666667,1.0,13.25
2010-07-08 21:00:00,1.2891666666666666,0.11063333333333333,239.3805,5.413333333333333,1.3666666666666667,0.0,2.1
2010-07-08 22:00:00,1.6950666666666665,0.25133333333333335,240.68066666666667,7.123333333333333,6.75,0.9333333333333333,1.85
2010-07-08 23:00:00,1.2756333333333332,0.10183333333333335,241.82266666666666,5.27,0.0,0.0,1.8833333333333333
2010-07-09 00:00:00,1.3633666666666668,0.17383333333333334,240.4725,5.703333333333333,0.0,0.8666666666666667,1.8666666666666667
2010-07-09 01:00:00,0.4203333333333334,0.1061,240.8345,1.8633333333333333,0.0,0.0,1.8166666666666667
2010-07-09 02:00:00,0.5332333333333333,0.2018,239.41649999999998,2.35,0.0,0.9166666666666666,2.6333333333333333
2010-07-09 03:00:00,0.42613333333333336,0.08976666666666668,240.03466666666665,1.8566666666666667,0.0,0.0,2.15
2010-07-09 04:00:00,0.46773333333333333,0.16833333333333333,239.89166666666668,2.0566666666666666,0.0,0.9166666666666666,1.8
2010-07-09 05:00:00,0.6376000000000001,0.09526666666666667,238.59799999999998,2.7233333333333336,0.0,0.0,5.433333333333334
2010-07-09 06:00:00,0.9163333333333334,0.17453333333333332,240.3975,4.036666666666667,0.0,0.85,7.2
2010-07-09 07:00:00,1.0592666666666668,0.1343,241.567,4.503333333333333,0.0,0.016666666666666666,10.183333333333334
2010-07-09 08:00:00,0.6099333333333334,0.18506666666666666,241.32250000000002,2.7633333333333336,0.0,0.8,5.483333333333333
2010-07-09 09:00:00,0.647,0.2361,239.989,3.0566666666666666,0.0,0.06666666666666667,2.55
2010-07-09 10:00:00,0.8553999999999999,0.3676333333333333,238.75616666666667,4.03,0.0,0.7166666666666667,2.25
2010-07-09 11:00:00,0.47119999999999995,0.23170000000000002,240.35066666666668,2.2800000000000002,0.0,0.15,1.8
2010-07-09 12:00:00,0.5798,0.31396666666666667,240.35833333333332,2.7700000000000005,0.0,0.75,1.8333333333333333
2010-07-09 13:00:00,1.2016666666666667,0.18760000000000002,239.83433333333332,5.086666666666667,0.0,0.18333333333333332,11.666666666666666
2010-07-09 14:00:00,0.6756333333333333,0.2418,240.05283333333333,3.01,0.0,0.6,1.7833333333333334
2010-07-09 15:00:00,0.6049666666666667,0.23786666666666667,241.485,2.683333333333333,0.0,0.2833333333333333,1.8
2010-07-09 16:00:00,0.6314666666666666,0.2586,241.66649999999998,2.8333333333333335,0.0,0.5166666666666667,1.8
2010-07-09 17:00:00,0.5037333333333334,0.3133666666666667,242.118,2.42,0.0,0.4,2.1
2010-07-09 18:00:00,0.5893666666666667,0.4032,243.11366666666666,2.893333333333333,0.0,0.43333333333333335,2.7666666666666666
2010-07-09 19:00:00,0.5372333333333333,0.24066666666666667,242.35283333333334,2.44,0.0,0.4,3.25
2010-07-09 20:00:00,0.9611333333333333,0.2108,242.37133333333335,4.163333333333333,0.0,0.55,10.45
2010-07-09 21:00:00,0.5999666666666666,0.1935666666666667,242.84283333333332,2.6233333333333335,0.0,0.23333333333333334,1.8166666666666667
2010-07-09 22:00:00,1.4650333333333334,0.27063333333333334,240.90966666666665,6.1433333333333335,0.0,0.7166666666666667,2.2
2010-07-09 23:00:00,1.3004333333333333,0.19806666666666667,240.28416666666666,5.466666666666667,0.0,0.05,2.6333333333333333
2010-07-10 00:00:00,0.6412666666666667,0.17683333333333331,238.84283333333332,2.8033333333333332,0.0,0.7666666666666667,1.8333333333333333
2010-07-10 01:00:00,0.4046666666666667,0.11716666666666667,237.884,1.7766666666666666,0.0,0.13333333333333333,1.8666666666666667
2010-07-10 02:00:00,0.41859999999999997,0.23176666666666668,239.07816666666668,1.9866666666666668,0.0,0.7833333333333333,1.9166666666666667
2010-07-10 03:00:00,1.1348333333333334,0.1747,239.60733333333334,4.833333333333333,0.0,0.15,14.45
2010-07-10 04:00:00,0.3836333333333333,0.19266666666666668,240.1243333333333,1.7866666666666666,0.0,0.65,1.8666666666666667
2010-07-10 05:00:00,0.3547,0.14483333333333331,240.29016666666666,1.6533333333333333,0.0,0.2833333333333333,1.8666666666666667
2010-07-10 06:00:00,0.3516333333333333,0.14506666666666668,241.27550000000002,1.6,0.0,0.5,1.85
2010-07-10 07:00:00,0.3391,0.13083333333333333,243.63250000000002,1.5266666666666666,0.0,0.4166666666666667,1.85
2010-07-10 08:00:00,0.5166333333333334,0.18973333333333334,242.00983333333335,2.4266666666666667,0.0,0.35,1.8166666666666667
2010-07-10 09:00:00,1.9883333333333333,0.21396666666666667,239.5315,8.360000000000001,0.0,6.1,20.266666666666666
2010-07-10 10:00:00,1.0447,0.14473333333333332,238.59166666666667,4.546666666666667,0.0,4.266666666666667,6.316666666666666
2010-07-10 11:00:00,0.4861333333333333,0.1791,239.0855,2.2199999999999998,0.0,1.1666666666666667,1.8666666666666667
2010-07-10 12:00:00,0.4169333333333334,0.12843333333333332,239.02383333333333,1.8333333333333333,0.0,0.18333333333333332,1.85
2010-07-10 13:00:00,1.5450666666666666,0.33416666666666667,237.8936666666667,6.6433333333333335,0.0,0.7333333333333333,16.816666666666666
2010-07-10 14:00:00,2.083,0.1361,237.2275,8.803333333333335,6.55,0.05,20.4
2010-07-10 15:00:00,1.4356333333333333,0.2073,238.54866666666666,6.2,8.566666666666666,0.8333333333333334,8.383333333333333
2010-07-10 16:00:00,0.8566333333333334,0.1701,239.91133333333335,3.6666666666666665,0.0,0.0,8.5
2010-07-10 17:00:00,0.8923,0.14816666666666667,240.0476666666667,3.783333333333333,0.0,0.8166666666666667,9.933333333333334
2010-07-10 18:00:00,0.43693333333333334,0.20270000000000002,240.90616666666668,2.01,0.0,0.0,1.9166666666666667
2010-07-10 19:00:00,0.8882333333333334,0.5346333333333334,240.40483333333336,4.28,0.0,0.8166666666666667,3.2333333333333334
2010-07-10 20:00:00,1.1920333333333335,0.19726666666666667,240.4625,5.066666666666666,0.0,0.0,14.233333333333333
2010-07-10 21:00:00,0.43083333333333335,0.25146666666666667,242.69766666666666,2.06,0.0,0.8,1.8666666666666667
2010-07-10 22:00:00,0.6331666666666667,0.18623333333333333,242.35283333333334,2.7333333333333334,0.0,0.016666666666666666,1.9166666666666667
2010-07-10 23:00:00,0.36673333333333336,0.15006666666666665,242.07049999999998,1.6466666666666667,0.0,0.85,1.8666666666666667
2010-07-11 00:00:00,0.34796666666666665,0.1216,239.28533333333334,1.6133333333333333,0.0,0.06666666666666667,2.15
2010-07-11 01:00:00,0.4298666666666667,0.1804,238.80033333333333,1.97,0.0,0.75,2.85
2010-07-11 02:00:00,0.4083,0.13293333333333332,239.06733333333335,1.8433333333333335,0.0,0.16666666666666666,1.85
2010-07-11 03:00:00,0.3611666666666667,0.15746666666666667,240.19833333333332,1.6566666666666667,0.0,0.6333333333333333,1.8333333333333333
2010-07-11 04:00:00,0.3423333333333333,0.13513333333333336,240.12116666666668,1.6166666666666667,0.0,0.3,1.8333333333333333
2010-07-11 05:00:00,0.5,0.11850000000000001,240.49916666666667,2.146666666666667,0.0,0.5166666666666667,4.633333333333334
2010-07-11 06:00:00,0.7577666666666667,0.12836666666666666,240.81116666666668,3.216666666666667,0.0,0.38333333333333336,8.7
2010-07-11 07:00:00,0.33693333333333336,0.1311,241.75333333333336,1.53,0.0,0.43333333333333335,1.8333333333333333
2010-07-11 08:00:00,0.5106666666666667,0.14579999999999999,242.26683333333332,2.36,0.0,0.4666666666666667,2.95
2010-07-11 09:00:00,0.4597333333333333,0.1692,239.69633333333334,2.13,0.0,0.3333333333333333,1.9166666666666667
2010-07-11 10:00:00,1.5354333333333334,0.16656666666666667,238.36816666666667,6.430000000000001,0.0,0.5666666666666667,19.333333333333332
2010-07-11 11:00:00,1.4741333333333333,0.15193333333333334,239.20633333333333,6.16,0.0,0.21666666666666667,19.366666666666667
2010-07-11 12:00:00,0.6861666666666667,0.18516666666666665,239.61283333333333,3.003333333333333,0.0,0.7333333333333333,4.433333333333334
2010-07-11 13:00:00,0.7594666666666666,0.1441,240.50750000000002,3.393333333333333,0.0,0.15,2.8
2010-07-11 14:00:00,0.4771,0.21326666666666666,240.09416666666667,2.253333333333333,0.0,0.75,1.85
2010-07-11 15:00:00,0.5211333333333333,0.3491,240.17849999999999,2.6533333333333333,0.0,0.06666666666666667,1.85
2010-07-11 16:00:00,0.6413,0.4233,238.78583333333333,3.21,0.0,0.8166666666666667,1.8833333333333333
2010-07-11 17:00:00,0.6000666666666666,0.31406666666666666,237.59316666666666,2.853333333333333,0.0,0.0,1.9333333333333333
2010-07-11 18:00:00,0.7756000000000001,0.3500333333333333,238.98166666666665,3.5366666666666666,0.0,0.85,2.0
2010-07-11 19:00:00,1.9487333333333334,0.44343333333333335,238.35666666666665,8.35,0.0,0.0,17.083333333333332
2010-07-11 20:00:00,0.6913666666666667,0.2343,239.75349999999997,3.1266666666666665,0.0,0.85,2.0
2010-07-11 21:00:00,0.9413666666666667,0.24626666666666666,240.875,4.1433333333333335,0.0,0.0,1.8666666666666667
2010-07-11 22:00:00,1.7914999999999999,0.2341,240.99933333333334,7.506666666666666,6.25,0.85,2.0
2010-07-11 23:00:00,2.5947666666666667,0.16760000000000003,238.76283333333333,10.85,7.883333333333334,0.0,20.733333333333334
2010-07-12 00:00:00,1.1005333333333334,0.23066666666666666,239.0375,4.796666666666667,0.5833333333333334,0.8166666666666667,9.016666666666667
2010-07-12 01:00:00,0.3849,0.16776666666666668,239.48716666666667,1.75,0.0,0.11666666666666667,1.9166666666666667
2010-07-12 02:00:00,0.46873333333333334,0.2138,239.66733333333335,2.18,0.0,0.7166666666666667,3.25
2010-07-12 03:00:00,0.34106666666666663,0.127,239.58033333333333,1.55,0.0,0.25,1.9
2010-07-12 04:00:00,0.3625333333333333,0.15436666666666668,239.71050000000002,1.6766666666666667,0.0,0.55,1.8833333333333333
2010-07-12 05:00:00,0.3721333333333333,0.1716,241.05383333333333,1.7366666666666668,0.0,0.4166666666666667,1.8833333333333333
2010-07-12 06:00:00,0.5445,0.1736,241.44083333333336,2.52,0.0,0.43333333333333335,2.5833333333333335
2010-07-12 07:00:00,0.8365333333333334,0.1921,238.37283333333335,3.646666666666667,0.0,0.5,5.966666666666667
2010-07-12 08:00:00,0.9442333333333334,0.20590000000000003,238.632,4.083333333333333,0.0,0.3,8.55
2010-07-12 09:00:00,0.6023999999999999,0.24346666666666666,238.63633333333334,2.74,0.0,0.6166666666666667,1.9
2010-07-12 10:00:00,0.7591666666666667,0.19406666666666667,239.88333333333333,3.283333333333333,0.0,0.18333333333333332,1.95
2010-07-12 11:00:00,0.6285333333333334,0.16083333333333333,239.37833333333336,2.77,0.0,0.75,2.1
2010-07-12 12:00:00,0.7223,0.1554,239.65233333333333,3.18,0.0,0.03333333333333333,2.9166666666666665
2010-07-12 13:00:00,0.6212666666666667,0.19563333333333333,241.32316666666665,2.7933333333333334,0.0,0.8333333333333334,1.85
2010-07-12 14:00:00,0.5216333333333333,0.07083333333333333,239.73683333333332,2.2766666666666664,0.0,0.0,1.8833333333333333
2010-07-12 15:00:00,0.5429333333333334,0.16313333333333332,240.90866666666668,2.4,0.0,0.8166666666666667,1.9
2010-07-12 16:00:00,0.3530333333333333,0.13303333333333334,241.2485,1.6099999999999999,0.0,0.0,1.85
2010-07-12 17:00:00,1.1606999999999998,0.2796,241.42516666666668,4.953333333333333,0.0,0.8833333333333333,13.616666666666667
2010-07-12 18:00:00,0.6884333333333333,0.2851666666666667,241.50216666666665,3.256666666666667,2.8,0.0,2.6666666666666665
2010-07-12 19:00:00,0.5361999999999999,0.3145,242.6865,2.73,0.8333333333333334,0.9,2.2
2010-07-12 20:00:00,1.5040666666666667,0.20893333333333333,241.3545,6.5233333333333325,11.066666666666666,0.0,7.616666666666666
2010-07-12 21:00:00,1.9975666666666667,0.26363333333333333,239.38950000000003,8.41,5.066666666666666,0.85,19.466666666666665
2010-07-12 22:00:00,1.8635666666666668,0.18710000000000002,239.25433333333334,7.8133333333333335,8.383333333333333,0.0,6.2
2010-07-12 23:00:00,0.6359333333333334,0.2730666666666667,241.88549999999998,2.8533333333333335,0.0,0.8,2.3333333333333335
2010-07-13 00:00:00,0.3786,0.15993333333333334,240.27966666666669,1.7466666666666666,0.0,0.03333333333333333,1.9
2010-07-13 01:00:00,0.4357666666666667,0.2071333333333333,238.55783333333332,2.0166666666666666,0.0,0.7833333333333333,1.85
2010-07-13 02:00:00,0.33016666666666666,0.12050000000000001,238.60216666666665,1.4566666666666668,0.0,0.11666666666666667,1.85
2010-07-13 03:00:00,0.3643,0.1779,239.31533333333334,1.75,0.0,0.6833333333333333,1.8666666666666667
2010-07-13 04:00:00,0.4013,0.16696666666666668,239.5085,1.85,0.0,0.21666666666666667,2.566666666666667
2010-07-13 05:00:00,0.3899666666666667,0.19036666666666668,239.49916666666667,1.86,0.0,0.5833333333333334,2.183333333333333
2010-07-13 06:00:00,0.39246666666666663,0.14693333333333333,240.89233333333334,1.7666666666666666,0.0,0.31666666666666665,2.566666666666667
2010-07-13 07:00:00,1.1433333333333333,0.18596666666666667,239.476,4.943333333333333,0.0,0.4666666666666667,11.466666666666667
2010-07-13 08:00:00,1.6144333333333334,0.2547,238.6835,6.946666666666667,0.0,0.6166666666666667,18.016666666666666
2010-07-13 09:00:00,1.7105333333333335,0.22696666666666668,240.91366666666667,7.203333333333333,0.0,5.733333333333333,17.55
2010-07-13 10:00:00,0.6229333333333333,0.16666666666666666,241.27349999999998,3.1333333333333333,0.0,0.48333333333333334,2.1666666666666665
2010-07-13 11:00:00,0.6011333333333333,0.13296666666666665,240.97516666666667,2.72,0.0,0.35,1.8333333333333333
2010-07-13 12:00:00,0.5738666666666667,0.12226666666666668,241.20966666666666,2.54,0.0,0.5666666666666667,1.8166666666666667
2010-07-13 13:00:00,1.4215000000000002,0.21293333333333334,241.0395,6.026666666666667,0.0,0.25,13.1
2010-07-13 14:00:00,1.7366666666666668,0.266,239.04583333333332,7.510000000000001,0.0,18.966666666666665,1.8
2010-07-13 15:00:00,1.0986,0.31633333333333336,240.29149999999998,4.930000000000001,0.0,9.6,2.533333333333333
2010-07-13 16:00:00,0.49313333333333337,0.1284,241.5991666666667,2.216666666666667,0.0,0.6166666666666667,2.466666666666667
2010-07-13 17:00:00,0.4898666666666667,0.18923333333333334,243.16033333333334,2.26,0.0,1.0333333333333334,1.8333333333333333
2010-07-13 18:00:00,1.0689666666666668,0.18719999999999998,242.41533333333334,4.77,6.85,3.4833333333333334,1.8
2010-07-13 19:00:00,1.3580666666666665,0.38143333333333335,241.15016666666668,6.823333333333333,10.5,0.5833333333333334,1.8833333333333333
2010-07-13 20:00:00,1.5689,0.2909666666666667,241.92716666666666,7.010000000000001,6.483333333333333,0.4666666666666667,10.55
2010-07-13 21:00:00,2.114333333333333,0.1932,239.67683333333335,8.866666666666667,6.45,0.35,19.716666666666665
2010-07-13 22:00:00,1.8494666666666668,0.19253333333333333,241.40983333333332,7.733333333333333,7.6,0.6333333333333333,6.416666666666667
2010-07-13 23:00:00,0.8769333333333333,0.17786666666666667,240.97283333333334,3.69,0.0,0.16666666666666666,1.8333333333333333
2010-07-14 00:00:00,0.49716666666666665,0.2382,240.94616666666667,2.296666666666667,0.0,0.8,3.05
2010-07-14 01:00:00,0.6503,0.14726666666666668,240.22283333333334,2.7933333333333334,0.0,0.0,1.85
2010-07-14 02:00:00,0.4663,0.18843333333333334,239.58166666666665,2.1533333333333333,0.0,0.7833333333333333,1.8666666666666667
2010-07-14 03:00:00,0.35323333333333334,0.12240000000000001,240.371,1.5933333333333333,0.0,0.0,1.85
2010-07-14 04:00:00,0.3952666666666667,0.18133333333333335,239.63166666666666,1.8966666666666667,0.0,0.7833333333333333,1.85
2010-07-14 05:00:00,0.38026666666666664,0.14683333333333334,239.755,1.75,0.0,0.08333333333333333,2.033333333333333
2010-07-14 06:00:00,0.45530000000000004,0.21076666666666669,240.50866666666667,2.12,0.0,0.6666666666666666,2.8333333333333335
2010-07-14 07:00:00,0.9360666666666667,0.11556666666666666,239.1295,3.993333333333333,0.0,0.31666666666666665,11.516666666666667
2010-07-14 08:00:00,0.6037,0.20353333333333332,239.21233333333333,2.85,0.0,0.45,1.85
2010-07-14 09:00:00,0.5776333333333333,0.2704666666666667,240.79633333333334,2.85,0.0,0.5166666666666667,1.8333333333333333
2010-07-14 10:00:00,0.4976333333333333,0.2592333333333333,241.50283333333334,2.39,0.0,0.25,1.8166666666666667
2010-07-14 11:00:00,1.0361333333333334,0.3073666666666667,239.48333333333332,4.666666666666667,0.0,0.7166666666666667,5.933333333333334
2010-07-14 12:00:00,1.1338000000000001,0.20423333333333332,240.32533333333333,4.876666666666667,0.0,0.08333333333333333,9.333333333333334
2010-07-14 13:00:00,1.2403333333333333,0.18056666666666665,241.413,5.203333333333333,0.0,0.7833333333333333,2.6
2010-07-14 14:00:00,1.4386666666666665,0.08876666666666667,241.06783333333334,6.026666666666667,0.0,0.0,2.0833333333333335
2010-07-14 15:00:00,1.0747666666666666,0.14503333333333332,242.85516666666666,4.513333333333334,0.0,0.75,1.75
2010-07-14 16:00:00,0.525,0.1186,242.768,2.3466666666666667,0.0,0.0,1.7833333333333334
2010-07-14 17:00:00,0.4873333333333333,0.14666666666666664,241.74666666666664,2.1700000000000004,0.0,0.75,1.8166666666666667
2010-07-14 18:00:00,0.5254,0.11486666666666667,241.67433333333332,2.3133333333333335,0.0,0.13333333333333333,1.8
2010-07-14 19:00:00,0.7665666666666666,0.22456666666666666,242.73566666666665,3.386666666666667,0.0,0.6333333333333333,2.1333333333333333
2010-07-14 20:00:00,0.9316333333333333,0.1627,239.322,4.08,0.0,0.3333333333333333,6.7
2010-07-14 21:00:00,2.280733333333333,0.11666666666666667,236.2531666666667,9.79,5.433333333333334,0.4166666666666667,19.6
2010-07-14 22:00:00,3.1088666666666667,0.17173333333333335,237.51183333333333,13.120000000000001,6.916666666666667,0.5,19.083333333333332
2010-07-14 23:00:00,3.1291,0.07553333333333333,239.39166666666668,13.073333333333332,5.383333333333334,0.21666666666666667,19.283333333333335
2010-07-15 00:00:00,2.553166666666667,0.10796666666666667,239.35933333333332,10.656666666666666,3.9,0.7166666666666667,15.5
2010-07-15 01:00:00,1.3841333333333334,0.07146666666666666,237.22299999999998,5.8,0.0,0.05,1.6833333333333333
2010-07-15 02:00:00,1.2592333333333334,0.11806666666666667,237.9835,5.3,0.0,0.7166666666666667,1.75
2010-07-15 03:00:00,0.8019333333333333,0.09036666666666666,239.12716666666665,3.3433333333333333,0.0,0.0,1.7833333333333334
2010-07-15 04:00:00,0.8353666666666667,0.15663333333333332,239.37383333333335,3.49,0.0,0.7166666666666667,1.7333333333333334
2010-07-15 05:00:00,0.7728,0.0727,239.04666666666665,3.19,0.0,0.0,1.75
2010-07-15 06:00:00,0.8113333333333334,0.13033333333333333,241.17333333333332,3.3733333333333335,0.0,0.7,1.7
2010-07-15 07:00:00,0.8101333333333333,0.11989999999999999,242.05016666666668,3.3266666666666667,0.0,0.11666666666666667,1.6833333333333333
2010-07-15 08:00:00,1.2321666666666669,0.1389,240.5095,5.2733333333333325,0.0,3.1666666666666665,3.0833333333333335
2010-07-15 09:00:00,1.9920666666666667,0.10046666666666666,240.57816666666668,8.27,0.0,3.683333333333333,16.816666666666666
2010-07-15 10:00:00,1.1026666666666667,0.14166666666666666,241.42366666666666,4.760000000000001,0.0,7.383333333333334,1.7
2010-07-15 11:00:00,1.1862,0.1991,240.95983333333334,5.163333333333333,0.0,14.55,1.7
2010-07-15 12:00:00,0.5487666666666667,0.24453333333333335,241.54399999999998,2.4833333333333334,0.0,0.1,1.6833333333333333
2010-07-15 13:00:00,0.5031,0.24886666666666668,241.2545,2.3766666666666665,0.0,0.7333333333333333,1.7
2010-07-15 14:00:00,0.8797627118644068,0.11505084745762713,238.4877966101695,3.8508474576271183,6.101694915254237,0.0,1.694915254237288
2010-07-15 15:00:00,1.8799,0.14146666666666666,239.18316666666666,7.886666666666667,7.95,0.7166666666666667,15.416666666666666
2010-07-15 16:00:00,1.1058999999999999,0.10250000000000001,239.7531666666667,4.666666666666667,0.0,0.06666666666666667,12.283333333333333
2010-07-15 17:00:00,0.5337,0.13316666666666666,239.042,2.3333333333333335,0.0,0.6333333333333333,1.7166666666666666
2010-07-15 18:00:00,0.5462,0.08703333333333334,240.408,2.3466666666666667,0.0,0.3333333333333333,1.7166666666666666
2010-07-15 19:00:00,0.5149666666666667,0.16353333333333334,241.28216666666668,2.26,0.0,0.43333333333333335,1.7
2010-07-15 20:00:00,0.5238333333333334,0.11966666666666666,242.64916666666667,2.26,0.0,0.48333333333333334,2.283333333333333
2010-07-15 21:00:00,1.7314,0.0996,241.56233333333333,7.13,0.0,0.26666666666666666,19.65
2010-07-15 22:00:00,2.3951333333333333,0.19393333333333332,241.87033333333332,9.876666666666667,0.0,0.6333333333333333,19.6
2010-07-15 23:00:00,1.3301666666666667,0.1104,243.0025,5.466666666666667,0.0,0.11666666666666667,6.416666666666667
2010-07-16 00:00:00,0.7512000000000001,0.15689999999999998,242.11333333333332,3.1733333333333333,0.0,0.75,1.7166666666666666
2010-07-16 01:00:00,0.5985333333333334,0.0896,241.40683333333334,2.4866666666666664,0.0,0.0,1.6833333333333333
2010-07-16 02:00:00,0.397,0.13973333333333335,240.78883333333334,1.7533333333333334,0.0,0.75,1.6833333333333333
2010-07-16 03:00:00,0.4656666666666667,0.14033333333333334,240.72466666666665,2.0766666666666667,0.0,0.0,1.7166666666666666
2010-07-16 04:00:00,0.33076666666666665,0.1756,241.27716666666666,1.55,0.0,0.7333333333333333,1.7
2010-07-16 05:00:00,0.27890000000000004,0.10003333333333334,241.54683333333332,1.2333333333333334,0.0,0.0,1.6666666666666667
2010-07-16 06:00:00,0.35419999999999996,0.21236666666666665,242.49116666666666,1.6733333333333333,0.0,0.75,1.6666666666666667
2010-07-16 07:00:00,0.2783666666666667,0.09826666666666667,241.29633333333334,1.2466666666666666,0.0,0.0,1.7
2010-07-16 08:00:00,0.7949333333333333,0.21556666666666668,239.31866666666667,3.5566666666666666,0.0,0.7333333333333333,8.2
2010-07-16 09:00:00,0.7357333333333334,0.13743333333333335,240.42816666666667,3.1633333333333336,0.0,0.11666666666666667,8.75
2010-07-16 10:00:00,0.5718,0.16296666666666668,240.56133333333335,2.8266666666666667,0.0,0.6166666666666667,1.65
2010-07-16 11:00:00,0.30183333333333334,0.11900000000000001,239.21866666666668,1.3599999999999999,0.0,0.2833333333333333,1.6666666666666667
2010-07-16 12:00:00,0.3291,0.15016666666666667,238.65216666666666,1.5666666666666667,0.0,0.43333333333333335,1.6833333333333333
2010-07-16 13:00:00,0.632,0.13623333333333332,239.2235,2.7199999999999998,0.0,0.43333333333333335,1.7333333333333334
2010-07-16 14:00:00,0.6921,0.0894,241.39849999999998,2.9433333333333334,0.0,0.3,1.7
2010-07-16 15:00:00,1.3841999999999999,0.1337,241.03816666666665,5.766666666666667,0.0,0.5833333333333334,13.033333333333333
2010-07-16 16:00:00,0.5669333333333333,0.15356666666666668,242.74266666666665,2.4633333333333334,0.0,0.15,1.6666666666666667
2010-07-16 17:00:00,0.3144666666666666,0.1452,243.10016666666667,1.4766666666666668,0.0,0.7166666666666667,1.65
2010-07-16 18:00:00,0.2937333333333333,0.11046666666666667,242.48966666666666,1.3266666666666667,0.0,0.03333333333333333,1.6166666666666667
2010-07-16 19:00:00,0.3465666666666667,0.18033333333333335,242.65033333333335,1.63,0.0,0.7,1.7166666666666666
2010-07-16 20:00:00,0.2785,0.08996666666666667,242.176,1.2833333333333334,0.0,0.0,1.65
2010-07-16 21:00:00,0.9086000000000001,0.13473333333333332,239.871,3.8733333333333335,0.0,0.6833333333333333,1.6666666666666667
2010-07-16 22:00:00,1.1646,0.1051,240.86749999999998,4.833333333333333,0.0,0.0,1.0333333333333334
2010-07-16 23:00:00,0.8978666666666667,0.10213333333333334,242.32266666666666,3.7066666666666666,0.0,0.7,1.2833333333333334
2010-07-17 00:00:00,0.8313,0.0777,240.2023333333333,3.4566666666666666,0.0,0.08333333333333333,1.65
2010-07-17 01:00:00,1.0189333333333335,0.17246666666666666,239.62883333333332,4.326666666666667,0.0,0.6166666666666667,3.4833333333333334
2010-07-17 02:00:00,1.0147,0.10026666666666667,239.6726666666667,4.243333333333333,0.0,0.26666666666666666,13.366666666666667
2010-07-17 03:00:00,0.3171,0.1265,241.172,1.4733333333333334,0.0,0.4,1.65
2010-07-17 04:00:00,0.3345,0.1484,241.58316666666667,1.5333333333333334,0.0,0.5,1.6666666666666667
2010-07-17 05:00:00,0.30419999999999997,0.1075,241.913,1.34,0.0,0.18333333333333332,1.6666666666666667
2010-07-17 06:00:00,0.3211333333333333,0.13576666666666665,241.81866666666667,1.48,0.0,0.6666666666666666,1.65
2010-07-17 07:00:00,0.31176666666666664,0.1209,240.92583333333332,1.4433333333333336,0.0,0.016666666666666666,1.6333333333333333
2010-07-17 08:00:00,0.4137,0.13626666666666667,241.40416666666667,1.8833333333333333,0.0,0.6833333333333333,3.033333333333333
2010-07-17 09:00:00,1.3840666666666666,0.09620000000000001,240.46783333333332,5.723333333333333,0.0,0.0,19.4
2010-07-17 10:00:00,1.3928666666666667,0.1537,239.78516666666667,5.78,0.0,0.6833333333333333,19.266666666666666
2010-07-17 11:00:00,0.3967,0.09283333333333334,241.80166666666668,1.7166666666666666,0.0,0.0,3.6333333333333333
2010-07-17 12:00:00,0.3141,0.14796666666666666,242.91583333333335,1.4666666666666666,0.0,0.7,1.65
2010-07-17 13:00:00,0.25033333333333335,0.11989999999999999,243.11749999999998,1.1366666666666667,0.0,0.11666666666666667,0.65
2010-07-17 14:00:00,0.30243333333333333,0.1275,241.61966666666666,1.37,0.0,0.6,1.6833333333333333
2010-07-17 15:00:00,0.29786666666666667,0.11916666666666667,241.762,1.3466666666666667,0.0,0.26666666666666666,1.6166666666666667
2010-07-17 16:00:00,0.32016666666666665,0.15436666666666668,242.16033333333334,1.4666666666666666,0.0,0.43333333333333335,1.6666666666666667
2010-07-17 17:00:00,0.29406666666666664,0.12136666666666666,241.64666666666665,1.3099999999999998,0.0,0.43333333333333335,1.6
2010-07-17 18:00:00,0.30396666666666666,0.1242,241.26883333333336,1.3833333333333333,0.0,0.26666666666666666,1.6833333333333333
2010-07-17 19:00:00,0.3233,0.1560666666666667,241.1585,1.5433333333333332,0.0,0.5833333333333334,1.6166666666666667
2010-07-17 20:00:00,1.0122666666666666,0.08163333333333332,241.03483333333332,4.206666666666667,0.0,0.13333333333333333,12.366666666666667
2010-07-17 21:00:00,0.6904333333333333,0.16356666666666667,239.32333333333332,2.993333333333333,0.0,0.6833333333333333,1.65
2010-07-17 22:00:00,0.7294,0.10753333333333333,241.39399999999998,3.106666666666667,0.0,0.0,1.6666666666666667
2010-07-17 23:00:00,0.5599000000000001,0.13073333333333334,240.64416666666665,2.45,0.0,0.7,1.6166666666666667
2010-07-18 00:00:00,0.4363,0.0873,241.00883333333334,1.9233333333333333,0.0,0.0,1.65
2010-07-18 01:00:00,0.40036666666666665,0.13253333333333334,241.63666666666668,1.7733333333333334,0.0,0.7,1.6333333333333333
2010-07-18 02:00:00,0.332,0.057300000000000004,241.41199999999998,1.44,0.0,0.0,1.6166666666666667
2010-07-18 03:00:00,0.5937333333333333,0.16970000000000002,241.772,2.566666666666667,0.0,0.6833333333333333,1.4833333333333334
2010-07-18 04:00:00,0.21686666666666668,0.06796666666666668,242.6765,0.9433333333333334,0.0,0.0,0.7666666666666667
2010-07-18 05:00:00,0.316,0.1522,243.1765,1.4433333333333336,0.0,0.7,1.6166666666666667
2010-07-18 06:00:00,0.2955666666666667,0.12200000000000001,243.70183333333335,1.3333333333333333,0.0,0.11666666666666667,1.5833333333333333
2010-07-18 07:00:00,1.1619666666666668,0.132,240.99783333333335,4.85,0.0,0.5666666666666667,15.783333333333333
2010-07-18 08:00:00,0.3011666666666667,0.10840000000000001,242.07433333333333,1.3633333333333333,0.0,0.26666666666666666,1.85
2010-07-18 09:00:00,0.31216666666666665,0.14906666666666665,241.40783333333331,1.4466666666666665,0.0,0.4166666666666667,1.6
2010-07-18 10:00:00,0.23963333333333334,0.10233333333333333,241.07533333333333,1.09,0.0,0.4,0.65
2010-07-18 11:00:00,0.28513333333333335,0.1074,239.43233333333333,1.2833333333333334,0.0,0.2833333333333333,1.5833333333333333
2010-07-18 12:00:00,0.3173666666666667,0.15223333333333333,240.09666666666666,1.5066666666666668,0.0,0.5333333333333333,1.5666666666666667
2010-07-18 13:00:00,0.2658,0.08536666666666666,240.69549999999998,1.1633333333333333,0.0,0.16666666666666666,1.6
2010-07-18 14:00:00,0.3264333333333333,0.1639,240.35216666666665,1.5166666666666666,0.0,0.6333333333333333,1.5666666666666667
2010-07-18 15:00:00,0.22990000000000002,0.07883333333333334,241.55833333333334,1.03,0.0,0.06666666666666667,0.85
2010-07-18 16:00:00,0.29446666666666665,0.1401,241.5615,1.3466666666666667,0.0,0.6833333333333333,1.35
2010-07-18 17:00:00,0.2893,0.10790000000000001,240.27716666666666,1.3099999999999998,0.0,0.0,1.6
2010-07-18 18:00:00,0.9191,0.14493333333333333,240.83916666666667,3.893333333333333,0.0,0.7,7.383333333333334
2010-07-18 19:00:00,1.2330666666666665,0.0839,240.89849999999998,5.0633333333333335,0.0,0.0,11.55
2010-07-18 20:00:00,1.1449333333333334,0.15446666666666667,241.58516666666668,4.78,0.0,0.6833333333333333,1.6166666666666667
2010-07-18 21:00:00,1.0483,0.0747,241.72616666666667,4.326666666666667,0.0,0.0,1.6166666666666667
2010-07-18 22:00:00,1.0921666666666667,0.12826666666666667,241.82433333333333,4.533333333333333,0.0,0.7,1.6
2010-07-18 23:00:00,1.4822333333333333,0.12936666666666666,243.01816666666667,6.096666666666667,0.0,0.0,1.6
2010-07-19 00:00:00,0.3711,0.14730000000000001,241.57916666666668,1.6766666666666665,0.0,0.6833333333333333,1.6333333333333333
2010-07-19 01:00:00,0.27516666666666667,0.10833333333333334,240.78933333333333,1.2266666666666666,0.0,0.1,1.4
2010-07-19 02:00:00,0.2828666666666667,0.15976666666666667,241.43983333333333,1.35,0.0,0.6,0.9166666666666666
2010-07-19 03:00:00,0.28873333333333334,0.11713333333333333,242.78833333333333,1.3066666666666669,0.0,0.23333333333333334,1.6333333333333333
2010-07-19 04:00:00,0.3172666666666667,0.15613333333333335,242.2023333333333,1.4766666666666666,0.0,0.4666666666666667,1.7
2010-07-19 05:00:00,0.3062666666666667,0.14106666666666667,241.46033333333335,1.4166666666666667,0.0,0.35,1.6333333333333333
2010-07-19 06:00:00,0.9814666666666666,0.12263333333333333,242.0575,4.076666666666666,0.0,0.3333333333333333,13.016666666666667
2010-07-19 07:00:00,0.5998666666666667,0.13996666666666666,240.93316666666666,2.5700000000000003,0.0,0.48333333333333334,6.5
2010-07-19 08:00:00,0.2998,0.13176666666666667,240.62283333333335,1.37,0.0,0.21666666666666667,1.6666666666666667
2010-07-19 09:00:00,0.30093333333333333,0.1319,242.29649999999998,1.3533333333333333,0.0,0.6,1.6166666666666667
2010-07-19 10:00:00,0.34926666666666667,0.12723333333333334,240.61166666666668,1.5733333333333335,0.0,0.1,1.5833333333333333
2010-07-19 11:00:00,0.32420000000000004,0.1638,241.76850000000002,1.49,0.0,0.7,1.6666666666666667
2010-07-19 12:00:00,0.21,0.0679,242.76283333333333,0.91,0.0,0.0,0.65
2010-07-19 13:00:00,0.39103333333333334,0.1752,241.79333333333335,1.77,0.0,0.7,1.6666666666666667
2010-07-19 14:00:00,0.34636666666666666,0.07963333333333332,241.817,1.5,0.0,0.0,1.6833333333333333
2010-07-19 15:00:00,0.5119,0.1485,243.6281666666667,2.2333333333333334,0.0,0.7166666666666667,1.6666666666666667
2010-07-19 16:00:00,0.409,0.08990000000000001,243.02533333333335,1.7600000000000002,0.0,0.0,1.6666666666666667
2010-07-19 17:00:00,1.0613,0.15346666666666667,241.41216666666665,4.466666666666667,0.0,0.7166666666666667,12.8
2010-07-19 18:00:00,1.3475,0.0862,240.08466666666666,5.556666666666667,0.0,0.06666666666666667,19.383333333333333
2010-07-19 19:00:00,1.4029999999999998,0.16396666666666665,239.51166666666668,5.84,0.0,0.65,19.266666666666666
2010-07-19 20:00:00,0.37133333333333335,0.11393333333333334,243.46383333333333,1.6233333333333335,0.0,0.21666666666666667,2.8833333333333333
2010-07-19 21:00:00,0.3825,0.1351,242.36616666666666,1.6766666666666665,0.0,0.5,1.7
2010-07-19 22:00:00,1.2311,0.23713333333333333,242.22316666666666,5.203333333333333,0.0,0.6333333333333333,1.7
2010-07-19 23:00:00,0.9906666666666666,0.11033333333333334,243.7515,4.053333333333333,0.0,0.08333333333333333,1.7166666666666666
2010-07-20 00:00:00,0.4338666666666667,0.15976666666666667,243.67233333333334,1.9366666666666668,0.0,0.7,1.7
2010-07-20 01:00:00,0.3684333333333333,0.08270000000000001,241.0305,1.5766666666666667,0.0,0.0,1.7
2010-07-20 02:00:00,0.46476666666666666,0.1483,241.08033333333333,2.0233333333333334,0.0,0.7166666666666667,1.6666666666666667
2010-07-20 03:00:00,0.6963333333333334,0.13,241.68366666666668,2.9466666666666668,0.0,0.0,1.7166666666666666
2010-07-20 04:00:00,0.3470333333333333,0.16626666666666665,241.81866666666667,1.62,0.0,0.7166666666666667,1.6666666666666667
2010-07-20 05:00:00,0.4330333333333333,0.12179999999999999,241.01183333333333,1.9166666666666667,0.0,0.0,3.5
2010-07-20 06:00:00,1.0626,0.18236666666666668,241.237,4.453333333333333,0.0,0.7,13.333333333333334
2010-07-20 07:00:00,0.3312,0.13473333333333332,241.40716666666668,1.5133333333333332,0.0,0.16666666666666666,1.7333333333333334
2010-07-20 08:00:00,0.33313333333333334,0.14150000000000001,240.63716666666667,1.5533333333333335,0.0,0.5333333333333333,1.6833333333333333
2010-07-20 09:00:00,0.35356666666666664,0.16456666666666667,239.07983333333334,1.6533333333333333,0.0,0.35,1.7166666666666666
2010-07-20 10:00:00,1.1478,0.20493333333333333,238.37116666666668,4.87,0.0,0.3333333333333333,14.166666666666666
2010-07-20 11:00:00,0.7602333333333333,0.18716666666666668,240.82783333333333,3.3033333333333332,0.0,0.5666666666666667,7.983333333333333
2010-07-20 12:00:00,0.3365,0.15346666666666667,242.23016666666666,1.5333333333333334,0.0,0.11666666666666667,1.7333333333333334
2010-07-20 13:00:00,0.3436666666666667,0.19466666666666665,242.4235,1.6366666666666667,0.0,0.7,1.7
2010-07-20 14:00:00,0.3074,0.13663333333333333,240.95016666666666,1.41,0.0,0.0,1.7166666666666666
2010-07-20 15:00:00,0.32306666666666667,0.16556666666666667,241.99949999999998,1.52,0.0,0.7,1.7
2010-07-20 16:00:00,0.2845333333333333,0.10506666666666667,242.79166666666666,1.2466666666666666,0.0,0.0,1.7333333333333334
2010-07-20 17:00:00,0.47596666666666665,0.20893333333333333,242.22816666666668,2.13,0.0,0.7166666666666667,2.0
2010-07-20 18:00:00,0.7254333333333334,0.13943333333333333,242.08183333333332,3.0300000000000002,0.0,0.21666666666666667,2.466666666666667
2010-07-20 19:00:00,0.6658000000000001,0.14613333333333334,242.77533333333335,2.79,0.0,0.5,1.75
2010-07-20 20:00:00,1.6181666666666668,0.20813333333333334,241.86599999999999,6.78,0.0,0.45,13.533333333333333
2010-07-20 21:00:00,0.7579666666666667,0.1215,242.98116666666667,3.1533333333333333,0.0,0.26666666666666666,1.8
2010-07-20 22:00:00,0.7335333333333334,0.13726666666666668,242.31300000000002,3.0933333333333333,0.0,0.65,1.8
2010-07-20 23:00:00,0.9597,0.10010000000000001,243.07766666666666,3.953333333333333,0.15,0.06666666666666667,1.8
2010-07-21 00:00:00,0.7822666666666667,0.2055,242.08916666666667,3.4133333333333336,7.033333333333333,0.7166666666666667,1.8166666666666667
2010-07-21 01:00:00,0.7374333333333334,0.1016,242.8115,3.143333333333333,7.483333333333333,0.0,1.8
2010-07-21 02:00:00,0.3359666666666667,0.1627333333333333,241.07766666666666,1.5599999999999998,0.0,0.7,1.7833333333333334
2010-07-21 03:00:00,0.3116333333333333,0.12386666666666667,242.49766666666667,1.3933333333333333,0.0,0.05,1.8
2010-07-21 04:00:00,0.3520333333333333,0.18563333333333334,242.08533333333335,1.6400000000000001,0.0,0.6833333333333333,1.7833333333333334
2010-07-21 05:00:00,0.3070333333333333,0.11483333333333333,242.732,1.3633333333333333,0.0,0.2833333333333333,1.8833333333333333
2010-07-21 06:00:00,0.3785,0.16893333333333332,242.35733333333334,1.7133333333333334,0.0,0.43333333333333335,2.6333333333333333
2010-07-21 07:00:00,0.6636333333333333,0.16396666666666668,239.16916666666665,2.8766666666666665,0.0,0.5166666666666667,7.166666666666667
2010-07-21 08:00:00,0.8515,0.0992,240.60616666666667,3.58,0.0,0.18333333333333332,11.1
2010-07-21 09:00:00,0.35500000000000004,0.17306666666666667,241.71450000000002,1.6166666666666667,0.0,0.7166666666666667,1.75
2010-07-21 10:00:00,0.3053666666666667,0.12050000000000001,242.1555,1.37,0.0,0.0,1.75
2010-07-21 11:00:00,0.33343333333333336,0.15566666666666668,239.558,1.5366666666666666,0.0,0.6833333333333333,1.85
2010-07-21 12:00:00,0.28653333333333336,0.0984,241.56366666666665,1.2733333333333334,0.0,0.0,1.7333333333333334
2010-07-21 13:00:00,0.7761333333333333,0.28006666666666663,240.4125,3.4266666666666667,0.0,0.7166666666666667,1.75
2010-07-21 14:00:00,0.8655,0.19333333333333333,241.41616666666667,3.6300000000000003,0.0,0.18333333333333332,1.7
2010-07-21 15:00:00,0.7487666666666667,0.1117,241.96433333333334,3.1233333333333335,0.0,0.5166666666666667,1.7166666666666666
2010-07-21 16:00:00,1.2841999999999998,0.12916666666666668,241.73766666666668,5.34,0.0,0.43333333333333335,10.033333333333333
2010-07-21 17:00:00,0.7408666666666667,0.14263333333333333,241.7055,3.1599999999999997,0.0,0.26666666666666666,7.466666666666667
2010-07-21 18:00:00,0.33363333333333334,0.16253333333333334,242.81133333333335,1.5166666666666666,0.0,0.6666666666666666,1.7333333333333334
2010-07-21 19:00:00,0.7568,0.11213333333333333,240.36116666666666,3.4433333333333334,6.35,0.05,1.7166666666666666
2010-07-21 20:00:00,1.2741,0.25493333333333335,241.96783333333332,5.97,12.95,0.7166666666666667,1.7666666666666666
2010-07-21 21:00:00,0.47623333333333334,0.13790000000000002,243.56516666666667,2.1033333333333335,0.016666666666666666,0.0,1.7166666666666666
2010-07-21 22:00:00,1.6014000000000002,0.28043333333333337,243.35416666666666,6.706666666666666,0.0,0.7,13.666666666666666
2010-07-21 23:00:00,2.878133333333333,0.39203333333333334,241.58583333333334,12.016666666666667,0.0,0.5333333333333333,20.85
2010-07-22 00:00:00,2.6749333333333336,0.32586666666666664,240.52616666666665,11.129999999999999,0.0,1.6,19.45
2010-07-22 01:00:00,2.1680333333333333,0.17076666666666668,241.19333333333333,8.96,0.0,1.55,14.183333333333334
2010-07-22 02:00:00,1.4624666666666668,0.21733333333333332,240.76316666666668,6.1066666666666665,0.0,1.5166666666666666,1.7333333333333334
2010-07-22 03:00:00,1.4041,0.16503333333333334,240.61983333333333,5.833333333333333,0.0,1.5166666666666666,1.7166666666666666
2010-07-22 04:00:00,1.3682666666666667,0.17646666666666666,240.78116666666668,5.676666666666666,0.0,1.5,1.75
2010-07-22 05:00:00,0.4356,0.24683333333333332,241.51033333333334,2.066666666666667,0.0,1.5,1.75
2010-07-22 06:00:00,0.36679999999999996,0.19786666666666666,242.08233333333334,1.6966666666666665,0.0,1.4833333333333334,1.7333333333333334
2010-07-22 07:00:00,0.47123333333333334,0.21966666666666665,241.73216666666667,2.136666666666667,0.0,1.5,3.183333333333333
2010-07-22 08:00:00,1.0183333333333333,0.22446666666666668,240.56533333333334,4.36,0.0,1.4833333333333334,12.183333333333334
2010-07-22 09:00:00,0.36193333333333333,0.1907,239.45166666666668,1.6733333333333333,0.0,1.4666666666666666,1.7
2010-07-22 10:00:00,0.3594333333333333,0.22683333333333333,242.68449999999999,1.7633333333333332,0.0,1.4833333333333334,1.2
2010-07-22 11:00:00,0.3411,0.2086,240.57583333333332,1.6166666666666667,0.0,1.4833333333333334,1.1
2010-07-22 12:00:00,0.36920000000000003,0.20813333333333334,241.12066666666666,1.74,0.0,1.4833333333333334,1.6666666666666667
2010-07-22 13:00:00,0.3661333333333333,0.20166666666666666,240.43233333333333,1.6966666666666665,0.0,1.4666666666666666,1.65
2010-07-22 14:00:00,1.3246,0.3013,238.054,5.73,0.0,1.4666666666666666,13.283333333333333
2010-07-22 15:00:00,0.3668333333333333,0.20133333333333334,240.755,1.7,0.0,1.4833333333333334,1.6833333333333333
2010-07-22 16:00:00,0.3762666666666667,0.214,241.25133333333332,1.7333333333333334,0.0,1.4833333333333334,1.6666666666666667
2010-07-22 17:00:00,0.38603333333333334,0.22793333333333335,241.14333333333335,1.8133333333333335,0.0,1.4833333333333334,1.7
2010-07-22 18:00:00,0.37246666666666667,0.20716666666666667,241.78983333333332,1.7266666666666666,0.0,1.4833333333333334,1.6833333333333333
2010-07-22 19:00:00,0.3748333333333333,0.21180000000000002,242.72266666666667,1.7333333333333334,0.0,1.4833333333333334,1.6666666666666667
2010-07-22 20:00:00,0.3955666666666666,0.2394,242.28066666666666,1.8800000000000001,0.0,1.4833333333333334,1.7
2010-07-22 21:00:00,0.9666,0.16369999999999998,240.73233333333334,4.036666666666666,0.0,1.4833333333333334,1.6833333333333333
2010-07-22 22:00:00,1.1483666666666668,0.21196666666666666,242.31516666666667,4.833333333333333,0.0,1.4833333333333334,1.65
2010-07-22 23:00:00,0.5283,0.22923333333333332,243.47166666666666,2.3833333333333333,0.0,1.4833333333333334,1.6833333333333333
2010-07-23 00:00:00,0.5345333333333334,0.17023333333333335,241.4225,2.39,0.0,1.4833333333333334,2.6333333333333333
2010-07-23 01:00:00,1.2643333333333333,0.17576666666666665,237.46033333333335,5.3533333333333335,0.0,1.45,14.533333333333333
2010-07-23 02:00:00,0.5916666666666667,0.18793333333333334,237.93383333333335,2.58,0.0,1.4666666666666666,1.6833333333333333
2010-07-23 03:00:00,1.2449666666666666,0.15819999999999998,238.63183333333333,5.23,0.3333333333333333,1.45,1.6833333333333333
2010-07-23 04:00:00,1.1148,0.2007,238.90316666666666,4.83,7.016666666666667,1.4666666666666666,1.7166666666666666
2010-07-23 05:00:00,0.8448333333333333,0.22440000000000002,238.75983333333335,3.7766666666666664,7.6,1.4666666666666666,1.6833333333333333
2010-07-23 06:00:00,0.3563,0.1875,240.67466666666667,1.6266666666666667,0.0,1.4666666666666666,1.6833333333333333
2010-07-23 07:00:00,0.38320000000000004,0.225,239.8405,1.81,0.0,1.4666666666666666,1.6333333333333333
2010-07-23 08:00:00,0.7163,0.2026,239.33766666666668,3.1133333333333337,0.0,1.45,7.266666666666667
2010-07-23 09:00:00,1.4133666666666669,0.21753333333333333,238.43166666666667,6.03,0.0,1.45,17.916666666666668
2010-07-23 10:00:00,0.4327333333333333,0.22000000000000003,239.95383333333334,1.97,0.0,1.4666666666666666,1.2666666666666666
2010-07-23 11:00:00,0.3619,0.19686666666666666,240.23966666666666,1.6600000000000001,0.0,1.45,1.65
2010-07-23 12:00:00,0.5837666666666668,0.19853333333333334,241.8493333333333,2.546666666666667,0.0,1.4833333333333334,1.6833333333333333
2010-07-23 13:00:00,0.7842666666666667,0.2162,239.95333333333335,3.356666666666667,0.0,1.45,1.6666666666666667
2010-07-23 14:00:00,0.45803333333333335,0.20446666666666666,241.03066666666666,2.0566666666666666,0.0,1.4666666666666666,1.6666666666666667
2010-07-23 15:00:00,0.9314333333333333,0.18093333333333333,239.41966666666667,4.013333333333334,0.0,1.4666666666666666,11.216666666666667
2010-07-23 16:00:00,0.5397,0.23473333333333332,240.3845,2.44,0.0,1.4666666666666666,4.166666666666667
2010-07-23 17:00:00,0.3580666666666667,0.19256666666666666,240.337,1.6333333333333333,0.0,1.4666666666666666,1.65
2010-07-23 18:00:00,0.37929999999999997,0.20739999999999997,240.69650000000001,1.7666666666666666,0.0,1.45,1.7
2010-07-23 19:00:00,1.4078666666666666,0.2159,239.5125,5.9,0.0,1.4666666666666666,17.716666666666665
2010-07-23 20:00:00,1.5015666666666665,0.19083333333333335,240.65116666666665,6.22,0.0,1.4666666666666666,19.383333333333333
2010-07-23 21:00:00,1.6510666666666665,0.18883333333333333,240.10583333333335,6.876666666666667,0.0,1.45,18.7
2010-07-23 22:00:00,0.9489,0.19123333333333334,240.60266666666666,4.013333333333334,0.0,1.4666666666666666,1.6666666666666667
2010-07-23 23:00:00,0.7997333333333334,0.1663,241.05733333333333,3.3666666666666667,0.0,1.4666666666666666,1.6833333333333333
2010-07-24 00:00:00,0.7748666666666666,0.18313333333333331,239.17483333333334,3.3066666666666666,0.0,1.4666666666666666,1.65
2010-07-24 01:00:00,0.7538666666666667,0.18876666666666667,238.67933333333335,3.216666666666667,0.0,1.45,1.6666666666666667
2010-07-24 02:00:00,0.47453333333333336,0.1813,238.2711666666667,2.11,0.0,1.45,1.0666666666666667
2010-07-24 03:00:00,0.3524,0.209,239.85649999999998,1.6433333333333335,0.0,1.4666666666666666,1.2333333333333334
2010-07-24 04:00:00,0.3703333333333333,0.21003333333333335,240.58716666666666,1.72,0.0,1.45,1.6666666666666667
2010-07-24 05:00:00,0.35569999999999996,0.19123333333333334,240.67849999999999,1.6333333333333333,0.0,1.4666666666666666,1.6333333333333333
2010-07-24 06:00:00,0.3877666666666667,0.23226666666666668,240.99766666666667,1.82,0.0,1.45,1.6333333333333333
2010-07-24 07:00:00,0.9122333333333333,0.18566666666666667,240.50216666666665,3.8800000000000003,0.0,1.4666666666666666,10.866666666666667
2010-07-24 08:00:00,0.5372333333333333,0.19903333333333334,239.97016666666667,2.3766666666666665,0.0,1.45,4.55
2010-07-24 09:00:00,0.3776,0.21126666666666666,238.72966666666667,1.7666666666666666,0.0,1.45,1.6666666666666667
2010-07-24 10:00:00,0.3533666666666667,0.18943333333333331,240.02933333333334,1.5766666666666667,0.0,1.45,1.6
2010-07-24 11:00:00,0.36346666666666666,0.20129999999999998,240.0225,1.68,0.0,1.45,1.6166666666666667
2010-07-24 12:00:00,0.6535333333333334,0.2008,240.4406666666667,2.86,0.0,1.45,1.6333333333333333
2010-07-24 13:00:00,0.7953333333333333,0.16299999999999998,240.20083333333332,3.3699999999999997,0.0,1.45,1.4
2010-07-24 14:00:00,0.3424333333333333,0.20873333333333335,239.51233333333332,1.6566666666666667,0.0,1.45,0.8666666666666667
2010-07-24 15:00:00,0.3610333333333333,0.1966,240.174,1.6600000000000001,0.0,1.4666666666666666,1.6833333333333333
2010-07-24 16:00:00,0.36346666666666666,0.19813333333333333,239.565,1.7033333333333334,0.0,1.45,1.6666666666666667
2010-07-24 17:00:00,0.37629999999999997,0.2123,239.2255,1.7333333333333334,0.0,1.4333333333333333,1.6833333333333333
2010-07-24 18:00:00,0.7580333333333333,0.20356666666666667,240.30283333333333,3.2766666666666664,0.0,1.4666666666666666,8.066666666666666
2010-07-24 19:00:00,0.8834666666666667,0.18473333333333333,240.3805,3.74,0.0,1.45,10.35
2010-07-24 20:00:00,0.6974,0.242,242.574,3.0233333333333334,0.0,1.4666666666666666,1.6333333333333333
2010-07-24 21:00:00,1.7543,0.20123333333333332,242.2335,7.3100000000000005,0.0,1.45,1.65
2010-07-24 22:00:00,1.2302666666666666,0.18603333333333333,242.374,5.113333333333333,0.0,1.4666666666666666,1.7
2010-07-24 23:00:00,1.1322,0.18466666666666667,242.64266666666666,4.6899999999999995,0.0,1.4666666666666666,1.6833333333333333
2010-07-25 00:00:00,1.0919999999999999,0.15533333333333335,238.05766666666665,4.58,0.0,1.45,1.6833333333333333
2010-07-25 01:00:00,0.9013666666666666,0.1673,238.18883333333332,3.82,0.0,1.45,1.6833333333333333
2010-07-25 02:00:00,0.35196666666666665,0.20650000000000002,238.2775,1.68,0.0,1.4333333333333333,1.1
2010-07-25 03:00:00,0.32413333333333333,0.1641,239.03900000000002,1.47,0.0,1.45,1.2166666666666666
2010-07-25 04:00:00,0.3849666666666666,0.2137666666666667,239.2375,1.7966666666666666,0.0,1.45,1.6833333333333333
2010-07-25 05:00:00,0.36833333333333335,0.19496666666666668,239.78833333333333,1.6766666666666667,0.0,1.45,1.6833333333333333
2010-07-25 06:00:00,0.8814333333333334,0.18926666666666667,240.061,3.7800000000000002,0.0,1.45,10.183333333333334
2010-07-25 07:00:00,0.8028333333333334,0.19899999999999998,240.207,3.4133333333333336,0.0,1.45,8.833333333333334
2010-07-25 08:00:00,0.37666666666666665,0.20873333333333335,239.36483333333334,1.7733333333333334,0.0,1.4333333333333333,1.65
2010-07-25 09:00:00,0.3548666666666667,0.1812,241.07383333333334,1.59,0.0,1.4666666666666666,1.6666666666666667
2010-07-25 10:00:00,1.3948333333333334,0.21456666666666668,239.1726666666667,5.88,0.0,1.4333333333333333,17.15
2010-07-25 11:00:00,1.6441333333333332,0.1908,237.77,6.923333333333333,0.0,1.45,19.033333333333335
2010-07-25 12:00:00,1.5775000000000001,0.16146666666666668,238.55,6.573333333333333,0.0,1.4333333333333333,19.116666666666667
2010-07-25 13:00:00,0.8530333333333332,0.21383333333333335,240.28833333333333,3.643333333333333,0.0,1.45,9.516666666666667
2010-07-25 14:00:00,0.3653333333333333,0.19543333333333335,240.03216666666668,1.6900000000000002,0.0,1.45,1.7
2010-07-25 15:00:00,0.36483333333333334,0.1969,241.33716666666666,1.66,0.0,1.4666666666666666,1.6666666666666667
2010-07-25 16:00:00,0.38556666666666667,0.2289,241.90633333333332,1.82,0.0,1.4666666666666666,1.6833333333333333
2010-07-25 17:00:00,0.36133333333333334,0.1932,241.42333333333332,1.6466666666666667,0.0,1.45,1.6833333333333333
2010-07-25 18:00:00,0.3721666666666667,0.20650000000000002,242.37216666666666,1.6966666666666665,0.0,1.4666666666666666,1.6833333333333333
2010-07-25 19:00:00,0.8781,0.1978,239.49716666666666,3.856666666666667,0.0,5.45,1.9333333333333333
2010-07-25 20:00:00,0.6794666666666667,0.10046666666666668,242.1825,2.7866666666666666,0.0,0.8,1.65
2010-07-25 21:00:00,0.6416666666666667,0.10043333333333333,242.5875,2.6166666666666667,0.0,0.0,1.6833333333333333
2010-07-25 22:00:00,0.6522666666666667,0.10253333333333334,243.25166666666667,2.64,0.0,0.0,1.6333333333333333
2010-07-25 23:00:00,2.831366666666667,0.11976666666666666,243.041,11.833333333333334,0.0,28.4,14.3
2010-07-26 00:00:00,0.3406333333333333,0.0957,243.25466666666668,1.49,0.0,0.9833333333333333,1.6833333333333333
2010-07-26 01:00:00,0.3388,0.12399999999999999,241.18866666666665,1.5133333333333332,0.0,0.5833333333333334,1.7
2010-07-26 02:00:00,0.27876666666666666,0.0757,241.34633333333335,1.2366666666666668,0.0,0.15,1.6833333333333333
2010-07-26 03:00:00,0.3625666666666667,0.19036666666666668,241.74166666666667,1.7100000000000002,0.0,1.2166666666666666,1.6666666666666667
2010-07-26 04:00:00,0.3076,0.11076666666666667,241.17299999999997,1.3866666666666667,0.0,0.3333333333333333,1.6666666666666667
2010-07-26 05:00:00,0.33383333333333337,0.14936666666666668,240.80083333333332,1.5333333333333334,0.0,0.9666666666666667,1.5666666666666667
2010-07-26 06:00:00,0.2578,0.07826666666666666,243.65383333333332,1.1433333333333333,0.0,0.16666666666666666,1.1166666666666667
2010-07-26 07:00:00,0.33330000000000004,0.16756666666666667,240.84966666666665,1.5166666666666666,0.0,0.8166666666666667,1.3166666666666667
2010-07-26 08:00:00,1.7709000000000001,0.11323333333333334,237.94783333333334,7.67,0.0,24.166666666666668,1.7
2010-07-26 09:00:00,0.4124333333333333,0.16446666666666668,240.87966666666668,1.8900000000000001,0.0,1.8666666666666667,1.7666666666666666
2010-07-26 10:00:00,0.7432333333333333,0.12456666666666667,239.29683333333332,3.1799999999999997,0.0,1.0,8.1
2010-07-26 11:00:00,1.0832333333333333,0.12716666666666668,239.256,4.596666666666667,0.0,0.43333333333333335,10.1
2010-07-26 12:00:00,0.5131666666666667,0.1323,239.64133333333334,2.203333333333333,0.0,0.65,1.6833333333333333
2010-07-26 13:00:00,0.32996666666666663,0.11243333333333334,241.13016666666667,1.5,0.0,0.06666666666666667,1.7
2010-07-26 14:00:00,0.3254666666666666,0.13846666666666665,240.33849999999998,1.4933333333333334,0.0,0.7333333333333333,1.6666666666666667
2010-07-26 15:00:00,0.29573333333333335,0.09676666666666667,241.30266666666665,1.3,0.0,0.0,1.65
2010-07-26 16:00:00,0.33640000000000003,0.15733333333333333,241.11816666666667,1.5433333333333332,0.0,0.7333333333333333,1.6333333333333333
2010-07-26 17:00:00,0.2747,0.07583333333333334,240.24666666666664,1.1833333333333333,0.0,0.0,1.6666666666666667
2010-07-26 18:00:00,0.3483,0.16863333333333333,241.12533333333334,1.6233333333333335,0.0,0.7333333333333333,1.6833333333333333
2010-07-26 19:00:00,0.29503333333333337,0.10086666666666666,241.78833333333333,1.38,0.0,0.06666666666666667,1.6333333333333333
2010-07-26 20:00:00,0.3242333333333333,0.14036666666666667,242.31166666666667,1.4933333333333332,0.0,0.65,1.6666666666666667
2010-07-26 21:00:00,1.1442666666666668,0.12693333333333331,240.20516666666666,4.760000000000001,0.0,0.25,1.7
2010-07-26 22:00:00,2.091266666666667,0.13493333333333332,240.11916666666667,8.683333333333334,0.0,0.48333333333333334,11.683333333333334
2010-07-26 23:00:00,1.8942,0.0583,241.78699999999998,7.77,0.0,0.38333333333333336,6.683333333333334
2010-07-27 00:00:00,1.6456333333333333,0.12763333333333335,241.08016666666666,6.77,0.0,0.3333333333333333,1.6
2010-07-27 01:00:00,1.6177666666666668,0.1158,238.417,6.8100000000000005,7.016666666666667,0.5333333333333333,1.6333333333333333
2010-07-27 02:00:00,0.8101333333333333,0.10106666666666667,238.60399999999998,3.5266666666666664,8.1,0.16666666666666666,1.6833333333333333
2010-07-27 03:00:00,0.35683333333333334,0.14746666666666666,238.142,1.6333333333333333,0.0,0.6833333333333333,1.65
2010-07-27 04:00:00,0.2897666666666667,0.0929,238.30983333333333,1.32,0.0,0.03333333333333333,1.6666666666666667
2010-07-27 05:00:00,0.31153333333333333,0.12990000000000002,240.06199999999998,1.41,0.0,0.7,1.6833333333333333
2010-07-27 06:00:00,0.3014,0.10956666666666666,240.87449999999998,1.35,0.0,0.0,1.6666666666666667
2010-07-27 07:00:00,0.3202666666666667,0.14336666666666667,239.13066666666666,1.45,0.0,0.7166666666666667,1.6833333333333333
2010-07-27 08:00:00,0.2753333333333333,0.07493333333333334,239.24016666666665,1.2233333333333334,0.0,0.0,1.6666666666666667
2010-07-27 09:00:00,1.1635333333333333,0.20593333333333333,239.79466666666667,4.9766666666666675,0.0,0.7,13.433333333333334
2010-07-27 10:00:00,0.7449333333333333,0.08503333333333334,238.9935,3.14,0.0,0.0,6.083333333333333
2010-07-27 11:00:00,0.5313666666666667,0.14433333333333334,239.954,2.3333333333333335,0.0,0.6833333333333333,1.4666666666666666
2010-07-27 12:00:00,0.5818333333333334,0.14523333333333335,240.0745,2.4699999999999998,0.0,0.15,0.8666666666666667
2010-07-27 13:00:00,0.49633333333333335,0.12216666666666667,239.32850000000002,2.1366666666666663,0.0,0.55,1.6833333333333333
2010-07-27 14:00:00,0.2895333333333333,0.0949,238.37883333333332,1.29,0.0,0.35,1.7
2010-07-27 15:00:00,1.0975666666666666,0.13953333333333334,237.38733333333332,4.723333333333333,0.0,0.35,14.566666666666666
2010-07-27 16:00:00,0.3030666666666667,0.1193,240.3635,1.3366666666666667,0.0,0.5333333333333333,1.7
2010-07-27 17:00:00,0.2901666666666667,0.10086666666666667,241.1315,1.2833333333333334,0.0,0.16666666666666666,1.6666666666666667
2010-07-27 18:00:00,0.3433,0.14993333333333334,236.7155,1.6,0.0,0.6833333333333333,1.7666666666666666
2010-07-27 19:00:00,0.27576666666666666,0.08553333333333332,237.02866666666665,1.22,0.0,0.016666666666666666,1.6666666666666667
2010-07-27 20:00:00,0.32926666666666665,0.1537,242.07716666666664,1.4733333333333334,0.0,0.6833333333333333,1.7
2010-07-27 21:00:00,0.8642000000000001,0.09636666666666667,242.53633333333335,3.5633333333333335,0.0,0.0,1.6833333333333333
2010-07-27 22:00:00,1.2083333333333333,0.13523333333333334,242.65166666666667,4.943333333333333,0.0,0.6833333333333333,1.5166666666666666
2010-07-27 23:00:00,1.4248,0.09146666666666665,240.84633333333335,5.863333333333333,0.0,0.0,0.9333333333333333
2010-07-28 00:00:00,1.6895666666666667,0.19443333333333335,237.12416666666667,7.113333333333333,0.35,0.6666666666666666,4.683333333333334
2010-07-28 01:00:00,1.4232,0.10566666666666666,238.547,6.0,6.25,0.16666666666666666,13.8
2010-07-28 02:00:00,0.7068333333333334,0.1255,240.38633333333334,3.0133333333333336,6.75,0.5166666666666667,1.6666666666666667
2010-07-28 03:00:00,0.3252,0.14763333333333334,241.64516666666665,1.48,0.0,0.4,1.6833333333333333
2010-07-28 04:00:00,0.30223333333333335,0.11739999999999999,241.27433333333335,1.3466666666666667,0.0,0.2833333333333333,1.6333333333333333
2010-07-28 05:00:00,0.3055,0.12066666666666667,240.9355,1.3599999999999999,0.0,0.6166666666666667,1.6666666666666667
2010-07-28 06:00:00,0.4513333333333333,0.12276666666666666,241.4735,1.96,0.0,0.06666666666666667,3.7666666666666666
2010-07-28 07:00:00,1.5366666666666666,0.13556666666666667,238.65633333333332,6.413333333333333,0.0,0.7333333333333333,19.233333333333334
2010-07-28 08:00:00,1.3218999999999999,0.07206666666666667,237.72916666666666,5.516666666666667,0.0,0.0,19.033333333333335
2010-07-28 09:00:00,1.2511666666666668,0.13613333333333333,238.12283333333335,5.239999999999999,0.0,0.6666666666666666,17.05
2010-07-28 10:00:00,0.28926666666666667,0.10393333333333334,239.82516666666666,1.2933333333333332,0.0,0.0,1.7166666666666666
2010-07-28 11:00:00,0.3096,0.13620000000000002,239.94549999999998,1.4366666666666668,0.0,0.6833333333333333,1.6333333333333333
2010-07-28 12:00:00,0.3046,0.11606666666666668,240.35816666666668,1.3733333333333335,0.0,0.11666666666666667,1.7333333333333334
2010-07-28 13:00:00,0.32016666666666665,0.146,240.0125,1.4666666666666666,0.0,0.5666666666666667,1.6666666666666667
2010-07-28 14:00:00,0.29183333333333333,0.10083333333333333,238.98883333333333,1.2966666666666666,0.0,0.36666666666666664,1.7333333333333334
2010-07-28 15:00:00,0.32106666666666667,0.14486666666666667,240.76899999999998,1.4966666666666666,0.0,0.31666666666666665,1.7166666666666666
2010-07-28 16:00:00,0.31606666666666666,0.14306666666666665,241.3601666666667,1.4400000000000002,0.0,0.6,1.6833333333333333
2010-07-28 17:00:00,0.2830333333333333,0.094,240.1115,1.2533333333333334,0.0,0.1,1.6666666666666667
2010-07-28 18:00:00,0.3363,0.16,240.7955,1.5633333333333332,0.0,0.7,1.7166666666666666
2010-07-28 19:00:00,0.6348,0.1091,241.13816666666668,2.683333333333333,0.0,0.0,7.283333333333333
2010-07-28 20:00:00,0.7385666666666667,0.14946666666666666,242.09883333333335,3.1333333333333333,0.0,0.7,8.616666666666667
2010-07-28 21:00:00,0.2951333333333333,0.0972,240.20416666666668,1.32,0.0,0.0,1.7333333333333334
2010-07-28 22:00:00,0.3436,0.17600000000000002,241.88950000000003,1.59,0.0,0.6833333333333333,1.7
2010-07-28 23:00:00,0.2799333333333333,0.09319999999999999,243.95883333333333,1.2133333333333334,0.0,0.11666666666666667,1.7166666666666666
2010-07-29 00:00:00,0.3317,0.16113333333333332,242.39916666666667,1.5333333333333334,0.0,0.5666666666666667,1.7166666666666666
2010-07-29 01:00:00,0.3173666666666667,0.13190000000000002,241.20266666666666,1.4433333333333331,0.0,0.36666666666666664,1.7666666666666666
2010-07-29 02:00:00,0.2972666666666666,0.1164,240.954,1.3266666666666667,0.0,0.31666666666666665,1.6833333333333333
2010-07-29 03:00:00,0.3265333333333333,0.15063333333333334,241.5975,1.5100000000000002,0.0,0.5833333333333334,1.7333333333333334
2010-07-29 04:00:00,0.29933333333333334,0.11683333333333333,241.29166666666666,1.3666666666666667,0.0,0.11666666666666667,1.6666666666666667
2010-07-29 05:00:00,0.3222333333333333,0.1475,240.3975,1.4633333333333334,0.0,0.7166666666666667,1.7
2010-07-29 06:00:00,0.2748666666666667,0.08073333333333334,240.89016666666666,1.21,0.0,0.0,1.7
2010-07-29 07:00:00,1.2340333333333333,0.1651,239.43033333333332,5.206666666666667,0.0,0.6833333333333333,16.433333333333334
2010-07-29 08:00:00,0.29463333333333336,0.07316666666666666,239.95016666666666,1.29,0.0,0.0,1.8166666666666667
2010-07-29 09:00:00,0.32453333333333334,0.14233333333333334,238.99699999999999,1.4733333333333334,0.0,0.6833333333333333,1.7333333333333334
2010-07-29 10:00:00,0.2707666666666667,0.10303333333333334,239.55433333333335,1.2333333333333334,0.0,0.05,1.1833333333333333
2010-07-29 11:00:00,0.27603333333333335,0.11973333333333333,238.7875,1.2533333333333334,0.0,0.65,1.15
2010-07-29 12:00:00,0.2986666666666667,0.11420000000000001,241.11766666666665,1.3599999999999999,0.0,0.23333333333333334,1.7
2010-07-29 13:00:00,0.3164666666666667,0.14143333333333336,241.23999999999998,1.4233333333333333,0.0,0.45,1.6833333333333333
2010-07-29 14:00:00,0.3056,0.1221,239.85883333333334,1.3900000000000001,0.0,0.43333333333333335,1.6666666666666667
2010-07-29 15:00:00,0.2859666666666667,0.09953333333333333,239.49766666666667,1.28,0.0,0.26666666666666666,1.7166666666666666
2010-07-29 16:00:00,0.33666666666666667,0.16596666666666668,238.42783333333333,1.5866666666666667,0.0,0.6,1.6833333333333333
2010-07-29 17:00:00,0.2716333333333333,0.07786666666666667,238.56016666666667,1.1766666666666665,0.0,0.08333333333333333,1.65
2010-07-29 18:00:00,0.45,0.14216666666666666,239.17083333333332,1.9933333333333332,0.0,0.7166666666666667,3.35
2010-07-29 19:00:00,1.0928666666666667,0.08163333333333332,238.893,4.553333333333333,0.0,0.0,14.883333333333333
2010-07-29 20:00:00,0.3196333333333333,0.14666666666666667,241.35283333333334,1.4566666666666668,0.0,0.7,1.6833333333333333
2010-07-29 21:00:00,0.2858,0.0946,241.19583333333333,1.25,0.0,0.0,1.6833333333333333
2010-07-29 22:00:00,0.33336666666666664,0.1656,242.34133333333332,1.5133333333333332,0.0,0.7,1.65
2010-07-29 23:00:00,0.28576666666666667,0.09416666666666666,242.12083333333334,1.26,0.0,0.03333333333333333,1.6666666666666667
2010-07-30 00:00:00,0.3081,0.13116666666666668,240.95200000000003,1.3733333333333335,0.0,0.65,1.7
2010-07-30 01:00:00,0.31893333333333335,0.14250000000000002,241.48033333333333,1.4766666666666668,0.0,0.25,1.6666666666666667
2010-07-30 02:00:00,0.29100000000000004,0.11123333333333334,240.96349999999998,1.2966666666666666,0.0,0.43333333333333335,1.6333333333333333
2010-07-30 03:00:00,0.3068,0.12176666666666666,241.19233333333332,1.39,0.0,0.43333333333333335,1.6833333333333333
2010-07-30 04:00:00,0.3015,0.12179999999999999,240.95183333333335,1.3666666666666667,0.0,0.26666666666666666,1.6333333333333333
2010-07-30 05:00:00,0.31229999999999997,0.14173333333333332,240.826,1.4200000000000002,0.0,0.5833333333333334,1.5833333333333333
2010-07-30 06:00:00,0.36086666666666667,0.07013333333333334,241.14983333333333,1.5533333333333335,0.0,0.1,3.1
2010-07-30 07:00:00,1.1503,0.15716666666666665,238.42000000000002,4.890000000000001,0.0,0.6833333333333333,15.2
2010-07-30 08:00:00,0.4764333333333334,0.10759999999999999,238.91366666666667,2.0833333333333335,0.0,0.0,1.7
2010-07-30 09:00:00,0.32466666666666666,0.13223333333333334,238.57583333333332,1.4633333333333334,0.0,0.6833333333333333,1.6666666666666667
2010-07-30 10:00:00,0.29710000000000003,0.109,239.49883333333335,1.3533333333333333,0.0,0.0,1.6666666666666667
2010-07-30 11:00:00,0.30670000000000003,0.13086666666666666,239.8961666666667,1.4,0.0,0.6666666666666666,1.6666666666666667
2010-07-30 12:00:00,0.2814333333333333,0.09283333333333334,241.20383333333334,1.24,0.0,0.0,1.6833333333333333
2010-07-30 13:00:00,0.2663,0.13496666666666665,240.16483333333332,1.2033333333333334,0.0,0.7,0.65
2010-07-30 14:00:00,0.27949999999999997,0.08566666666666665,238.66416666666666,1.2366666666666668,0.0,0.08333333333333333,1.65
2010-07-30 15:00:00,0.30273333333333335,0.12833333333333333,240.61499999999998,1.3599999999999999,0.0,0.6,1.6166666666666667
2010-07-30 16:00:00,0.3171666666666667,0.14363333333333334,241.34966666666665,1.4733333333333334,0.0,0.26666666666666666,1.6666666666666667
2010-07-30 17:00:00,1.2049666666666667,0.09743333333333333,239.74083333333334,5.026666666666667,0.0,0.4166666666666667,16.916666666666668
2010-07-30 18:00:00,0.31516666666666665,0.13076666666666667,239.37333333333333,1.4466666666666665,0.0,0.45,1.7
2010-07-30 19:00:00,0.28963333333333335,0.11653333333333334,239.09949999999998,1.3099999999999998,0.0,0.25,1.2333333333333334
2010-07-30 20:00:00,0.2808,0.13323333333333334,239.5955,1.2833333333333334,0.0,0.6833333333333333,1.05
2010-07-30 21:00:00,0.2802,0.08863333333333333,239.25816666666665,1.2366666666666668,0.0,0.0,1.6666666666666667
2010-07-30 22:00:00,0.33849999999999997,0.17186666666666667,240.46766666666664,1.5766666666666669,0.0,0.7,1.65
2010-07-30 23:00:00,0.2765666666666667,0.07980000000000001,238.82516666666666,1.2233333333333334,0.0,0.0,1.7333333333333334
2010-07-31 00:00:00,0.3157333333333333,0.13896666666666666,238.16466666666665,1.4400000000000002,0.0,0.6833333333333333,1.7
2010-07-31 01:00:00,0.30183333333333334,0.11596666666666668,239.39433333333332,1.3900000000000001,0.0,0.0,1.7
2010-07-31 02:00:00,0.30866666666666664,0.13296666666666665,239.79633333333334,1.3933333333333333,0.0,0.7,1.6833333333333333
2010-07-31 03:00:00,0.2885666666666667,0.10056666666666667,240.74949999999998,1.2966666666666666,0.0,0.06666666666666667,1.6666666666666667
2010-07-31 04:00:00,0.5586666666666668,0.15216666666666664,240.39966666666666,2.4233333333333333,0.0,0.6333333333333333,5.516666666666667
2010-07-31 05:00:00,1.0050333333333332,0.1061,239.39399999999998,4.220000000000001,0.0,0.25,13.483333333333333
2010-07-31 06:00:00,0.314,0.1254,240.89266666666666,1.4033333333333333,0.0,0.43333333333333335,1.6833333333333333
2010-07-31 07:00:00,0.33153333333333335,0.162,240.351,1.5566666666666669,0.0,0.5333333333333333,1.6833333333333333
2010-07-31 08:00:00,0.28463333333333335,0.10123333333333333,240.514,1.2733333333333334,0.0,0.16666666666666666,1.65
2010-07-31 09:00:00,0.29686666666666667,0.13116666666666668,238.55283333333333,1.3733333333333335,0.0,0.6833333333333333,1.3833333333333333
2010-07-31 10:00:00,0.26063333333333333,0.10923333333333334,240.14216666666667,1.2,0.0,0.016666666666666666,0.9833333333333333
2010-07-31 11:00:00,0.3007,0.13216666666666668,239.084,1.3866666666666667,0.0,0.7,1.5666666666666667
2010-07-31 12:00:00,0.284,0.09066666666666667,239.34016666666668,1.27,0.0,0.0,1.7
2010-07-31 13:00:00,0.3337,0.1638,240.1295,1.55,0.0,0.7,1.7
2010-07-31 14:00:00,0.2824,0.09046666666666667,238.55416666666667,1.2666666666666666,0.0,0.0,1.7333333333333334
2010-07-31 15:00:00,0.3185333333333334,0.14650000000000002,239.14516666666665,1.47,0.0,0.7166666666666667,1.6833333333333333
2010-07-31 16:00:00,0.6855666666666667,0.10676666666666666,237.54066666666668,2.9566666666666666,0.0,0.05,8.083333333333334
2010-07-31 17:00:00,0.9024333333333333,0.1449,239.92116666666666,3.8033333333333332,0.0,0.65,11.366666666666667
2010-07-31 18:00:00,0.28886666666666666,0.09516666666666666,238.61700000000002,1.29,0.0,0.25,1.7166666666666666
2010-07-31 19:00:00,0.34280000000000005,0.1691,240.0045,1.61,0.0,0.4666666666666667,1.6666666666666667
2010-07-31 20:00:00,0.31096666666666667,0.13069999999999998,241.41850000000002,1.3900000000000001,0.0,0.5,1.7333333333333334
2010-07-31 21:00:00,0.29786666666666667,0.1128,241.393,1.34,0.0,0.21666666666666667,1.6833333333333333
2010-07-31 22:00:00,0.3373333333333334,0.16066666666666668,240.38433333333333,1.5466666666666666,0.0,0.65,1.7333333333333334
2010-07-31 23:00:00,0.2922666666666667,0.10936666666666667,238.45716666666667,1.3333333333333333,0.0,0.06666666666666667,1.7
2010-08-01 00:00:00,0.31706666666666666,0.14403333333333332,239.50133333333332,1.45,0.0,0.7166666666666667,1.7
2010-08-01 01:00:00,0.29283333333333333,0.1052,239.861,1.32,0.0,0.0,1.6666666666666667
2010-08-01 02:00:00,0.3350666666666667,0.16423333333333331,239.16533333333334,1.5666666666666667,0.0,0.7,1.7
2010-08-01 03:00:00,0.26416666666666666,0.07583333333333334,240.39983333333333,1.1633333333333333,0.0,0.0,1.6333333333333333
2010-08-01 04:00:00,0.6427333333333334,0.17116666666666666,239.904,2.816666666666667,0.0,0.7,6.65
2010-08-01 05:00:00,0.9396,0.0876,239.40533333333332,3.9466666666666668,0.0,0.05,12.6
2010-08-01 06:00:00,0.3158333333333333,0.1445,240.514,1.4533333333333334,0.0,0.6666666666666666,1.6
2010-08-01 07:00:00,0.2658,0.1113,240.67083333333332,1.23,0.0,0.23333333333333334,1.0666666666666667
2010-08-01 08:00:00,0.3033,0.1401,239.32866666666666,1.41,0.0,0.4666666666666667,1.3333333333333333
2010-08-01 09:00:00,0.3096333333333333,0.13036666666666666,239.3245,1.4166666666666667,0.0,0.55,1.6666666666666667
2010-08-01 10:00:00,0.2906666666666667,0.1068,241.53133333333332,1.2966666666666666,0.0,0.15,1.7
2010-08-01 11:00:00,0.3392666666666667,0.1751,238.7925,1.5966666666666667,0.0,0.7,1.6666666666666667
2010-08-01 12:00:00,0.2644,0.073,239.07766666666666,1.16,0.0,0.0,1.6833333333333333
2010-08-01 13:00:00,0.33103333333333335,0.16316666666666665,239.61316666666667,1.52,0.0,0.7166666666666667,1.65
2010-08-01 14:00:00,0.29150000000000004,0.1055,239.26333333333332,1.3366666666666667,0.0,0.0,1.6666666666666667
2010-08-01 15:00:00,0.31366666666666665,0.14136666666666667,239.52333333333334,1.4233333333333333,0.0,0.7166666666666667,1.6833333333333333
2010-08-01 16:00:00,0.6569,0.1088,239.77483333333333,2.8200000000000003,0.0,0.08333333333333333,7.65
2010-08-01 17:00:00,0.9184333333333333,0.14546666666666666,239.57250000000002,3.896666666666667,0.0,0.6166666666666667,11.583333333333334
2010-08-01 18:00:00,0.3032333333333333,0.11693333333333333,240.185,1.3599999999999999,0.0,0.31666666666666665,1.7
2010-08-01 19:00:00,0.31216666666666665,0.12856666666666666,239.72716666666665,1.4166666666666667,0.0,0.5,1.65
2010-08-01 20:00:00,0.3283666666666667,0.1539,240.78683333333336,1.5,0.0,0.36666666666666664,1.7166666666666666
2010-08-01 21:00:00,0.30546666666666666,0.1207,240.132,1.3666666666666667,0.0,0.3333333333333333,1.6833333333333333
2010-08-01 22:00:00,0.3077,0.12240000000000001,239.35266666666666,1.3900000000000001,0.0,0.55,1.7166666666666666
2010-08-01 23:00:00,0.31223333333333336,0.13879999999999998,239.82416666666668,1.4366666666666668,0.0,0.16666666666666666,1.6833333333333333
2010-08-02 00:00:00,0.3015,0.13766666666666666,240.62800000000001,1.3833333333333333,0.0,0.6833333333333333,1.45
2010-08-02 01:00:00,0.25253333333333333,0.0771,238.538,1.1366666666666667,0.0,0.0,1.2666666666666666
2010-08-02 02:00:00,0.31683333333333336,0.1648,240.75916666666666,1.48,0.0,0.6833333333333333,1.2833333333333334
2010-08-02 03:00:00,0.27706666666666663,0.09256666666666667,241.27883333333332,1.2266666666666666,0.0,0.0,1.6666666666666667
2010-08-02 04:00:00,0.7077333333333333,0.14733333333333334,240.647,3.06,0.0,0.6833333333333333,8.083333333333334
2010-08-02 05:00:00,0.8600333333333334,0.09276666666666666,239.62800000000001,3.6133333333333337,0.0,0.016666666666666666,11.183333333333334
2010-08-02 06:00:00,0.3291,0.16360000000000002,241.66833333333335,1.5266666666666668,0.0,0.6666666666666666,1.6666666666666667
2010-08-02 07:00:00,0.2859,0.10256666666666667,241.11133333333333,1.2733333333333334,0.0,0.25,1.65
2010-08-02 08:00:00,0.3164666666666667,0.1412,239.42083333333332,1.4666666666666666,0.0,0.4166666666666667,1.6833333333333333
2010-08-02 09:00:00,0.32283333333333336,0.15036666666666668,240.26366666666667,1.4766666666666666,0.0,0.5666666666666667,1.6666666666666667
2010-08-02 10:00:00,0.27466666666666667,0.0866,239.97583333333333,1.2033333333333334,0.0,0.13333333333333333,1.7
2010-08-02 11:00:00,0.3393333333333333,0.17830000000000001,241.87533333333334,1.6066666666666667,0.0,0.6833333333333333,1.65
2010-08-02 12:00:00,0.2793333333333334,0.09536666666666667,242.58433333333332,1.23,0.0,0.0,1.6666666666666667
2010-08-02 13:00:00,0.3226333333333333,0.15866666666666665,242.38416666666666,1.5033333333333334,0.0,0.7,1.6833333333333333
2010-08-02 14:00:00,0.29173333333333334,0.10813333333333333,242.25533333333334,1.3033333333333335,0.0,0.0,1.6833333333333333
2010-08-02 15:00:00,0.3312333333333333,0.16926666666666668,242.47616666666667,1.5366666666666666,0.0,0.6833333333333333,1.6666666666666667
2010-08-02 16:00:00,0.7540333333333333,0.0821,240.53733333333332,3.1666666666666665,0.0,0.05,9.483333333333333
2010-08-02 17:00:00,0.7425333333333334,0.136,241.05083333333332,3.1199999999999997,0.0,0.65,8.733333333333333
2010-08-02 18:00:00,0.31673333333333337,0.1401,241.22899999999998,1.49,0.0,0.26666666666666666,1.7
2010-08-02 19:00:00,0.30816666666666664,0.11583333333333333,241.44733333333335,1.4066666666666667,0.0,0.43333333333333335,1.6833333333333333
2010-08-02 20:00:00,0.3232,0.1507,242.26983333333334,1.5,0.0,0.4666666666666667,1.6333333333333333
2010-08-02 21:00:00,0.30696666666666667,0.12496666666666667,239.73466666666667,1.3900000000000001,0.0,0.21666666666666667,1.6833333333333333
2010-08-02 22:00:00,0.3078,0.1351,240.52016666666665,1.4033333333333333,0.0,0.6666666666666666,1.6333333333333333
2010-08-02 23:00:00,0.28966666666666663,0.10296666666666666,239.25300000000001,1.3166666666666667,0.0,0.016666666666666666,1.65
2010-08-03 00:00:00,0.3218666666666667,0.15116666666666667,239.63083333333333,1.4933333333333334,0.0,0.6833333333333333,1.65
2010-08-03 01:00:00,0.2728,0.08563333333333333,240.584,1.2033333333333334,0.0,0.0,1.6166666666666667
2010-08-03 02:00:00,0.3206666666666667,0.14996666666666666,240.9116666666667,1.48,0.0,0.6666666666666666,1.65
2010-08-03 03:00:00,0.29013333333333335,0.11159999999999999,241.333,1.3033333333333335,0.0,0.0,1.65
2010-08-03 04:00:00,0.9235666666666666,0.12186666666666666,240.79283333333333,3.8733333333333335,0.0,0.6833333333333333,11.75
2010-08-03 05:00:00,0.5683,0.0982,240.507,2.4133333333333336,0.0,0.15,6.283333333333333
2010-08-03 06:00:00,0.31893333333333335,0.1549,241.66783333333333,1.4666666666666666,0.0,0.5166666666666667,1.6166666666666667
2010-08-03 07:00:00,0.2826666666666667,0.09953333333333332,240.19549999999998,1.24,0.0,0.36666666666666664,1.6333333333333333
2010-08-03 08:00:00,0.3582,0.1338,241.6225,1.6099999999999999,0.0,0.2833333333333333,1.6333333333333333
2010-08-03 09:00:00,0.4187666666666667,0.14546666666666666,241.90566666666666,1.8133333333333332,0.0,0.65,1.6
2010-08-03 10:00:00,0.38026666666666664,0.0853,242.38183333333333,1.5966666666666667,0.0,0.016666666666666666,1.6333333333333333
2010-08-03 11:00:00,0.39076666666666665,0.14429999999999998,241.73166666666665,1.7066666666666668,0.0,0.6666666666666666,0.95
2010-08-03 12:00:00,0.3639,0.09176666666666668,241.754,1.5466666666666666,0.0,0.0,1.2833333333333334
2010-08-03 13:00:00,0.41583333333333333,0.14206666666666665,241.56866666666664,1.82,0.0,0.6666666666666666,1.6166666666666667
2010-08-03 14:00:00,0.3883,0.0931,240.446,1.6733333333333333,0.0,0.0,1.65
2010-08-03 15:00:00,0.4288666666666667,0.15763333333333335,242.4905,1.8666666666666667,0.0,0.6666666666666666,1.6166666666666667
2010-08-03 16:00:00,1.3614,0.08323333333333333,241.44650000000001,5.583333333333333,0.0,0.21666666666666667,17.883333333333333
2010-08-03 17:00:00,0.43350000000000005,0.1655,242.9008333333333,1.8933333333333333,0.0,0.4666666666666667,1.65
2010-08-03 18:00:00,0.3534,0.1055,243.291,1.4866666666666668,0.0,0.4166666666666667,0.7166666666666667
2010-08-03 19:00:00,0.39443333333333336,0.10676666666666666,241.7913333333333,1.6733333333333333,0.0,0.26666666666666666,1.6166666666666667
2010-08-03 20:00:00,0.3806,0.1746,241.83533333333335,1.76,0.0,0.6666666666666666,1.6333333333333333
2010-08-03 21:00:00,0.2781,0.09253333333333333,241.459,1.2333333333333334,0.0,0.03333333333333333,1.65
2010-08-03 22:00:00,0.32203333333333334,0.15576666666666666,242.4145,1.4566666666666668,0.0,0.7,1.65
2010-08-03 23:00:00,0.28623333333333334,0.10173333333333333,241.37883333333332,1.28,0.0,0.0,1.6333333333333333
2010-08-04 00:00:00,0.3228666666666667,0.1509,239.98633333333333,1.48,0.0,0.7,1.6833333333333333
2010-08-04 01:00:00,0.26999999999999996,0.08116666666666666,241.4008333333333,1.1900000000000002,0.0,0.0,1.6666666666666667
2010-08-04 02:00:00,0.3335,0.1701,240.97150000000002,1.5466666666666666,0.0,0.6666666666666666,1.6166666666666667
2010-08-04 03:00:00,0.3363666666666667,0.10236666666666666,241.21066666666667,1.49,0.0,0.23333333333333334,2.3333333333333335
2010-08-04 04:00:00,1.1549333333333331,0.09573333333333332,239.93983333333333,4.783333333333333,0.0,0.45,16.016666666666666
2010-08-04 05:00:00,0.32443333333333335,0.15646666666666667,240.17000000000002,1.52,0.0,0.43333333333333335,1.65
2010-08-04 06:00:00,0.28040000000000004,0.0964,241.1868333333333,1.2433333333333332,0.0,0.23333333333333334,1.65
2010-08-04 07:00:00,0.3162333333333333,0.14993333333333334,242.67283333333336,1.4566666666666668,0.0,0.65,1.6166666666666667
2010-08-04 08:00:00,0.31829999999999997,0.11736666666666666,241.36933333333334,1.4200000000000002,0.0,0.03333333333333333,1.65
2010-08-04 09:00:00,0.30713333333333337,0.13906666666666664,240.774,1.3966666666666667,0.0,0.6833333333333333,1.6333333333333333
2010-08-04 10:00:00,0.2806666666666667,0.09326666666666666,241.97833333333335,1.23,0.0,0.0,1.6833333333333333
2010-08-04 11:00:00,0.32580000000000003,0.16293333333333332,241.51116666666667,1.5,0.0,0.7,1.6
2010-08-04 12:00:00,0.25503333333333333,0.08576666666666667,242.07866666666666,1.12,0.0,0.0,1.2666666666666666
2010-08-04 13:00:00,0.27759999999999996,0.1422,242.75183333333334,1.3,0.0,0.6833333333333333,0.9666666666666667
2010-08-04 14:00:00,0.29463333333333336,0.11579999999999999,241.12966666666668,1.3333333333333333,0.0,0.11666666666666667,1.6166666666666667
2010-08-04 15:00:00,0.5886,0.13866666666666666,242.074,2.533333333333333,0.0,0.5666666666666667,6.233333333333333
2010-08-04 16:00:00,0.9815,0.09996666666666668,240.17533333333333,4.083333333333333,0.0,0.31666666666666665,13.216666666666667
2010-08-04 17:00:00,0.3169666666666667,0.14909999999999998,240.26883333333333,1.4933333333333334,0.0,0.36666666666666664,1.6333333333333333
2010-08-04 18:00:00,0.3072666666666667,0.12853333333333333,240.08333333333334,1.4,0.0,0.5,1.6333333333333333
2010-08-04 19:00:00,0.2920666666666667,0.0953,241.54350000000002,1.2733333333333334,0.0,0.16666666666666666,1.6833333333333333
2010-08-04 20:00:00,0.34266666666666673,0.1833,241.69783333333334,1.6233333333333335,0.0,0.6833333333333333,1.6166666666666667
2010-08-04 21:00:00,0.27226666666666666,0.083,243.33866666666665,1.1766666666666665,0.0,0.0,1.6333333333333333
2010-08-04 22:00:00,0.3032666666666667,0.14963333333333334,243.57716666666664,1.3966666666666667,0.0,0.6833333333333333,1.3666666666666667
2010-08-04 23:00:00,0.25343333333333334,0.10356666666666665,241.66033333333334,1.1433333333333333,0.0,0.0,0.9333333333333333
2010-08-05 00:00:00,0.30866666666666664,0.13899999999999998,241.58383333333333,1.4,0.0,0.6666666666666666,1.6333333333333333
2010-08-05 01:00:00,0.27283333333333337,0.08563333333333333,240.89816666666667,1.21,0.0,0.0,1.6166666666666667
2010-08-05 02:00:00,0.32726666666666665,0.15833333333333333,240.54733333333334,1.5,0.0,0.6833333333333333,1.6666666666666667
2010-08-05 03:00:00,0.6917000000000001,0.10683333333333334,240.65583333333333,2.9266666666666667,0.0,0.2,8.266666666666667
2010-08-05 04:00:00,0.8628333333333333,0.11116666666666666,240.5656666666667,3.6266666666666665,0.0,0.45,11.083333333333334
2010-08-05 05:00:00,0.3146333333333333,0.1404,240.3585,1.4400000000000002,0.0,0.4166666666666667,1.65
2010-08-05 06:00:00,0.2312,0.09390000000000001,241.9586666666667,1.03,0.0,0.25,0.6333333333333333
2010-08-05 07:00:00,0.2998333333333333,0.1263,241.887,1.3299999999999998,0.0,0.6,1.6166666666666667
2010-08-05 08:00:00,0.29883333333333334,0.12106666666666667,241.5366666666667,1.3533333333333333,0.0,0.05,1.6333333333333333
2010-08-05 09:00:00,0.31893333333333335,0.14556666666666668,243.05433333333335,1.4366666666666668,0.0,0.7,1.5833333333333333
2010-08-05 10:00:00,0.2725666666666667,0.0844,243.16783333333333,1.1866666666666668,0.0,0.0,1.65
2010-08-05 11:00:00,0.2775666666666667,0.15586666666666668,241.62199999999999,1.2933333333333332,0.0,0.65,0.6333333333333333
2010-08-05 12:00:00,0.2622,0.07653333333333333,243.3671666666667,1.1366666666666667,0.0,0.0,1.6333333333333333
2010-08-05 13:00:00,0.31456666666666666,0.1516,242.7275,1.4433333333333336,0.0,0.6666666666666666,1.6
2010-08-05 14:00:00,0.2877,0.11146666666666666,242.30200000000002,1.29,0.0,0.11666666666666667,1.55
2010-08-05 15:00:00,0.9668666666666667,0.12163333333333333,241.645,4.033333333333333,0.0,0.55,12.583333333333334
2010-08-05 16:00:00,0.5365333333333333,0.1031,241.8961666666667,2.296666666666667,0.0,0.31666666666666665,5.683333333333334
2010-08-05 17:00:00,0.30360000000000004,0.1379,241.97333333333333,1.3866666666666667,0.0,0.3333333333333333,1.5833333333333333
2010-08-05 18:00:00,0.30419999999999997,0.132,242.27599999999998,1.3966666666666667,0.0,0.5166666666666667,1.6
2010-08-05 19:00:00,0.28536666666666666,0.08986666666666668,241.56066666666666,1.2533333333333334,0.0,0.13333333333333333,1.55
2010-08-05 20:00:00,0.33566666666666667,0.17833333333333332,241.78433333333334,1.5833333333333333,0.0,0.6666666666666666,1.5833333333333333
2010-08-05 21:00:00,0.20853333333333335,0.05906666666666667,242.52933333333334,0.9133333333333333,0.0,0.0,0.65
2010-08-05 22:00:00,0.31880000000000003,0.15246666666666667,242.93083333333334,1.45,0.0,0.65,1.6
2010-08-05 23:00:00,0.29036666666666666,0.11223333333333334,241.79716666666667,1.3133333333333332,0.0,0.0,1.6
2010-08-06 00:00:00,0.2985666666666667,0.13093333333333332,242.67883333333333,1.3266666666666667,0.0,0.6666666666666666,1.6
2010-08-06 01:00:00,0.28073333333333333,0.09773333333333332,241.60683333333333,1.2533333333333334,0.0,0.0,1.6
2010-08-06 02:00:00,0.2885,0.14216666666666666,241.3563333333333,1.32,0.0,0.65,1.1
2010-08-06 03:00:00,1.2259,0.08026666666666667,241.21916666666667,5.036666666666666,0.0,0.18333333333333332,17.333333333333332
2010-08-06 04:00:00,0.30693333333333334,0.14126666666666665,242.2853333333333,1.3933333333333333,0.0,0.4666666666666667,1.6
2010-08-06 05:00:00,0.29779999999999995,0.1239,241.22133333333335,1.3433333333333333,0.0,0.36666666666666664,1.5833333333333333
2010-08-06 06:00:00,0.2818333333333333,0.10403333333333334,241.62766666666667,1.25,0.0,0.26666666666666666,1.55
2010-08-06 07:00:00,0.2632,0.11506666666666666,240.39249999999998,1.1766666666666665,0.0,0.5333333333333333,0.9166666666666666
2010-08-06 08:00:00,0.275,0.1072,240.6953333333333,1.2466666666666666,0.0,0.11666666666666667,1.3
2010-08-06 09:00:00,0.2968,0.1257,240.05066666666664,1.3333333333333333,0.0,0.65,1.55
2010-08-06 10:00:00,0.27463333333333334,0.0858,238.75016666666667,1.2366666666666668,0.0,0.0,1.6
2010-08-06 11:00:00,0.3009,0.14606666666666665,240.19033333333334,1.38,0.0,0.6333333333333333,1.2666666666666666
2010-08-06 12:00:00,0.2164,0.05656666666666667,240.76816666666667,0.9366666666666668,0.0,0.0,0.9666666666666667
2010-08-06 13:00:00,0.32413333333333333,0.16130000000000003,241.18016666666665,1.5,0.0,0.65,1.6
2010-08-06 14:00:00,0.5978666666666667,0.07949999999999999,240.33533333333335,2.5266666666666664,0.0,0.0,7.05
2010-08-06 15:00:00,0.9192333333333333,0.11460000000000001,239.75266666666667,3.85,0.0,0.65,11.8
2010-08-06 16:00:00,0.2670333333333333,0.10139999999999999,241.2035,1.21,0.0,0.1,1.2666666666666666
2010-08-06 17:00:00,0.3032666666666667,0.13763333333333333,240.75733333333335,1.3900000000000001,0.0,0.55,1.5666666666666667
2010-08-06 18:00:00,0.2873,0.10666666666666666,240.99816666666666,1.2866666666666666,0.0,0.2833333333333333,1.5833333333333333
2010-08-06 19:00:00,0.29969999999999997,0.1234,241.26016666666666,1.3366666666666667,0.0,0.36666666666666664,1.5666666666666667
2010-08-06 20:00:00,0.27090000000000003,0.12796666666666667,241.478,1.2633333333333332,0.0,0.5333333333333333,0.65
2010-08-06 21:00:00,0.2672,0.07986666666666667,240.80566666666667,1.16,0.0,0.11666666666666667,1.6
2010-08-06 22:00:00,0.33063333333333333,0.16486666666666666,241.05683333333334,1.5266666666666666,0.0,0.6666666666666666,1.6
2010-08-06 23:00:00,0.2713,0.08916666666666666,241.20716666666667,1.2033333333333334,0.0,0.0,1.5333333333333334
2010-08-07 00:00:00,0.2987,0.13069999999999998,242.0675,1.3666666666666667,0.0,0.65,1.5833333333333333
2010-08-07 01:00:00,0.23376666666666665,0.09443333333333334,242.31416666666667,1.0433333333333334,0.0,0.0,0.65
2010-08-07 02:00:00,0.9127666666666666,0.13176666666666667,241.31066666666666,3.8066666666666666,0.0,0.65,11.666666666666666
2010-08-07 03:00:00,0.6713,0.0801,240.87416666666667,2.8200000000000003,0.0,0.05,8.283333333333333
2010-08-07 04:00:00,0.32270000000000004,0.15976666666666667,241.30716666666666,1.4966666666666666,0.0,0.6,1.5666666666666667
2010-08-07 05:00:00,0.2813,0.10266666666666667,241.8995,1.2466666666666666,0.0,0.25,1.6
2010-08-07 06:00:00,0.23513333333333333,0.10093333333333333,241.70649999999998,1.07,0.0,0.4,0.65
2010-08-07 07:00:00,0.306,0.13593333333333335,240.87316666666666,1.3900000000000001,0.0,0.43333333333333335,1.5666666666666667
2010-08-07 08:00:00,0.2949333333333333,0.1043,240.153,1.3099999999999998,0.0,0.23333333333333334,1.55
2010-08-07 09:00:00,0.3062333333333333,0.13413333333333333,240.52100000000002,1.38,0.0,0.6166666666666667,1.6
2010-08-07 10:00:00,0.22626666666666667,0.08456666666666666,239.35066666666665,1.04,0.0,0.05,0.6333333333333333
2010-08-07 11:00:00,0.3064666666666667,0.1416,241.19516666666667,1.41,0.0,0.6666666666666666,1.5666666666666667
2010-08-07 12:00:00,0.2575,0.07433333333333333,241.73533333333336,1.12,0.0,0.0,1.5333333333333334
2010-08-07 13:00:00,0.33640000000000003,0.18096666666666666,243.21416666666667,1.5833333333333333,0.0,0.6666666666666666,1.6166666666666667
2010-08-07 14:00:00,0.8581333333333333,0.06506666666666666,240.75583333333333,3.54,0.0,0.0,11.45
2010-08-07 15:00:00,0.6198333333333333,0.12430000000000001,241.3563333333333,2.6300000000000003,0.0,0.6833333333333333,6.816666666666666
2010-08-07 16:00:00,0.28990000000000005,0.11523333333333333,241.743,1.3166666666666667,0.0,0.0,1.5833333333333333
2010-08-07 17:00:00,0.29910000000000003,0.13236666666666666,242.48416666666665,1.34,0.0,0.6833333333333333,1.5833333333333333
2010-08-07 18:00:00,0.28040000000000004,0.09553333333333333,241.84633333333335,1.2433333333333332,0.0,0.03333333333333333,1.5666666666666667
2010-08-07 19:00:00,0.3393666666666667,0.17376666666666668,243.15983333333332,1.6,0.0,0.6333333333333333,1.5666666666666667
2010-08-07 20:00:00,0.2285,0.07953333333333333,242.26083333333332,1.06,0.0,0.2833333333333333,0.7166666666666667
2010-08-07 21:00:00,0.2992666666666667,0.12476666666666666,239.1735,1.37,0.0,0.4,1.5666666666666667
2010-08-07 22:00:00,0.30970000000000003,0.13563333333333333,240.21883333333332,1.4233333333333333,0.0,0.45,1.5833333333333333
2010-08-07 23:00:00,0.27759999999999996,0.09803333333333333,240.28033333333332,1.2266666666666666,0.0,0.23333333333333334,1.6333333333333333
2010-08-08 00:00:00,0.3172666666666667,0.1505,241.84949999999998,1.4566666666666668,0.0,0.5833333333333334,1.6
2010-08-08 01:00:00,0.28500000000000003,0.10636666666666666,243.48016666666666,1.2666666666666666,0.0,0.1,1.6333333333333333
2010-08-08 02:00:00,1.1826333333333332,0.11850000000000001,241.918,4.866666666666666,0.0,0.6666666666666666,16.066666666666666
2010-08-08 03:00:00,0.32003333333333334,0.10153333333333334,242.27783333333335,1.4166666666666667,0.0,0.0,2.2666666666666666
2010-08-08 04:00:00,0.3169,0.15406666666666666,242.65683333333334,1.4633333333333334,0.0,0.6666666666666666,1.5833333333333333
2010-08-08 05:00:00,0.27016666666666667,0.08256666666666666,242.5575,1.1766666666666665,0.0,0.0,1.6166666666666667
2010-08-08 06:00:00,0.3204666666666667,0.15960000000000002,243.37416666666667,1.47,0.0,0.6833333333333333,1.5833333333333333
2010-08-08 07:00:00,0.2682,0.094,242.8405,1.1866666666666668,0.0,0.0,1.4333333333333333
2010-08-08 08:00:00,0.2649,0.1286,242.3285,1.2166666666666666,0.0,0.6666666666666666,0.8833333333333333
2010-08-08 09:00:00,0.29023333333333334,0.09233333333333334,242.17216666666667,1.29,0.0,0.016666666666666666,1.5833333333333333
2010-08-08 10:00:00,0.3186333333333333,0.15560000000000002,241.14583333333334,1.4666666666666666,0.0,0.6333333333333333,1.6
2010-08-08 11:00:00,0.27706666666666663,0.09606666666666668,239.90566666666666,1.2466666666666666,0.0,0.18333333333333332,1.6
2010-08-08 12:00:00,0.24223333333333336,0.1092,238.69816666666665,1.1099999999999999,0.0,0.48333333333333334,0.6333333333333333
2010-08-08 13:00:00,0.5302333333333333,0.11813333333333334,238.6945,2.3233333333333333,0.0,0.3333333333333333,5.433333333333334
2010-08-08 14:00:00,1.0143,0.08736666666666666,238.58383333333333,4.253333333333333,0.0,0.3333333333333333,13.883333333333333
2010-08-08 15:00:00,0.31326666666666664,0.1409,239.4495,1.4566666666666668,0.0,0.48333333333333334,1.6166666666666667
2010-08-08 16:00:00,0.23006666666666667,0.09106666666666666,239.33983333333333,1.0466666666666666,0.0,0.18333333333333332,0.6333333333333333
2010-08-08 17:00:00,0.29296666666666665,0.11470000000000001,238.27866666666665,1.3266666666666667,0.0,0.6166666666666667,1.6
2010-08-08 18:00:00,0.2939,0.10593333333333334,238.12016666666668,1.3366666666666667,0.0,0.05,1.6333333333333333
2010-08-08 19:00:00,0.3342,0.14183333333333334,237.88583333333332,1.5333333333333334,0.0,0.7333333333333333,1.6333333333333333
2010-08-08 20:00:00,0.20953333333333335,0.0598,239.46383333333333,0.9066666666666666,0.0,0.0,0.6333333333333333
2010-08-08 21:00:00,0.3331,0.16033333333333333,238.26983333333334,1.5266666666666666,0.0,0.6666666666666666,1.6
2010-08-08 22:00:00,0.26913333333333334,0.08456666666666666,241.7195,1.1900000000000002,0.0,0.0,1.6
2010-08-08 23:00:00,0.31323333333333336,0.14796666666666666,242.61683333333335,1.43,0.0,0.6833333333333333,1.6166666666666667
2010-08-09 00:00:00,0.2829666666666667,0.10013333333333334,243.4505,1.2633333333333332,0.0,0.0,1.6
2010-08-09 01:00:00,0.8472666666666666,0.15426666666666666,242.79799999999997,3.546666666666667,0.0,0.6833333333333333,10.3
2010-08-09 02:00:00,0.6601666666666667,0.07139999999999999,243.00866666666667,2.7266666666666666,0.0,0.06666666666666667,8.033333333333333
2010-08-09 03:00:00,0.31960000000000005,0.1526,242.23999999999998,1.45,0.0,0.6,1.6
2010-08-09 04:00:00,0.29629999999999995,0.11546666666666666,241.73666666666668,1.3299999999999998,0.0,0.25,1.65
2010-08-09 05:00:00,0.28513333333333335,0.10683333333333334,240.5991666666667,1.26,0.0,0.4166666666666667,1.6333333333333333
2010-08-09 06:00:00,0.31776666666666664,0.14736666666666667,240.99633333333335,1.46,0.0,0.4166666666666667,1.6166666666666667
2010-08-09 07:00:00,0.2921666666666667,0.1123,240.23583333333332,1.3166666666666667,0.0,0.26666666666666666,1.6333333333333333
2010-08-09 08:00:00,0.24810000000000001,0.09343333333333333,239.86450000000002,1.1,0.0,0.5333333333333333,0.6333333333333333
2010-08-09 09:00:00,0.3048,0.1321,239.05566666666667,1.4033333333333333,0.0,0.25,1.6
2010-08-09 10:00:00,0.29813333333333336,0.12483333333333334,241.27383333333333,1.3433333333333333,0.0,0.5666666666666667,1.5833333333333333
2010-08-09 11:00:00,0.27546666666666664,0.0886,239.8265,1.2133333333333334,0.0,0.1,1.65
2010-08-09 12:00:00,0.33303333333333335,0.1669,239.91566666666668,1.5466666666666666,0.0,0.6833333333333333,1.6
2010-08-09 13:00:00,1.0964666666666667,0.05686666666666666,238.96133333333333,4.58,0.0,0.0,15.4
2010-08-09 14:00:00,0.3942333333333333,0.13586666666666666,239.00433333333334,1.76,0.0,0.6666666666666666,3.05
2010-08-09 15:00:00,0.2846,0.10166666666666666,241.92566666666667,1.27,0.0,0.0,1.6166666666666667
2010-08-09 16:00:00,0.32086666666666663,0.15289999999999998,239.71266666666668,1.4833333333333334,0.0,0.7,1.65
2010-08-09 17:00:00,0.2699,0.08166666666666668,240.62133333333335,1.1866666666666668,0.0,0.0,1.65
2010-08-09 18:00:00,0.30223333333333335,0.15273333333333333,240.58233333333334,1.3966666666666667,0.0,0.7166666666666667,0.9166666666666666
2010-08-09 19:00:00,0.26780000000000004,0.09273333333333333,241.4735,1.1866666666666668,0.0,0.0,1.35
2010-08-09 20:00:00,0.30879999999999996,0.13883333333333334,241.82233333333335,1.4333333333333333,0.0,0.6833333333333333,1.65
2010-08-09 21:00:00,0.3081333333333333,0.12716666666666668,241.58683333333332,1.3866666666666667,0.0,0.1,1.65
2010-08-09 22:00:00,0.31356666666666666,0.14429999999999998,242.66966666666667,1.4200000000000002,0.0,0.5833333333333334,1.6333333333333333
2010-08-09 23:00:00,0.29023333333333334,0.10723333333333333,242.301,1.26,0.0,0.3,1.6666666666666667
2010-08-10 00:00:00,0.3537666666666667,0.15253333333333333,242.14433333333332,1.6133333333333333,0.0,0.38333333333333336,2.2
2010-08-10 01:00:00,1.2489999999999999,0.12213333333333334,241.2055,5.1433333333333335,0.0,0.45,17.383333333333333
2010-08-10 02:00:00,0.29036666666666666,0.11030000000000001,242.50433333333334,1.2933333333333332,0.0,0.23333333333333334,1.6333333333333333
2010-08-10 03:00:00,0.26193333333333335,0.13356666666666667,243.5565,1.1833333333333333,0.0,0.6166666666666667,0.6666666666666666
2010-08-10 04:00:00,0.29450000000000004,0.12043333333333334,243.44483333333335,1.32,0.0,0.06666666666666667,1.65
2010-08-10 05:00:00,0.31373333333333336,0.14333333333333334,242.65966666666665,1.4,0.0,0.6833333333333333,1.6666666666666667
2010-08-10 06:00:00,0.2842,0.10006666666666666,242.764,1.2533333333333334,0.0,0.0,1.6666666666666667
2010-08-10 07:00:00,0.3331666666666667,0.1742,242.4695,1.5466666666666666,0.0,0.6833333333333333,1.6166666666666667
2010-08-10 08:00:00,0.2579666666666667,0.0707,240.00716666666668,1.1266666666666665,0.0,0.0,1.6166666666666667
2010-08-10 09:00:00,0.3389666666666667,0.16706666666666667,239.1935,1.5733333333333335,0.0,0.7666666666666667,1.65
2010-08-10 10:00:00,0.25873333333333337,0.08276666666666667,239.89466666666667,1.1566666666666667,0.0,0.0,1.3166666666666667
2010-08-10 11:00:00,0.27420000000000005,0.1386,242.91033333333334,1.2366666666666668,0.0,0.6833333333333333,0.9333333333333333
2010-08-10 12:00:00,0.4379,0.10806666666666667,242.77066666666667,1.8900000000000001,0.0,0.08333333333333333,4.083333333333333
2010-08-10 13:00:00,1.1548666666666667,0.1483,241.118,4.803333333333333,0.0,0.6166666666666667,15.5
2010-08-10 14:00:00,0.2911,0.11243333333333334,241.99099999999999,1.3133333333333332,0.0,0.2833333333333333,1.6166666666666667
2010-08-10 15:00:00,0.3003666666666667,0.12813333333333332,242.888,1.34,0.0,0.4,1.6666666666666667
2010-08-10 16:00:00,0.3249,0.16466666666666666,243.19083333333336,1.5,0.0,0.4666666666666667,1.6333333333333333
2010-08-10 17:00:00,0.28450000000000003,0.10473333333333333,243.43616666666668,1.2466666666666666,0.0,0.25,1.6666666666666667
2010-08-10 18:00:00,0.3223333333333333,0.15243333333333334,243.114,1.4666666666666666,0.0,0.6,1.65
2010-08-10 19:00:00,0.26203333333333334,0.11196666666666667,241.237,1.18,0.0,0.1,0.7666666666666667
2010-08-10 20:00:00,0.29969999999999997,0.1323,240.131,1.38,0.0,0.6833333333333333,1.5166666666666666
2010-08-10 21:00:00,0.2843,0.0904,239.72583333333333,1.2533333333333334,0.0,0.0,1.6833333333333333
2010-08-10 22:00:00,0.33030000000000004,0.1669,241.64716666666666,1.5333333333333334,0.0,0.7,1.6
2010-08-10 23:00:00,0.2764666666666667,0.0941,242.908,1.2033333333333334,0.0,0.0,1.6333333333333333
2010-08-11 00:00:00,0.4366333333333333,0.14993333333333334,240.53016666666664,1.9633333333333334,0.0,0.7,3.5833333333333335
2010-08-11 01:00:00,1.1349333333333333,0.09263333333333333,239.18066666666667,4.75,0.0,0.0,15.75
2010-08-11 02:00:00,0.3216,0.15133333333333335,240.35433333333333,1.4733333333333334,0.0,0.6833333333333333,1.65
2010-08-11 03:00:00,0.27576666666666666,0.08933333333333333,241.14266666666666,1.2,0.0,0.18333333333333332,1.6666666666666667
2010-08-11 04:00:00,0.327,0.16206666666666666,241.07933333333332,1.53,0.0,0.5,1.6333333333333333
2010-08-11 05:00:00,0.24113333333333334,0.10256666666666667,240.8635,1.1,0.0,0.35,0.65
2010-08-11 06:00:00,0.2839,0.10513333333333333,239.80200000000002,1.2666666666666666,0.0,0.35,1.6166666666666667
2010-08-11 07:00:00,0.3261,0.15503333333333333,240.12233333333333,1.5233333333333334,0.0,0.5,1.6666666666666667
2010-08-11 08:00:00,0.2825666666666667,0.10406666666666667,242.26933333333332,1.2533333333333334,0.0,0.18333333333333332,1.6166666666666667
2010-08-11 09:00:00,0.3212,0.13723333333333335,239.29266666666666,1.4566666666666668,0.0,0.6833333333333333,1.6666666666666667
2010-08-11 10:00:00,0.2798,0.09103333333333333,237.98916666666668,1.27,0.0,0.0,1.6166666666666667
2010-08-11 11:00:00,0.3235,0.16313333333333332,241.45383333333334,1.5,0.0,0.6833333333333333,1.6166666666666667
2010-08-11 12:00:00,0.4844333333333333,0.06236666666666667,240.65133333333333,2.0566666666666666,0.0,0.0,5.15
2010-08-11 13:00:00,1.0255666666666667,0.1372,239.69483333333335,4.306666666666667,0.0,0.6833333333333333,13.416666666666666
2010-08-11 14:00:00,0.2878,0.1063,240.20583333333335,1.3099999999999998,0.0,0.0,1.6333333333333333
2010-08-11 15:00:00,0.3007666666666667,0.13166666666666668,240.91049999999998,1.3733333333333335,0.0,0.7,1.5833333333333333
2010-08-11 16:00:00,0.28646666666666665,0.10336666666666666,240.92466666666667,1.28,0.0,0.05,1.5833333333333333
2010-08-11 17:00:00,0.3285,0.16676666666666667,241.46716666666669,1.5166666666666666,0.0,0.6333333333333333,1.65
2010-08-11 18:00:00,0.2832,0.0961,240.61383333333333,1.2566666666666668,0.0,0.25,1.65
2010-08-11 19:00:00,0.31893333333333335,0.1409,240.32216666666667,1.4466666666666665,0.0,0.5,1.5333333333333334
2010-08-11 20:00:00,0.25766666666666665,0.1192,241.52616666666665,1.18,0.0,0.4,0.7333333333333333
2010-08-11 21:00:00,0.2954666666666667,0.1145,240.48250000000002,1.3266666666666667,0.0,0.3,1.65
2010-08-11 22:00:00,0.3141666666666667,0.14066666666666666,242.13,1.4066666666666667,0.0,0.5833333333333334,1.6666666666666667
2010-08-11 23:00:00,0.2962666666666667,0.11186666666666666,240.01983333333334,1.3733333333333335,0.0,0.11666666666666667,1.65
2010-08-12 00:00:00,0.6167333333333332,0.14203333333333334,238.0515,2.6733333333333333,0.0,0.6833333333333333,6.616666666666666
2010-08-12 01:00:00,0.9415,0.06693333333333333,239.2285,3.9233333333333333,0.0,0.0,12.966666666666667
2010-08-12 02:00:00,0.27763333333333334,0.15223333333333333,239.967,1.2966666666666666,0.0,0.6666666666666666,0.6333333333333333
2010-08-12 03:00:00,0.2701333333333334,0.08156666666666666,241.09766666666667,1.1900000000000002,0.0,0.0,1.6333333333333333
2010-08-12 04:00:00,0.3089,0.1391333333333333,240.35683333333333,1.4,0.0,0.65,1.6333333333333333
2010-08-12 05:00:00,0.28859999999999997,0.10506666666666667,239.538,1.3133333333333332,0.0,0.0,1.6
2010-08-12 06:00:00,0.31153333333333333,0.14133333333333334,240.3995,1.4066666666666667,0.0,0.65,1.6166666666666667
2010-08-12 07:00:00,0.28036666666666665,0.09803333333333333,241.12733333333333,1.2466666666666666,0.0,0.16666666666666666,1.6166666666666667
2010-08-12 08:00:00,0.2598666666666667,0.1186,240.428,1.1900000000000002,0.0,0.5,0.65
2010-08-12 09:00:00,0.30693333333333334,0.13503333333333334,240.01433333333335,1.4200000000000002,0.0,0.4166666666666667,1.6166666666666667
2010-08-12 10:00:00,0.2762,0.09793333333333334,242.00266666666667,1.21,0.0,0.23333333333333334,1.6
2010-08-12 11:00:00,0.3204,0.1578,242.22299999999998,1.4733333333333334,0.0,0.6,1.5833333333333333
2010-08-12 12:00:00,0.7539333333333335,0.0977,241.80266666666665,3.1533333333333333,0.0,0.05,9.383333333333333
2010-08-12 13:00:00,0.7424,0.11333333333333333,241.55083333333332,3.1233333333333335,0.0,0.65,8.966666666666667
2010-08-12 14:00:00,0.2872,0.10576666666666666,240.96966666666668,1.2866666666666666,0.0,0.0,1.6333333333333333
2010-08-12 15:00:00,0.3151,0.1494,241.57883333333334,1.4533333333333334,0.0,0.6666666666666666,1.6333333333333333
2010-08-12 16:00:00,0.2699,0.0842,241.8285,1.1833333333333333,0.0,0.0,1.6
2010-08-12 17:00:00,0.3038,0.1479,242.64116666666666,1.4033333333333333,0.0,0.6666666666666666,1.3833333333333333
2010-08-12 18:00:00,0.24606666666666668,0.1003,243.23833333333332,1.0966666666666667,0.0,0.03333333333333333,0.85
2010-08-12 19:00:00,0.31096666666666667,0.1353,241.10533333333333,1.4133333333333333,0.0,0.6333333333333333,1.6333333333333333
2010-08-12 20:00:00,0.30546666666666666,0.10353333333333332,239.12550000000002,1.3533333333333333,0.0,0.2833333333333333,1.65
2010-08-12 21:00:00,0.3128666666666667,0.14176666666666668,239.17000000000002,1.4433333333333336,0.0,0.35,1.6
2010-08-12 22:00:00,0.26143333333333335,0.10286666666666666,240.18416666666664,1.1433333333333333,0.0,0.5,1.1333333333333333
2010-08-12 23:00:00,0.2603666666666667,0.10053333333333334,241.449,1.1733333333333333,0.0,0.16666666666666666,1.1333333333333333
2010-08-13 00:00:00,1.0248666666666666,0.14073333333333335,239.23016666666666,4.33,0.0,0.65,13.316666666666666
2010-08-13 01:00:00,0.5477666666666666,0.08096666666666666,240.87166666666664,2.336666666666667,0.0,0.0,6.283333333333333
2010-08-13 02:00:00,0.3143,0.14466666666666667,241.08950000000002,1.4266666666666665,0.0,0.65,1.6166666666666667
2010-08-13 03:00:00,0.22713333333333333,0.08393333333333333,241.62916666666666,1.02,0.0,0.0,0.6333333333333333
2010-08-13 04:00:00,0.31073333333333336,0.14026666666666668,241.48,1.4133333333333333,0.0,0.65,1.6166666666666667
2010-08-13 05:00:00,0.2627333333333333,0.075,241.0915,1.1366666666666667,0.0,0.0,1.6166666666666667
2010-08-13 06:00:00,0.33049999999999996,0.17093333333333333,241.26666666666668,1.55,0.0,0.6333333333333333,1.55
2010-08-13 07:00:00,0.26916666666666667,0.08633333333333333,241.23416666666665,1.2,0.0,0.15,1.5833333333333333
2010-08-13 08:00:00,0.2537666666666667,0.11336666666666666,243.18383333333335,1.1466666666666667,0.0,0.5166666666666667,0.65
2010-08-13 09:00:00,0.31453333333333333,0.14909999999999998,241.35566666666668,1.4666666666666666,0.0,0.4666666666666667,1.55
2010-08-13 10:00:00,0.27599999999999997,0.0948,241.29533333333333,1.2366666666666668,0.0,0.18333333333333332,1.6166666666666667
2010-08-13 11:00:00,0.3081,0.1357,240.2475,1.3933333333333333,0.0,0.65,1.6
2010-08-13 12:00:00,1.1694,0.08066666666666666,239.35233333333332,4.856666666666667,0.0,0.0,16.333333333333332
2010-08-13 13:00:00,0.3408333333333333,0.13363333333333335,240.51616666666666,1.5433333333333334,0.0,0.65,2.1166666666666667
2010-08-13 14:00:00,0.25533333333333336,0.0685,239.14133333333334,1.1233333333333335,0.0,0.0,1.5833333333333333
2010-08-13 15:00:00,0.3295,0.16396666666666665,240.19183333333334,1.51,0.0,0.65,1.6
2010-08-13 16:00:00,0.2618,0.08626666666666667,241.6855,1.1533333333333333,0.0,0.0,1.4
2010-08-13 17:00:00,0.2516,0.116,241.5515,1.1266666666666665,0.0,0.6666666666666666,0.8333333333333334
2010-08-13 18:00:00,0.30050000000000004,0.1236,239.6025,1.3599999999999999,0.0,0.15,1.5833333333333333
2010-08-13 19:00:00,0.29653333333333337,0.1209,241.06783333333334,1.3133333333333332,0.0,0.5,1.5833333333333333
2010-08-13 20:00:00,0.2919,0.1089,241.23933333333335,1.2933333333333332,0.0,0.3333333333333333,1.5833333333333333
2010-08-13 21:00:00,0.25283333333333335,0.11333333333333333,241.28983333333332,1.1366666666666667,0.0,0.31666666666666665,0.6333333333333333
2010-08-13 22:00:00,0.30193333333333333,0.13233333333333333,241.6328333333333,1.3666666666666667,0.0,0.5166666666666667,1.5666666666666667
2010-08-13 23:00:00,0.41313333333333335,0.09506666666666666,242.54166666666666,1.79,0.0,0.13333333333333333,3.8333333333333335
2010-08-14 00:00:00,1.1578000000000002,0.13479999999999998,240.0925,4.833333333333333,0.0,0.6666666666666666,15.65
2010-08-14 01:00:00,0.22230000000000003,0.08163333333333332,241.19416666666666,0.99,0.0,0.0,0.6333333333333333
2010-08-14 02:00:00,0.29610000000000003,0.12656666666666666,241.6506666666667,1.34,0.0,0.6333333333333333,1.5833333333333333
2010-08-14 03:00:00,0.28300000000000003,0.09903333333333333,242.47183333333334,1.25,0.0,0.0,1.6166666666666667
2010-08-14 04:00:00,0.3174,0.15666666666666668,242.27533333333335,1.4533333333333334,0.0,0.65,1.5333333333333334
2010-08-14 05:00:00,0.20033333333333334,0.05316666666666667,242.46716666666669,0.8533333333333334,0.0,0.0,0.65
2010-08-14 06:00:00,0.3201,0.15826666666666667,242.08166666666665,1.4733333333333334,0.0,0.65,1.5666666666666667
2010-08-14 07:00:00,0.26793333333333336,0.0844,241.42766666666665,1.1966666666666665,0.0,0.0,1.5833333333333333
2010-08-14 08:00:00,0.31229999999999997,0.14056666666666665,240.43783333333334,1.4233333333333333,0.0,0.7,1.5666666666666667
2010-08-14 09:00:00,0.21163333333333334,0.06473333333333334,241.19516666666667,0.9266666666666666,0.0,0.0,0.65
2010-08-14 10:00:00,0.31903333333333334,0.15866666666666665,240.83033333333333,1.4833333333333334,0.0,0.6666666666666666,1.5333333333333334
2010-08-14 11:00:00,0.7287,0.0804,240.59066666666666,3.0566666666666666,0.0,0.1,9.216666666666667
2010-08-14 12:00:00,0.7658333333333333,0.1068,240.59283333333332,3.21,0.0,0.5666666666666667,9.333333333333334
2010-08-14 13:00:00,0.29586666666666667,0.12203333333333334,241.46433333333334,1.3433333333333333,0.0,0.21666666666666667,1.5666666666666667
2010-08-14 14:00:00,0.2793333333333334,0.10573333333333333,241.2705,1.2266666666666666,0.0,0.43333333333333335,1.55
2010-08-14 15:00:00,0.29410000000000003,0.12013333333333334,241.2845,1.34,0.0,0.3333333333333333,1.5666666666666667
2010-08-14 16:00:00,0.23790000000000003,0.10323333333333333,240.85766666666666,1.0866666666666667,0.0,0.35,0.65
2010-08-14 17:00:00,0.2874,0.11116666666666666,240.99166666666667,1.28,0.0,0.4,1.5333333333333334
2010-08-14 18:00:00,0.28680000000000005,0.10746666666666667,240.46349999999998,1.2766666666666666,0.0,0.23333333333333334,1.6
2010-08-14 19:00:00,0.2719333333333333,0.13013333333333332,241.64183333333332,1.2566666666666668,0.0,0.5333333333333333,0.6666666666666666
2010-08-14 20:00:00,0.2736,0.0927,242.29566666666668,1.1966666666666665,0.0,0.11666666666666667,1.5333333333333334
2010-08-14 21:00:00,0.30383333333333334,0.127,240.1625,1.3633333333333333,0.0,0.65,1.6
2010-08-14 22:00:00,0.29023333333333334,0.1149,241.03416666666666,1.3066666666666669,0.0,0.0,1.5666666666666667
2010-08-14 23:00:00,1.0143666666666666,0.09496666666666667,239.20683333333332,4.236666666666666,0.0,0.6333333333333333,13.566666666666666
2010-08-15 00:00:00,0.4765666666666667,0.0765,240.12683333333334,2.04,0.0,0.0,5.083333333333333
2010-08-15 01:00:00,0.3296,0.16843333333333332,242.3961666666667,1.5166666666666666,0.0,0.65,1.5833333333333333
2010-08-15 02:00:00,0.25833333333333336,0.07536666666666667,243.09,1.1133333333333333,0.0,0.0,1.5666666666666667
2010-08-15 03:00:00,0.252,0.12206666666666667,242.32366666666667,1.1533333333333333,0.0,0.65,0.65
2010-08-15 04:00:00,0.28223333333333334,0.10086666666666666,243.35833333333332,1.25,0.0,0.0,1.6166666666666667
2010-08-15 05:00:00,0.30906666666666666,0.14513333333333334,243.20316666666668,1.3766666666666665,0.0,0.65,1.5666666666666667
2010-08-15 06:00:00,0.26486666666666664,0.08326666666666667,243.24033333333333,1.1466666666666667,0.0,0.0,1.55
2010-08-15 07:00:00,0.26443333333333335,0.1396666666666667,243.23016666666666,1.2166666666666666,0.0,0.6333333333333333,0.6666666666666666
2010-08-15 08:00:00,0.28026666666666666,0.10266666666666667,242.84416666666667,1.24,0.0,0.16666666666666666,1.55
2010-08-15 09:00:00,0.294,0.1165,244.3383333333333,1.2766666666666666,0.0,0.48333333333333334,1.5333333333333334
2010-08-15 10:00:00,0.34773333333333334,0.1475,243.0245,1.5833333333333333,0.0,0.4166666666666667,2.1166666666666667
2010-08-15 11:00:00,1.2265666666666668,0.0795,241.90933333333334,5.013333333333334,0.0,0.25,17.283333333333335
2010-08-15 12:00:00,0.29006666666666664,0.12336666666666667,242.79716666666667,1.2966666666666666,0.0,0.55,1.5
2010-08-15 13:00:00,0.3015,0.1249,243.85683333333333,1.34,0.0,0.08333333333333333,1.5166666666666666
2010-08-15 14:00:00,0.9983333333333333,0.26999999999999996,241.12266666666667,4.413333333333333,0.0,7.25,1.5833333333333333
2010-08-15 15:00:00,0.40850000000000003,0.2718333333333333,241.2345,2.1,0.0,0.7333333333333333,0.65
2010-08-15 16:00:00,1.8561,0.26563333333333333,240.37866666666665,7.9399999999999995,0.0,21.116666666666667,1.55
2010-08-15 17:00:00,1.9023,0.1656,240.0385,8.096666666666668,0.0,24.233333333333334,1.6333333333333333
2010-08-15 18:00:00,2.1767,0.2189,239.7585,9.173333333333334,0.0,12.75,17.366666666666667
2010-08-15 19:00:00,0.9298666666666667,0.2266,240.0905,3.96,0.0,0.26666666666666666,3.1333333333333333
2010-08-15 20:00:00,1.2045,0.1322,238.83883333333333,5.096666666666667,0.0,0.45,1.6
2010-08-15 21:00:00,0.9719666666666666,0.0777,239.6115,4.116666666666666,0.0,0.5833333333333334,1.5666666666666667
2010-08-15 22:00:00,1.4498666666666666,0.08926666666666666,239.74866666666668,6.03,0.0,0.11666666666666667,14.7
2010-08-15 23:00:00,0.5244,0.1227,239.91766666666666,2.3833333333333333,0.0,0.65,4.466666666666667
2010-08-16 00:00:00,0.29763333333333336,0.06760000000000001,241.304,1.44,0.0,0.0,1.6
2010-08-16 01:00:00,0.3329333333333333,0.12873333333333334,241.7795,1.6333333333333333,0.0,0.65,1.5666666666666667
2010-08-16 02:00:00,0.26386666666666664,0.08296666666666666,241.32700000000003,1.34,0.0,0.05,0.7833333333333333
2010-08-16 03:00:00,0.30246666666666666,0.10303333333333332,241.39216666666667,1.4966666666666666,0.0,0.6,1.4
2010-08-16 04:00:00,0.31856666666666666,0.10616666666666667,240.4875,1.5666666666666667,0.0,0.2833333333333333,1.5833333333333333
2010-08-16 05:00:00,0.30970000000000003,0.09663333333333333,239.51583333333335,1.5066666666666666,0.0,0.36666666666666664,1.5333333333333334
2010-08-16 06:00:00,0.2612,0.08673333333333334,242.07166666666666,1.2899999999999998,0.0,0.45,0.65
2010-08-16 07:00:00,0.9650666666666666,0.10253333333333334,240.6025,4.1866666666666665,0.0,0.2,9.116666666666667
2010-08-16 08:00:00,1.5165666666666666,0.12816666666666665,239.4298333333333,6.333333333333333,0.0,0.5666666666666667,19.166666666666668
2010-08-16 09:00:00,1.3763333333333334,0.07576666666666668,239.28549999999998,5.739999999999999,0.0,0.06666666666666667,19.15
2010-08-16 10:00:00,1.3420333333333334,0.07223333333333333,239.13883333333334,5.586666666666667,0.0,0.6333333333333333,17.383333333333333
2010-08-16 11:00:00,0.2498,0.027533333333333333,243.84233333333333,1.0799999999999998,0.0,0.0,1.5666666666666667
2010-08-16 12:00:00,0.48273333333333335,0.1829333333333333,243.7531666666667,2.27,0.0,0.65,1.5833333333333333
2010-08-16 13:00:00,0.7548,0.13243333333333332,243.68466666666666,3.1933333333333334,7.933333333333334,0.0,0.65
2010-08-16 14:00:00,0.8666,0.2069,242.70783333333333,3.7800000000000002,8.5,0.6333333333333333,1.5
2010-08-16 15:00:00,0.3209,0.14383333333333334,243.46349999999998,1.4833333333333334,0.0,0.0,1.5333333333333334
2010-08-16 16:00:00,0.8527333333333333,0.16143333333333335,241.26566666666668,3.646666666666667,0.0,0.6333333333333333,9.966666666666667
2010-08-16 17:00:00,0.6712333333333333,0.1167,240.44733333333335,2.89,0.0,0.0,7.3
2010-08-16 18:00:00,0.7438333333333333,0.15456666666666666,241.096,3.2066666666666666,0.0,0.6333333333333333,8.116666666666667
2010-08-16 19:00:00,1.0497333333333334,0.2647333333333333,240.7465,5.090000000000001,9.066666666666666,0.0,0.6333333333333333
2010-08-16 20:00:00,1.4753333333333332,0.27416666666666667,238.266,6.3,0.0,0.6333333333333333,7.083333333333333
2010-08-16 21:00:00,1.2868333333333335,0.14420000000000002,239.56983333333335,5.42,0.0,0.0,5.483333333333333
2010-08-16 22:00:00,1.5521666666666667,0.11979999999999999,240.568,6.433333333333334,0.0,0.6333333333333333,1.2666666666666666
2010-08-16 23:00:00,1.2357666666666667,0.10379999999999999,240.10183333333333,5.1066666666666665,0.0,0.03333333333333333,1.5166666666666666
2010-08-17 00:00:00,1.0600666666666667,0.1193,240.09316666666666,4.3966666666666665,0.0,0.6,5.483333333333333
2010-08-17 01:00:00,1.0796333333333334,0.09823333333333334,240.51916666666665,4.426666666666667,0.0,0.11666666666666667,6.233333333333333
2010-08-17 02:00:00,0.8246666666666667,0.13299999999999998,240.83866666666665,3.4166666666666665,0.0,0.5,1.5166666666666666
2010-08-17 03:00:00,0.7446666666666667,0.07876666666666667,241.16583333333335,3.0933333333333333,0.0,0.21666666666666667,0.6333333333333333
2010-08-17 04:00:00,0.8127666666666666,0.12353333333333333,240.89233333333334,3.4166666666666665,0.0,0.4166666666666667,1.4833333333333334
2010-08-17 05:00:00,0.8006,0.10323333333333333,239.7385,3.3066666666666666,0.0,0.2833333333333333,1.5166666666666666
2010-08-17 06:00:00,0.7530666666666667,0.09213333333333333,241.51766666666666,3.1199999999999997,0.0,0.3333333333333333,0.65
2010-08-17 07:00:00,1.0798666666666668,0.13026666666666667,241.52816666666666,4.553333333333333,0.0,0.36666666666666664,6.316666666666666
2010-08-17 08:00:00,1.1409666666666667,0.1091,242.06816666666666,4.78,0.0,0.26666666666666666,13.6
2010-08-17 09:00:00,1.8965333333333334,0.12496666666666667,241.061,7.913333333333333,6.95,0.9166666666666666,18.9
2010-08-17 10:00:00,1.3446333333333333,0.08326666666666667,240.518,5.62,1.1666666666666667,5.1,12.916666666666666
2010-08-17 11:00:00,0.7785333333333334,0.1363,240.3965,3.396666666666667,7.55,0.5333333333333333,1.5333333333333334
2010-08-17 12:00:00,0.29106666666666664,0.08610000000000001,241.15816666666666,1.3099999999999998,0.0,0.11666666666666667,0.8833333333333333
2010-08-17 13:00:00,0.41823333333333335,0.13616666666666666,242.0115,2.0033333333333334,0.0,0.6166666666666667,1.3
2010-08-17 14:00:00,0.33716666666666667,0.10396666666666668,239.87916666666666,1.5966666666666667,0.0,0.03333333333333333,1.5333333333333334
2010-08-17 15:00:00,0.3581666666666667,0.10536666666666666,241.46233333333333,1.6333333333333333,0.0,0.6333333333333333,2.25
2010-08-17 16:00:00,0.7672333333333333,0.09896666666666666,241.68933333333334,3.26,0.0,0.0,9.383333333333333
2010-08-17 17:00:00,0.31806666666666666,0.13036666666666666,242.712,1.4533333333333334,0.0,0.65,1.5333333333333334
2010-08-17 18:00:00,0.2351666666666667,0.07210000000000001,240.54566666666668,1.1033333333333333,0.0,0.0,0.65
2010-08-17 19:00:00,0.3628,0.13833333333333334,240.06966666666668,1.6666666666666667,0.0,0.65,1.55
2010-08-17 20:00:00,0.8698666666666667,0.10246666666666666,241.01116666666667,3.6666666666666665,0.0,0.0,1.5666666666666667
2010-08-17 21:00:00,0.888,0.0,239.775,3.7,0.0,0.0,1.0
2010-08-17 22:00:00,0.888,0.0,239.775,3.7,0.0,0.0,1.0
2010-08-17 23:00:00,0.888,0.0,239.775,3.7,0.0,0.0,1.0
2010-08-18 00:00:00,0.888,0.0,239.775,3.7,0.0,0.0,1.0
2010-08-18 01:00:00,0.888,0.0,239.775,3.7,0.0,0.0,1.0
2010-08-18 02:00:00,0.888,0.0,239.775,3.7,0.0,0.0,1.0
2010-08-18 03:00:00,0.888,0.0,239.775,3.7,0.0,0.0,1.0
2010-08-18 04:00:00,0.888,0.0,239.775,3.7,0.0,0.0,1.0
2010-08-18 05:00:00,0.888,0.0,239.775,3.7,0.0,0.0,1.0
2010-08-18 06:00:00,0.888,0.0,239.775,3.7,0.0,0.0,1.0
2010-08-18 07:00:00,0.888,0.0,239.775,3.7,0.0,0.0,1.0
2010-08-18 08:00:00,0.888,0.0,239.775,3.7,0.0,0.0,1.0
2010-08-18 09:00:00,0.888,0.0,239.775,3.7,0.0,0.0,1.0
2010-08-18 10:00:00,0.888,0.0,239.775,3.7,0.0,0.0,1.0
2010-08-18 11:00:00,0.888,0.0,239.775,3.7,0.0,0.0,1.0
2010-08-18 12:00:00,0.888,0.0,239.775,3.7,0.0,0.0,1.0
2010-08-18 13:00:00,0.888,0.0,239.775,3.7,0.0,0.0,1.0
2010-08-18 14:00:00,0.888,0.0,239.775,3.7,0.0,0.0,1.0
2010-08-18 15:00:00,0.888,0.0,239.775,3.7,0.0,0.0,1.0
2010-08-18 16:00:00,0.888,0.0,239.775,3.7,0.0,0.0,1.0
2010-08-18 17:00:00,0.888,0.0,239.775,3.7,0.0,0.0,1.0
2010-08-18 18:00:00,0.888,0.0,239.775,3.7,0.0,0.0,1.0
2010-08-18 19:00:00,0.888,0.0,239.775,3.7,0.0,0.0,1.0
2010-08-18 20:00:00,0.888,0.0,239.775,3.7,0.0,0.0,1.0
2010-08-18 21:00:00,0.888,0.0,239.775,3.7,0.0,0.0,1.0
2010-08-18 22:00:00,0.888,0.0,239.775,3.7,0.0,0.0,1.0
2010-08-18 23:00:00,0.888,0.0,239.775,3.7,0.0,0.0,1.0
2010-08-19 00:00:00,0.888,0.0,239.775,3.7,0.0,0.0,1.0
2010-08-19 01:00:00,0.888,0.0,239.775,3.7,0.0,0.0,1.0
2010-08-19 02:00:00,0.888,0.0,239.775,3.7,0.0,0.0,1.0
2010-08-19 03:00:00,0.888,0.0,239.775,3.7,0.0,0.0,1.0
2010-08-19 04:00:00,0.888,0.0,239.775,3.7,0.0,0.0,1.0
2010-08-19 05:00:00,0.888,0.0,239.775,3.7,0.0,0.0,1.0
2010-08-19 06:00:00,0.888,0.0,239.775,3.7,0.0,0.0,1.0
2010-08-19 07:00:00,0.888,0.0,239.775,3.7,0.0,0.0,1.0
2010-08-19 08:00:00,0.888,0.0,239.775,3.7,0.0,0.0,1.0
2010-08-19 09:00:00,0.888,0.0,239.775,3.7,0.0,0.0,1.0
2010-08-19 10:00:00,0.888,0.0,239.775,3.7,0.0,0.0,1.0
2010-08-19 11:00:00,0.888,0.0,239.775,3.7,0.0,0.0,1.0
2010-08-19 12:00:00,0.888,0.0,239.775,3.7,0.0,0.0,1.0
2010-08-19 13:00:00,0.888,0.0,239.775,3.7,0.0,0.0,1.0
2010-08-19 14:00:00,0.888,0.0,239.775,3.7,0.0,0.0,1.0
2010-08-19 15:00:00,0.888,0.0,239.775,3.7,0.0,0.0,1.0
2010-08-19 16:00:00,0.888,0.0,239.775,3.7,0.0,0.0,1.0
2010-08-19 17:00:00,0.888,0.0,239.775,3.7,0.0,0.0,1.0
2010-08-19 18:00:00,0.888,0.0,239.775,3.7,0.0,0.0,1.0
2010-08-19 19:00:00,0.888,0.0,239.775,3.7,0.0,0.0,1.0
2010-08-19 20:00:00,0.888,0.0,239.775,3.7,0.0,0.0,1.0
2010-08-19 21:00:00,0.888,0.0,239.775,3.7,0.0,0.0,1.0
2010-08-19 22:00:00,0.888,0.0,239.775,3.7,0.0,0.0,1.0
2010-08-19 23:00:00,0.888,0.0,239.775,3.7,0.0,0.0,1.0
2010-08-20 00:00:00,0.888,0.0,239.775,3.7,0.0,0.0,1.0
2010-08-20 01:00:00,0.888,0.0,239.775,3.7,0.0,0.0,1.0
2010-08-20 02:00:00,0.888,0.0,239.775,3.7,0.0,0.0,1.0
2010-08-20 03:00:00,0.888,0.0,239.775,3.7,0.0,0.0,1.0
2010-08-20 04:00:00,0.888,0.0,239.775,3.7,0.0,0.0,1.0
2010-08-20 05:00:00,0.888,0.0,239.775,3.7,0.0,0.0,1.0
2010-08-20 06:00:00,0.888,0.0,239.775,3.7,0.0,0.0,1.0
2010-08-20 07:00:00,0.888,0.0,239.775,3.7,0.0,0.0,1.0
2010-08-20 08:00:00,0.888,0.0,239.775,3.7,0.0,0.0,1.0
2010-08-20 09:00:00,0.888,0.0,239.775,3.7,0.0,0.0,1.0
2010-08-20 10:00:00,0.888,0.0,239.775,3.7,0.0,0.0,1.0
2010-08-20 11:00:00,0.888,0.0,239.775,3.7,0.0,0.0,1.0
2010-08-20 12:00:00,0.888,0.0,239.775,3.7,0.0,0.0,1.0
2010-08-20 13:00:00,0.888,0.0,239.775,3.7,0.0,0.0,1.0
2010-08-20 14:00:00,0.888,0.0,239.775,3.7,0.0,0.0,1.0
2010-08-20 15:00:00,0.888,0.0,239.775,3.7,0.0,0.0,1.0
2010-08-20 16:00:00,0.888,0.0,239.775,3.7,0.0,0.0,1.0
2010-08-20 17:00:00,0.888,0.0,239.775,3.7,0.0,0.0,1.0
2010-08-20 18:00:00,0.888,0.0,239.775,3.7,0.0,0.0,1.0
2010-08-20 19:00:00,0.888,0.0,239.775,3.7,0.0,0.0,1.0
2010-08-20 20:00:00,0.888,0.0,239.775,3.7,0.0,0.0,1.0
2010-08-20 21:00:00,0.888,0.0,239.775,3.7,0.0,0.0,1.0
2010-08-20 22:00:00,0.888,0.0,239.775,3.7,0.0,0.0,1.0
2010-08-20 23:00:00,0.888,0.0,239.775,3.7,0.0,0.0,1.0
2010-08-21 00:00:00,0.888,0.0,239.775,3.7,0.0,0.0,1.0
2010-08-21 01:00:00,0.888,0.0,239.775,3.7,0.0,0.0,1.0
2010-08-21 02:00:00,0.888,0.0,239.775,3.7,0.0,0.0,1.0
2010-08-21 03:00:00,0.888,0.0,239.775,3.7,0.0,0.0,1.0
2010-08-21 04:00:00,0.888,0.0,239.775,3.7,0.0,0.0,1.0
2010-08-21 05:00:00,0.888,0.0,239.775,3.7,0.0,0.0,1.0
2010-08-21 06:00:00,0.888,0.0,239.775,3.7,0.0,0.0,1.0
2010-08-21 07:00:00,0.888,0.0,239.775,3.7,0.0,0.0,1.0
2010-08-21 08:00:00,0.888,0.0,239.775,3.7,0.0,0.0,1.0
2010-08-21 09:00:00,0.888,0.0,239.775,3.7,0.0,0.0,1.0
2010-08-21 10:00:00,0.888,0.0,239.775,3.7,0.0,0.0,1.0
2010-08-21 11:00:00,0.888,0.0,239.775,3.7,0.0,0.0,1.0
2010-08-21 12:00:00,0.888,0.0,239.775,3.7,0.0,0.0,1.0
2010-08-21 13:00:00,0.888,0.0,239.775,3.7,0.0,0.0,1.0
2010-08-21 14:00:00,0.888,0.0,239.775,3.7,0.0,0.0,1.0
2010-08-21 15:00:00,0.888,0.0,239.775,3.7,0.0,0.0,1.0
2010-08-21 16:00:00,0.888,0.0,239.775,3.7,0.0,0.0,1.0
2010-08-21 17:00:00,0.888,0.0,239.775,3.7,0.0,0.0,1.0
2010-08-21 18:00:00,0.888,0.0,239.775,3.7,0.0,0.0,1.0
2010-08-21 19:00:00,0.888,0.0,239.775,3.7,0.0,0.0,1.0
2010-08-21 20:00:00,0.888,0.0,239.775,3.7,0.0,0.0,1.0
2010-08-21 21:00:00,0.888,0.0,239.775,3.7,0.0,0.0,1.0
2010-08-21 22:00:00,0.888,0.0,239.775,3.7,0.0,0.0,1.0
2010-08-21 23:00:00,0.888,0.0,239.775,3.7,0.0,0.0,1.0
2010-08-22 00:00:00,0.888,0.0,239.775,3.7,0.0,0.0,1.0
2010-08-22 01:00:00,0.888,0.0,239.775,3.7,0.0,0.0,1.0
2010-08-22 02:00:00,0.888,0.0,239.775,3.7,0.0,0.0,1.0
2010-08-22 03:00:00,0.888,0.0,239.775,3.7,0.0,0.0,1.0
2010-08-22 04:00:00,0.888,0.0,239.775,3.7,0.0,0.0,1.0
2010-08-22 05:00:00,0.888,0.0,239.775,3.7,0.0,0.0,1.0
2010-08-22 06:00:00,0.888,0.0,239.775,3.7,0.0,0.0,1.0
2010-08-22 07:00:00,0.888,0.0,239.775,3.7,0.0,0.0,1.0
2010-08-22 08:00:00,0.888,0.0,239.775,3.7,0.0,0.0,1.0
2010-08-22 09:00:00,0.888,0.0,239.775,3.7,0.0,0.0,1.0
2010-08-22 10:00:00,0.888,0.0,239.775,3.7,0.0,0.0,1.0
2010-08-22 11:00:00,0.888,0.0,239.775,3.7,0.0,0.0,1.0
2010-08-22 12:00:00,0.888,0.0,239.775,3.7,0.0,0.0,1.0
2010-08-22 13:00:00,0.888,0.0,239.775,3.7,0.0,0.0,1.0
2010-08-22 14:00:00,0.888,0.0,239.775,3.7,0.0,0.0,1.0
2010-08-22 15:00:00,0.888,0.0,239.775,3.7,0.0,0.0,1.0
2010-08-22 16:00:00,0.888,0.0,239.775,3.7,0.0,0.0,1.0
2010-08-22 17:00:00,0.888,0.0,239.775,3.7,0.0,0.0,1.0
2010-08-22 18:00:00,0.888,0.0,239.775,3.7,0.0,0.0,1.0
2010-08-22 19:00:00,0.888,0.0,239.775,3.7,0.0,0.0,1.0
2010-08-22 20:00:00,0.888,0.0,239.775,3.7,0.0,0.0,1.0
2010-08-22 21:00:00,0.712,0.136875,242.605,3.1,0.0,0.34375,2.78125
2010-08-22 22:00:00,0.8115333333333333,0.179,241.85116666666667,3.5300000000000002,0.0,0.15,1.75
2010-08-22 23:00:00,0.3643666666666666,0.1588,243.50983333333335,1.6733333333333333,0.0,0.5666666666666667,1.7666666666666666
2010-08-23 00:00:00,0.3487,0.1334,243.16899999999998,1.5733333333333335,0.0,0.38333333333333336,1.7666666666666666
2010-08-23 01:00:00,0.3358666666666667,0.12053333333333334,242.23633333333333,1.5033333333333334,0.0,0.3333333333333333,1.7666666666666666
2010-08-23 02:00:00,0.3663,0.1557,241.084,1.7,0.0,0.6166666666666667,1.8166666666666667
2010-08-23 03:00:00,0.7253000000000001,0.11456666666666666,241.494,3.0766666666666667,0.0,0.1,8.3
2010-08-23 04:00:00,0.7053666666666667,0.1459,241.09466666666668,3.0133333333333336,0.0,0.7166666666666667,7.616666666666666
2010-08-23 05:00:00,0.32436666666666664,0.10103333333333334,241.20033333333333,1.4400000000000002,0.0,0.0,1.7833333333333334
2010-08-23 06:00:00,0.3664,0.1628,242.157,1.6866666666666668,0.0,0.7333333333333333,1.7666666666666666
2010-08-23 07:00:00,1.3092666666666666,0.08833333333333333,240.10433333333333,5.47,0.0,0.0,15.066666666666666
2010-08-23 08:00:00,1.4588999999999999,0.16223333333333334,239.58383333333333,6.086666666666667,0.0,0.7166666666666667,20.016666666666666
2010-08-23 09:00:00,0.6013666666666667,0.13503333333333334,244.09716666666665,2.5766666666666667,0.0,0.15,6.183333333333334
2010-08-23 10:00:00,0.36869999999999997,0.15603333333333333,243.02083333333334,1.7,0.0,0.5833333333333334,2.1333333333333333
2010-08-23 11:00:00,0.33999999999999997,0.13713333333333333,241.83666666666667,1.5599999999999998,0.0,0.36666666666666664,1.7333333333333334
2010-08-23 12:00:00,0.3449,0.14423333333333332,242.75666666666666,1.5966666666666667,0.0,0.36666666666666664,1.7833333333333334
2010-08-23 13:00:00,0.34793333333333337,0.14216666666666666,241.39883333333333,1.5933333333333333,0.0,0.55,1.8
2010-08-23 14:00:00,0.31766666666666665,0.11233333333333334,240.89583333333334,1.4333333333333333,0.0,0.16666666666666666,1.5833333333333333
2010-08-23 15:00:00,0.3702333333333333,0.17623333333333333,243.01416666666668,1.7366666666666668,0.0,0.7166666666666667,1.85
2010-08-23 16:00:00,0.3078333333333333,0.09390000000000001,242.97666666666666,1.38,0.0,0.0,1.7166666666666666
2010-08-23 17:00:00,0.3748333333333333,0.1893,243.42066666666668,1.74,0.0,0.7166666666666667,1.7
2010-08-23 18:00:00,0.9786666666666667,0.09936666666666666,243.12533333333334,4.06,0.0,0.0,12.666666666666666
2010-08-23 19:00:00,0.4583333333333333,0.16856666666666667,243.38233333333335,2.0466666666666664,0.0,0.7333333333333333,1.75
2010-08-23 20:00:00,0.5619999999999999,0.17850000000000002,240.26016666666666,2.4766666666666666,0.0,0.21666666666666667,1.7833333333333334
2010-08-23 21:00:00,0.6539333333333333,0.25,239.22633333333334,2.9166666666666665,0.0,0.5166666666666667,1.7166666666666666
2010-08-23 22:00:00,0.46623333333333333,0.1538,242.58849999999998,2.026666666666667,0.0,0.4166666666666667,1.7166666666666666
2010-08-23 23:00:00,0.3278666666666667,0.1255,244.9665,1.4766666666666666,0.0,0.31666666666666665,1.75
2010-08-24 00:00:00,0.3574,0.1572,240.54799999999997,1.6600000000000001,0.0,0.6,1.75
2010-08-24 01:00:00,0.3172333333333333,0.1042,240.4118333333333,1.4233333333333333,0.0,0.11666666666666667,1.75
2010-08-24 02:00:00,0.3532666666666666,0.1499,239.91366666666667,1.6366666666666667,0.0,0.7166666666666667,1.7666666666666666
2010-08-24 03:00:00,0.30146666666666666,0.0833,241.416,1.3466666666666667,0.0,0.0,1.7166666666666666
2010-08-24 04:00:00,0.36010000000000003,0.16136666666666669,241.15566666666666,1.6466666666666667,0.0,0.6833333333333333,1.6833333333333333
2010-08-24 05:00:00,0.6707000000000001,0.05936666666666667,239.87733333333333,2.81,0.0,0.0,8.016666666666667
2010-08-24 06:00:00,0.716,0.14023333333333332,240.48566666666665,3.04,0.0,0.7,7.733333333333333
2010-08-24 07:00:00,0.996,0.0977,240.42383333333333,4.226666666666667,0.0,0.1,10.933333333333334
2010-08-24 08:00:00,1.4222333333333335,0.1189,240.31616666666665,5.913333333333333,0.0,0.5833333333333334,19.516666666666666
2010-08-24 09:00:00,0.7737333333333333,0.11786666666666666,242.35733333333334,3.356666666666667,0.0,0.3333333333333333,8.8
2010-08-24 10:00:00,0.34600000000000003,0.1239,241.28766666666667,1.68,0.0,0.35,1.7
2010-08-24 11:00:00,0.34986666666666666,0.128,241.22716666666665,1.6933333333333331,0.0,0.5333333333333333,1.6833333333333333
2010-08-24 12:00:00,0.32876666666666665,0.10626666666666668,240.99266666666665,1.6133333333333333,0.0,0.15,1.6666666666666667
2010-08-24 13:00:00,0.3661333333333333,0.1511,240.77633333333333,1.78,0.0,0.6833333333333333,1.6333333333333333
2010-08-24 14:00:00,0.31010000000000004,0.07413333333333334,240.16649999999998,1.5066666666666668,0.0,0.0,1.6666666666666667
2010-08-24 15:00:00,0.32543333333333335,0.14633333333333332,242.03483333333332,1.6033333333333333,0.0,0.7166666666666667,0.8333333333333334
2010-08-24 16:00:00,0.3030666666666667,0.0809,242.66716666666667,1.48,0.0,0.0,1.4833333333333334
2010-08-24 17:00:00,0.3684,0.15960000000000002,242.16850000000002,1.78,0.0,0.7,1.6666666666666667
2010-08-24 18:00:00,0.9464,0.0894,242.26783333333333,4.006666666666667,0.0,0.0,11.916666666666666
2010-08-24 19:00:00,0.3782333333333333,0.15296666666666667,243.22633333333334,1.8333333333333333,0.0,0.6833333333333333,1.6833333333333333
2010-08-24 20:00:00,0.34700000000000003,0.10796666666666667,244.31683333333334,1.6433333333333333,0.0,0.15,1.65
2010-08-24 21:00:00,0.37443333333333334,0.14853333333333335,242.4205,1.79,0.0,0.5333333333333333,1.6333333333333333
2010-08-24 22:00:00,0.6837,0.12446666666666667,244.50516666666667,2.9133333333333336,0.0,0.36666666666666664,0.6666666666666666
2010-08-24 23:00:00,0.3534666666666667,0.1407,243.6328333333333,1.7333333333333334,0.0,0.31666666666666665,1.65
2010-08-25 00:00:00,0.3427,0.1219,242.00366666666665,1.6566666666666667,0.0,0.55,1.65
2010-08-25 01:00:00,0.3297666666666667,0.10339999999999999,241.69216666666668,1.5899999999999999,0.0,0.13333333333333333,1.6666666666666667
2010-08-25 02:00:00,0.3562666666666667,0.14196666666666669,241.44549999999998,1.7466666666666666,0.0,0.6666666666666666,1.6333333333333333
2010-08-25 03:00:00,0.3103666666666667,0.08349999999999999,242.036,1.51,0.0,0.0,1.6
2010-08-25 04:00:00,0.8391,0.12426666666666666,241.38166666666666,3.5966666666666667,0.0,0.6666666666666666,9.55
2010-08-25 05:00:00,0.5518,0.07303333333333333,240.8826666666667,2.4733333333333336,0.0,0.0,5.683333333333334
2010-08-25 06:00:00,0.35719999999999996,0.14323333333333332,241.8445,1.7366666666666668,0.0,0.6666666666666666,1.6
2010-08-25 07:00:00,1.1821333333333333,0.0754,241.4008333333333,4.966666666666667,0.0,0.0,13.05
2010-08-25 08:00:00,1.8391333333333333,0.13333333333333333,239.2305,7.6899999999999995,7.383333333333334,0.6666666666666666,19.2
2010-08-25 09:00:00,1.5416666666666667,0.08486666666666666,240.93833333333333,6.4,8.766666666666667,0.15,13.5
2010-08-25 10:00:00,0.33676666666666666,0.13303333333333334,240.12633333333332,1.5466666666666666,0.0,0.5166666666666667,1.6333333333333333
2010-08-25 11:00:00,0.27136666666666664,0.09033333333333333,240.52466666666666,1.2433333333333332,0.0,0.35,0.9166666666666666
2010-08-25 12:00:00,0.31046666666666667,0.12113333333333333,241.47733333333332,1.4200000000000002,0.0,0.31666666666666665,1.3666666666666667
2010-08-25 13:00:00,0.31943333333333335,0.10880000000000001,238.42883333333333,1.46,0.0,0.5166666666666667,1.6166666666666667
2010-08-25 14:00:00,0.31183333333333335,0.10600000000000001,240.7711666666667,1.4200000000000002,0.0,0.15,1.6
2010-08-25 15:00:00,0.33676666666666666,0.14226666666666665,241.96483333333333,1.5599999999999998,0.0,0.6666666666666666,1.5833333333333333
2010-08-25 16:00:00,0.23946666666666666,0.06876666666666666,240.58516666666668,1.0833333333333333,0.0,0.0,0.6333333333333333
2010-08-25 17:00:00,0.3452,0.1441,240.24066666666667,1.5633333333333332,0.0,0.6666666666666666,1.6166666666666667
2010-08-25 18:00:00,0.9426,0.0758,239.24533333333332,3.936666666666667,0.0,0.0,12.416666666666666
2010-08-25 19:00:00,0.35346666666666665,0.14983333333333335,240.53066666666666,1.63,0.0,0.6833333333333333,1.6333333333333333
2010-08-25 20:00:00,1.0539333333333334,0.08176666666666667,241.24166666666667,4.430000000000001,0.0,0.0,7.4
2010-08-25 21:00:00,1.5824,0.1401,240.53116666666668,6.583333333333333,0.0,0.65,19.416666666666668
2010-08-25 22:00:00,1.4606999999999999,0.1012,243.469,5.973333333333333,0.0,0.11666666666666667,19.833333333333332
2010-08-25 23:00:00,0.8256,0.1375,244.79866666666666,3.46,0.0,0.5666666666666667,8.516666666666667
2010-08-26 00:00:00,0.5391666666666667,0.12116666666666667,242.19500000000002,2.3266666666666667,0.0,0.31666666666666665,1.6666666666666667
2010-08-26 01:00:00,0.2715666666666667,0.1075,240.13433333333333,1.26,0.0,0.36666666666666664,0.6333333333333333
2010-08-26 02:00:00,0.32380000000000003,0.1145,240.17233333333334,1.5,0.0,0.48333333333333334,1.6666666666666667
2010-08-26 03:00:00,0.3172666666666667,0.11136666666666667,240.449,1.4466666666666665,0.0,0.2,1.6333333333333333
2010-08-26 04:00:00,0.3435666666666667,0.1372,239.91683333333333,1.5733333333333335,0.0,0.65,1.6833333333333333
2010-08-26 05:00:00,0.3033666666666666,0.08366666666666668,239.22566666666668,1.3633333333333333,0.0,0.03333333333333333,1.6666666666666667
2010-08-26 06:00:00,0.33786666666666665,0.1383,240.49266666666665,1.5733333333333335,0.0,0.6666666666666666,1.6833333333333333
2010-08-26 07:00:00,1.3136333333333332,0.11783333333333333,239.80949999999999,5.516666666666667,0.0,0.0,13.9
2010-08-26 08:00:00,1.4059333333333333,0.1247,241.05083333333332,5.83,0.0,0.6833333333333333,19.483333333333334
2010-08-26 09:00:00,0.7121333333333334,0.0965,243.53183333333334,2.993333333333333,0.0,0.0,8.233333333333333
2010-08-26 10:00:00,0.32939999999999997,0.12863333333333332,240.5865,1.5533333333333335,0.0,0.6833333333333333,1.1666666666666667
2010-08-26 11:00:00,0.33196666666666663,0.09780000000000001,240.65883333333335,1.53,0.0,0.08333333333333333,1.7
2010-08-26 12:00:00,0.5291,0.20350000000000001,242.2975,2.4233333333333333,0.0,0.6,1.6666666666666667
2010-08-26 13:00:00,0.33676666666666666,0.12169999999999999,243.46516666666668,1.5266666666666666,0.0,0.2833333333333333,1.7
2010-08-26 14:00:00,0.33819999999999995,0.14266666666666666,243.00416666666666,1.5366666666666666,0.0,0.4166666666666667,1.6333333333333333
2010-08-26 15:00:00,0.32599999999999996,0.1235,243.292,1.49,0.0,0.4666666666666667,1.6666666666666667
2010-08-26 16:00:00,0.3312,0.13140000000000002,244.3355,1.5100000000000002,0.0,0.23333333333333334,1.6666666666666667
2010-08-26 17:00:00,0.3519333333333333,0.1576,244.11933333333334,1.6366666666666667,0.0,0.6333333333333333,1.7
2010-08-26 18:00:00,0.9729666666666666,0.09366666666666666,242.45766666666665,4.076666666666666,0.0,0.06666666666666667,12.083333333333334
2010-08-26 19:00:00,0.4751,0.1507,243.09216666666669,2.18,0.0,0.7,0.8666666666666667
2010-08-26 20:00:00,0.3965666666666667,0.07823333333333334,242.8085,1.7166666666666666,0.0,0.0,1.4666666666666666
2010-08-26 21:00:00,0.6557,0.12916666666666668,239.785,2.8233333333333333,0.0,0.7,1.65
2010-08-26 22:00:00,0.3233,0.09493333333333333,242.86333333333332,1.43,0.0,0.0,1.7333333333333334
2010-08-26 23:00:00,1.0543666666666667,0.162,243.78783333333334,4.3966666666666665,0.0,0.7,1.6833333333333333
2010-08-27 00:00:00,0.5064,0.10553333333333333,242.3826666666667,2.183333333333333,0.0,0.08333333333333333,1.65
2010-08-27 01:00:00,0.4091666666666667,0.1474,241.78316666666666,1.8566666666666665,0.0,0.6166666666666667,1.6666666666666667
2010-08-27 02:00:00,0.3346666666666666,0.09543333333333333,241.41233333333332,1.46,0.0,0.2833333333333333,1.7166666666666666
2010-08-27 03:00:00,0.34983333333333333,0.14396666666666666,242.112,1.6066666666666667,0.0,0.4166666666666667,1.7
2010-08-27 04:00:00,1.1094333333333333,0.11233333333333334,241.19183333333334,4.63,0.0,0.4666666666666667,14.6
2010-08-27 05:00:00,0.32436666666666664,0.11753333333333334,241.0945,1.4766666666666666,0.0,0.21666666666666667,1.6666666666666667
2010-08-27 06:00:00,0.3486,0.14493333333333333,241.06433333333334,1.63,0.0,0.65,1.6666666666666667
2010-08-27 07:00:00,0.5213333333333333,0.0974,239.54816666666665,2.393333333333333,0.0,0.05,1.7
2010-08-27 08:00:00,1.2256,0.16363333333333333,239.36233333333334,5.266666666666667,0.0,0.6833333333333333,12.65
2010-08-27 09:00:00,1.6963000000000001,0.09603333333333333,238.267,7.14,0.0,4.716666666666667,19.15
2010-08-27 10:00:00,1.5059666666666667,0.16766666666666669,239.5148333333333,6.286666666666666,0.0,0.7166666666666667,19.366666666666667
2010-08-27 11:00:00,1.5641,0.2768,239.68583333333333,6.576666666666667,0.0,0.0,19.366666666666667
2010-08-27 12:00:00,2.142533333333333,0.4401,241.73533333333336,9.043333333333333,0.0,7.75,19.65
2010-08-27 13:00:00,1.7725000000000002,0.3673,240.648,7.48,0.4,0.7833333333333333,19.416666666666668
2010-08-27 14:00:00,2.996566666666667,0.3868,238.957,12.793333333333333,7.1,10.483333333333333,19.166666666666668
2010-08-27 15:00:00,2.477133333333333,0.27086666666666664,240.73933333333335,10.486666666666668,8.0,15.066666666666666,7.783333333333333
2010-08-27 16:00:00,0.7748333333333334,0.229,243.407,3.453333333333333,0.0,6.616666666666666,1.7
2010-08-27 17:00:00,1.7782333333333333,0.21539999999999998,243.19816666666665,7.503333333333333,0.0,20.216666666666665,1.8
2010-08-27 18:00:00,2.8016333333333336,0.31679999999999997,240.1515,11.823333333333332,0.0,22.133333333333333,11.366666666666667
2010-08-27 19:00:00,3.0526666666666666,0.2905,241.04799999999997,12.76,0.0,19.8,15.616666666666667
2010-08-27 20:00:00,2.0804666666666667,0.2589666666666667,239.52066666666667,8.833333333333334,0.0,13.716666666666667,1.3166666666666667
2010-08-27 21:00:00,2.3304,0.22403333333333333,237.712,9.84,0.0,0.016666666666666666,13.533333333333333
2010-08-27 22:00:00,1.1623666666666668,0.2674666666666667,242.0685,4.9,0.0,0.9,1.75
2010-08-27 23:00:00,0.5790666666666666,0.13606666666666667,244.0225,2.433333333333333,0.0,0.0,1.7833333333333334
2010-08-28 00:00:00,0.45653333333333335,0.23879999999999998,243.19616666666667,2.1133333333333333,0.0,0.7666666666666667,1.7
2010-08-28 01:00:00,0.3438,0.14213333333333333,243.66416666666666,1.5266666666666666,0.0,0.2,1.7
2010-08-28 02:00:00,0.3683666666666667,0.1797,243.13533333333334,1.6933333333333331,0.0,0.55,1.7333333333333334
2010-08-28 03:00:00,0.3543333333333333,0.16486666666666666,243.74583333333334,1.6433333333333335,0.0,0.4166666666666667,1.6833333333333333
2010-08-28 04:00:00,0.33370000000000005,0.13106666666666666,243.85150000000002,1.4966666666666666,0.0,0.3,1.7166666666666666
2010-08-28 05:00:00,0.9637,0.1655,242.78983333333332,4.053333333333333,0.0,0.6,11.683333333333334
2010-08-28 06:00:00,0.3224,0.12126666666666666,243.3485,1.4400000000000002,0.0,0.11666666666666667,1.6333333333333333
2010-08-28 07:00:00,0.33146666666666663,0.16380000000000003,242.88716666666667,1.5599999999999998,0.0,0.7,1.1
2010-08-28 08:00:00,0.4172,0.09026666666666668,242.46916666666667,2.0166666666666666,0.0,0.0,1.1833333333333333
2010-08-28 09:00:00,0.6422000000000001,0.1293,244.37016666666665,2.816666666666667,0.0,0.6833333333333333,1.6666666666666667
2010-08-28 10:00:00,0.6088666666666666,0.14383333333333334,243.98933333333335,2.69,0.0,0.0,3.0
2010-08-28 11:00:00,1.4582666666666666,0.161,240.45383333333334,6.053333333333333,0.0,0.6833333333333333,19.45
2010-08-28 12:00:00,2.592233333333333,0.22476666666666667,240.34433333333334,11.186666666666667,11.533333333333333,0.0,19.466666666666665
2010-08-28 13:00:00,2.3489666666666666,0.3251666666666667,242.08633333333333,10.063333333333333,7.566666666666666,0.7,19.666666666666668
2010-08-28 14:00:00,2.0538333333333334,0.1253,240.32866666666666,8.553333333333335,7.533333333333333,0.11666666666666667,19.383333333333333
2010-08-28 15:00:00,2.025333333333333,0.18536666666666665,240.47333333333333,8.463333333333333,8.133333333333333,0.5666666666666667,19.366666666666667
2010-08-28 16:00:00,2.005333333333333,0.26530000000000004,240.54799999999997,8.406666666666666,0.0,0.2833333333333333,19.316666666666666
2010-08-28 17:00:00,1.7953333333333332,0.20523333333333332,241.22933333333333,7.496666666666667,0.0,0.4,19.483333333333334
2010-08-28 18:00:00,1.4537333333333333,0.1586,241.53116666666668,6.036666666666666,0.0,0.6166666666666667,19.583333333333332
2010-08-28 19:00:00,1.4208666666666665,0.12206666666666667,242.55766666666665,5.826666666666667,0.0,0.06666666666666667,19.633333333333333
2010-08-28 20:00:00,0.7807333333333334,0.1766,243.84900000000002,3.3333333333333335,0.0,0.6833333333333333,8.283333333333333
2010-08-28 21:00:00,0.33340000000000003,0.1033,242.95683333333332,1.4533333333333334,0.0,0.0,1.65
2010-08-28 22:00:00,0.30256666666666665,0.13116666666666668,243.39116666666666,1.3966666666666667,0.0,0.7,0.6666666666666666
2010-08-28 23:00:00,0.3344333333333333,0.10400000000000001,244.38383333333334,1.4433333333333331,0.0,0.0,1.6333333333333333
2010-08-29 00:00:00,0.6910666666666666,0.1549333333333333,242.58183333333332,2.96,0.0,0.7,1.6666666666666667
2010-08-29 01:00:00,0.3606,0.11076666666666667,241.93583333333333,1.6033333333333333,0.0,0.2,1.6666666666666667
2010-08-29 02:00:00,0.3186333333333333,0.10803333333333334,241.19616666666667,1.4200000000000002,0.0,0.48333333333333334,1.65
2010-08-29 03:00:00,0.3600333333333333,0.12853333333333333,241.50300000000001,1.6433333333333335,0.0,0.4,1.6833333333333333
2010-08-29 04:00:00,0.27476666666666666,0.09403333333333334,242.36433333333335,1.25,0.0,0.3,0.9333333333333333
2010-08-29 05:00:00,1.1188666666666667,0.12136666666666666,241.63966666666664,4.66,0.0,0.55,14.616666666666667
2010-08-29 06:00:00,0.2983,0.09053333333333334,242.17383333333333,1.3333333333333333,0.0,0.13333333333333333,1.6333333333333333
2010-08-29 07:00:00,0.34223333333333333,0.14780000000000001,241.6205,1.5799999999999998,0.0,0.6833333333333333,1.6
2010-08-29 08:00:00,0.49173333333333336,0.0669,240.3615,2.26,0.0,0.0,1.5833333333333333
2010-08-29 09:00:00,0.3921,0.12510000000000002,240.25583333333333,1.8566666666666667,0.0,0.6833333333333333,0.6333333333333333
2010-08-29 10:00:00,0.6474666666666666,0.14006666666666667,240.9325,2.8033333333333332,0.0,0.0,2.95
2010-08-29 11:00:00,1.5473333333333334,0.1408333333333333,240.07816666666668,6.423333333333333,0.0,0.6666666666666666,19.25
2010-08-29 12:00:00,2.5704,0.14026666666666668,240.33133333333333,11.110000000000001,12.716666666666667,0.0,19.366666666666667
2010-08-29 13:00:00,2.1139,0.21916666666666668,241.444,8.946666666666665,5.75,0.7,19.516666666666666
2010-08-29 14:00:00,1.5021333333333333,0.0803,240.32416666666668,6.206666666666666,0.0,0.0,19.316666666666666
2010-08-29 15:00:00,1.4193666666666667,0.18296666666666667,240.83983333333333,5.903333333333333,0.0,0.6833333333333333,15.633333333333333
2010-08-29 16:00:00,0.37416666666666665,0.11389999999999999,242.45983333333334,1.6700000000000002,0.0,0.11666666666666667,1.45
2010-08-29 17:00:00,1.4337666666666666,0.20243333333333335,241.38333333333333,6.573333333333333,14.45,0.5666666666666667,1.65
2010-08-29 18:00:00,1.1072,0.16346666666666668,241.09516666666667,4.713333333333334,0.03333333333333333,0.26666666666666666,7.116666666666666
2010-08-29 19:00:00,1.7450666666666668,0.18259999999999998,240.212,7.253333333333333,0.0,0.4166666666666667,19.3
2010-08-29 20:00:00,2.1989333333333336,0.10693333333333334,237.24566666666666,9.236666666666668,0.13333333333333333,0.4,17.866666666666667
2010-08-29 21:00:00,3.2344999999999997,0.10253333333333334,237.15716666666668,13.6,8.05,0.26666666666666666,18.833333333333332
2010-08-29 22:00:00,2.3159666666666667,0.14933333333333335,241.49483333333333,9.566666666666666,8.95,0.55,19.466666666666665
2010-08-29 23:00:00,0.9494666666666667,0.1221,243.56016666666667,3.933333333333333,0.0,0.13333333333333333,8.866666666666667
2010-08-30 00:00:00,0.5507333333333334,0.12346666666666666,242.4155,2.3400000000000003,0.0,0.6666666666666666,0.65
2010-08-30 01:00:00,0.48323333333333335,0.07336666666666666,242.3665,2.04,0.0,0.0,1.6166666666666667
2010-08-30 02:00:00,0.34113333333333334,0.15316666666666665,241.34066666666666,1.5866666666666667,0.0,0.6833333333333333,1.55
2010-08-30 03:00:00,0.28736666666666666,0.08263333333333334,242.29533333333333,1.2966666666666666,0.0,0.0,1.5833333333333333
2010-08-30 04:00:00,0.2851,0.13086666666666666,241.66516666666666,1.3266666666666667,0.0,0.65,0.65
2010-08-30 05:00:00,0.28673333333333334,0.07883333333333332,240.30766666666665,1.29,0.0,0.0,1.55
2010-08-30 06:00:00,0.33676666666666666,0.1482,242.52349999999998,1.55,0.0,0.6666666666666666,1.5666666666666667
2010-08-30 07:00:00,0.8905666666666666,0.07976666666666667,240.45083333333332,3.89,0.0,0.0,8.1
2010-08-30 08:00:00,1.4085333333333334,0.11166666666666666,238.77216666666666,5.883333333333334,0.0,0.6666666666666666,18.083333333333332
2010-08-30 09:00:00,1.0479,0.06703333333333333,240.11666666666667,4.38,0.0,0.0,13.45
2010-08-30 10:00:00,0.8792666666666666,0.14666666666666667,240.99783333333335,3.83,0.0,0.65,8.566666666666666
2010-08-30 11:00:00,1.5097,0.11136666666666667,241.60150000000002,6.243333333333334,0.0,0.0,19.5
2010-08-30 12:00:00,1.7421333333333335,0.25926666666666665,240.111,7.33,0.0,0.6666666666666666,19.316666666666666
2010-08-30 13:00:00,2.218233333333333,0.09026666666666666,240.61,9.233333333333333,7.483333333333333,0.11666666666666667,19.35
2010-08-30 14:00:00,2.417133333333333,0.14653333333333332,240.70966666666666,10.026666666666667,8.183333333333334,0.5333333333333333,19.316666666666666
2010-08-30 15:00:00,1.8369,0.06513333333333333,241.23883333333333,7.596666666666667,0.0,0.23333333333333334,18.45
2010-08-30 16:00:00,1.6935666666666667,0.12663333333333332,240.61933333333334,7.010000000000001,0.0,0.43333333333333335,19.266666666666666
2010-08-30 17:00:00,0.3625,0.1181,241.60616666666667,1.6133333333333333,0.0,0.3333333333333333,2.066666666666667
2010-08-30 18:00:00,0.3312333333333333,0.11033333333333334,242.424,1.4866666666666668,0.0,0.3333333333333333,0.65
2010-08-30 19:00:00,1.1589,0.21823333333333333,241.32566666666668,4.933333333333334,0.0,4.333333333333333,1.5666666666666667
2010-08-30 20:00:00,0.8696333333333333,0.128,241.57866666666666,3.6533333333333333,0.0,0.8166666666666667,1.5666666666666667
2010-08-30 21:00:00,2.242233333333333,0.17523333333333332,240.67516666666668,9.323333333333332,0.0,4.116666666666666,15.833333333333334
2010-08-30 22:00:00,1.1637666666666666,0.1217,243.51133333333334,4.8933333333333335,0.0,7.333333333333333,0.9666666666666667
2010-08-30 23:00:00,0.5701,0.14446666666666666,243.72233333333332,2.4233333333333333,0.0,1.2666666666666666,1.2833333333333334
2010-08-31 00:00:00,0.4017666666666667,0.09673333333333334,243.58350000000002,1.8,0.0,0.15,1.55
2010-08-31 01:00:00,0.3663666666666667,0.13710000000000003,241.26633333333334,1.7133333333333334,0.0,0.85,1.55
2010-08-31 02:00:00,0.3196333333333333,0.09293333333333333,240.66850000000002,1.43,0.0,0.15,1.5666666666666667
2010-08-31 03:00:00,0.2955333333333333,0.12066666666666667,240.93383333333335,1.3833333333333333,0.0,0.8333333333333334,0.6333333333333333
2010-08-31 04:00:00,1.0354333333333332,0.08726666666666666,240.362,4.34,0.0,0.15,13.616666666666667
2010-08-31 05:00:00,0.32880000000000004,0.1222,240.76899999999998,1.52,0.0,0.7666666666666667,1.5333333333333334
2010-08-31 06:00:00,0.24463333333333334,0.06506666666666666,240.69916666666668,1.0966666666666667,0.0,0.016666666666666666,0.6333333333333333
2010-08-31 07:00:00,0.5892,0.14393333333333336,242.94383333333332,2.746666666666667,0.0,0.6666666666666666,2.066666666666667
2010-08-31 08:00:00,1.5327666666666666,0.07863333333333333,242.77833333333334,6.3133333333333335,0.0,0.13333333333333333,19.65
2010-08-31 09:00:00,1.4823666666666666,0.12743333333333334,241.24083333333334,6.376666666666667,7.616666666666666,7.066666666666666,5.0
2010-08-31 10:00:00,1.1666333333333334,0.08386666666666667,239.82383333333334,4.9366666666666665,8.55,0.26666666666666666,0.85
2010-08-31 11:00:00,1.5806666666666667,0.1027,238.04916666666668,6.596666666666667,0.0,0.4,15.85
2010-08-31 12:00:00,1.2884666666666666,0.12456666666666667,239.64166666666668,5.4399999999999995,0.0,0.4,11.683333333333334
2010-08-31 13:00:00,1.0535666666666665,0.15176666666666666,238.02833333333334,4.683333333333334,3.0,2.9,1.5666666666666667
2010-08-31 14:00:00,0.8699333333333333,0.14026666666666668,239.0836666666667,3.783333333333333,0.0,4.333333333333333,1.5666666666666667
2010-08-31 15:00:00,0.6130333333333333,0.09206666666666667,240.85766666666666,2.5733333333333333,0.0,0.16666666666666666,0.6333333333333333
2010-08-31 16:00:00,0.7542333333333333,0.12793333333333334,242.4741666666667,3.1633333333333336,0.0,0.6333333333333333,2.683333333333333
2010-08-31 17:00:00,1.4517333333333333,0.08526666666666666,240.748,5.996666666666667,0.0,0.05,19.383333333333333
2010-08-31 18:00:00,1.7887,0.14526666666666666,240.39516666666665,8.22,4.683333333333334,7.433333333333334,7.883333333333334
2010-08-31 19:00:00,1.3791,0.23556666666666667,242.002,6.903333333333333,11.083333333333334,0.0,0.65
2010-08-31 20:00:00,1.8193666666666668,0.12386666666666667,242.78866666666667,7.513333333333334,0.05,0.6833333333333333,13.9
2010-08-31 21:00:00,1.1395666666666666,0.08716666666666666,241.681,4.743333333333334,0.0,0.0,5.066666666666666
2010-08-31 22:00:00,0.6880000000000001,0.13673333333333335,243.36583333333334,2.8866666666666663,0.0,0.6666666666666666,1.6166666666666667
2010-08-31 23:00:00,0.5622666666666666,0.09866666666666667,244.43283333333332,2.3233333333333333,0.0,0.0,1.5
2010-09-01 00:00:00,0.37710000000000005,0.1247,242.204,1.6533333333333333,0.0,0.6666666666666666,0.7333333333333333
2010-09-01 01:00:00,0.2891333333333333,0.07693333333333334,241.41066666666666,1.3066666666666669,0.0,0.0,1.6166666666666667
2010-09-01 02:00:00,0.3401666666666667,0.14513333333333334,242.32933333333332,1.56,0.0,0.65,1.5833333333333333
2010-09-01 03:00:00,0.3021333333333333,0.095,243.1645,1.3433333333333333,0.0,0.06666666666666667,1.5833333333333333
2010-09-01 04:00:00,0.8031666666666667,0.10556666666666667,242.692,3.433333333333333,0.0,0.6,9.516666666666667
2010-09-01 05:00:00,0.3105333333333334,0.1019,242.73666666666668,1.4033333333333333,0.0,0.16666666666666666,1.6333333333333333
2010-09-01 06:00:00,0.46140000000000003,0.1257,242.49033333333333,2.13,0.0,0.5,1.5833333333333333
2010-09-01 07:00:00,0.9840333333333333,0.08956666666666666,241.08333333333334,4.213333333333334,0.0,0.26666666666666666,10.833333333333334
2010-09-01 08:00:00,1.4570666666666665,0.11423333333333334,239.72150000000002,6.069999999999999,0.0,0.38333333333333336,19.233333333333334
2010-09-01 09:00:00,0.8423666666666667,0.07160000000000001,241.99366666666668,3.5633333333333335,0.0,0.36666666666666664,8.966666666666667
2010-09-01 10:00:00,1.9099333333333335,0.1949,240.02966666666669,8.17,7.933333333333334,4.116666666666666,12.766666666666667
2010-09-01 11:00:00,2.1177333333333332,0.21156666666666665,238.20083333333332,9.023333333333333,8.833333333333334,1.15,19.05
2010-09-01 12:00:00,1.6747333333333332,0.15406666666666666,238.90033333333335,7.0633333333333335,0.0,0.15,19.116666666666667
2010-09-01 13:00:00,1.6333,0.11313333333333334,239.2165,6.833333333333333,0.0,1.3833333333333333,19.233333333333334
2010-09-01 14:00:00,1.7136333333333333,0.08883333333333333,238.17283333333336,7.17,0.0,5.966666666666667,19.033333333333335
2010-09-01 15:00:00,1.4292333333333334,0.1509,238.59533333333331,5.956666666666667,0.0,0.7,19.033333333333335
2010-09-01 16:00:00,1.3891666666666667,0.055433333333333334,241.08916666666667,5.72,0.0,0.0,18.433333333333334
2010-09-01 17:00:00,1.4856333333333334,0.12329999999999999,240.53650000000002,6.1466666666666665,0.0,0.7,19.383333333333333
2010-09-01 18:00:00,0.5392333333333333,0.09406666666666667,242.11316666666664,2.3733333333333335,0.0,0.0,4.9
2010-09-01 19:00:00,0.5494333333333333,0.20713333333333334,242.36266666666668,2.466666666666667,0.0,0.6833333333333333,1.6333333333333333
2010-09-01 20:00:00,1.8614333333333333,0.16483333333333333,241.42716666666666,7.766666666666667,0.25,0.16666666666666666,5.283333333333333
2010-09-01 21:00:00,2.5369,0.1259,240.0765,10.596666666666666,7.2,0.5333333333333333,14.733333333333333
2010-09-01 22:00:00,1.1801333333333335,0.12343333333333333,244.0165,4.946666666666667,8.233333333333333,0.3,1.6666666666666667
2010-09-01 23:00:00,0.3677,0.1451666666666667,245.745,1.6900000000000002,0.0,0.38333333333333336,1.6166666666666667
2010-09-02 00:00:00,0.3330666666666667,0.129,243.38533333333334,1.5466666666666666,0.0,0.43333333333333335,1.6
2010-09-02 01:00:00,0.3055,0.09536666666666667,241.35216666666665,1.37,0.0,0.25,1.6166666666666667
2010-09-02 02:00:00,0.34659999999999996,0.1429,241.01049999999998,1.6099999999999999,0.0,0.55,1.6
2010-09-02 03:00:00,0.2548,0.06476666666666667,240.91016666666667,1.1233333333333335,0.0,0.13333333333333333,0.65
2010-09-02 04:00:00,0.3398333333333333,0.13986666666666667,240.986,1.5666666666666667,0.0,0.6333333333333333,1.6
2010-09-02 05:00:00,0.30093333333333333,0.08506666666666667,240.11966666666666,1.34,0.0,0.05,1.6333333333333333
2010-09-02 06:00:00,1.0378666666666667,0.12273333333333333,241.05333333333334,4.336666666666667,0.0,0.6666666666666666,13.35
2010-09-02 07:00:00,0.7744333333333333,0.1104,240.07533333333333,3.453333333333333,0.0,0.0,4.266666666666667
2010-09-02 08:00:00,1.5999333333333332,0.09506666666666666,239.21833333333333,6.666666666666667,0.0,0.6666666666666666,19.016666666666666
2010-09-02 09:00:00,1.6337333333333333,0.09653333333333333,239.54616666666666,6.8133333333333335,0.0,0.0,19.683333333333334
2010-09-02 10:00:00,1.7061,0.1254,239.3435,7.073333333333333,0.0,0.6666666666666666,19.2
2010-09-02 11:00:00,1.6545333333333334,0.06953333333333332,239.16483333333332,6.833333333333333,0.0,0.0,18.15
2010-09-02 12:00:00,1.5187666666666668,0.1226,238.13516666666666,6.343333333333334,0.0,0.6833333333333333,19.016666666666666
2010-09-02 13:00:00,1.3599999999999999,0.07606666666666667,238.37683333333334,5.67,0.0,0.0,19.133333333333333
2010-09-02 14:00:00,1.4055333333333333,0.13523333333333334,239.489,5.826666666666667,0.0,0.6833333333333333,19.25
2010-09-02 15:00:00,0.8876333333333334,0.08406666666666666,241.0275,3.77,0.0,0.0,11.016666666666667
2010-09-02 16:00:00,0.3390666666666667,0.14556666666666668,242.48183333333333,1.5966666666666667,0.0,0.6833333333333333,1.65
2010-09-02 17:00:00,0.49420000000000003,0.08386666666666667,241.4296666666667,2.0766666666666667,0.0,0.0,0.65
2010-09-02 18:00:00,0.7261666666666666,0.16646666666666665,242.09083333333334,3.07,0.0,0.6833333333333333,1.6333333333333333
2010-09-02 19:00:00,0.6808666666666666,0.2293,243.82016666666667,3.036666666666667,0.0,0.0,2.066666666666667
2010-09-02 20:00:00,2.4065,0.1564,240.60483333333335,10.06,7.35,0.6833333333333333,15.65
2010-09-02 21:00:00,1.5888333333333333,0.1184,240.70683333333332,6.6466666666666665,8.133333333333333,0.08333333333333333,1.6666666666666667
2010-09-02 22:00:00,0.9164333333333333,0.13496666666666668,243.386,3.8033333333333332,0.0,0.6166666666666667,1.65
2010-09-02 23:00:00,0.5968666666666667,0.10896666666666667,244.93516666666667,2.496666666666667,0.0,0.16666666666666666,0.6666666666666666
2010-09-03 00:00:00,0.39016666666666666,0.1423,243.62033333333332,1.7566666666666668,0.0,0.5166666666666667,1.6166666666666667
2010-09-03 01:00:00,0.345,0.1035,240.64133333333334,1.5166666666666666,0.0,0.2833333333333333,1.6666666666666667
2010-09-03 02:00:00,0.3454666666666667,0.11056666666666667,239.4381666666667,1.54,0.0,0.4,1.6833333333333333
2010-09-03 03:00:00,0.4543,0.11013333333333333,240.9561666666667,1.9866666666666668,0.0,0.36666666666666664,1.6666666666666667
2010-09-03 04:00:00,0.6939333333333334,0.1501,240.19783333333334,3.0266666666666664,0.0,0.31666666666666665,4.35
2010-09-03 05:00:00,0.9556333333333333,0.10666666666666667,239.83133333333333,4.01,0.0,0.45,10.033333333333333
2010-09-03 06:00:00,0.9327666666666666,0.0869,239.17833333333334,3.9099999999999997,0.0,0.21666666666666667,1.6666666666666667
2010-09-03 07:00:00,1.1414666666666666,0.15286666666666668,241.23316666666668,4.85,0.0,0.55,6.566666666666666
2010-09-03 08:00:00,1.5048,0.09256666666666667,239.56966666666668,6.29,0.0,0.13333333333333333,19.283333333333335
2010-09-03 09:00:00,1.4632,0.10466666666666667,239.5345,6.086666666666667,0.0,0.6333333333333333,19.283333333333335
2010-09-03 10:00:00,1.3639333333333332,0.07933333333333333,238.0475,5.706666666666666,0.0,0.03333333333333333,19.016666666666666
2010-09-03 11:00:00,1.4092333333333333,0.1332,238.0225,5.903333333333333,0.0,0.6833333333333333,19.016666666666666
2010-09-03 12:00:00,1.6444666666666667,0.09283333333333334,238.50466666666668,6.92,0.0,0.0,19.066666666666666
2010-09-03 13:00:00,0.7313666666666666,0.13006666666666666,240.0975,3.1633333333333336,0.0,0.6833333333333333,6.633333333333334
2010-09-03 14:00:00,0.35523333333333335,0.0946,239.8325,1.6766666666666665,0.0,0.0,1.6
2010-09-03 15:00:00,0.41023333333333334,0.14809999999999998,240.77666666666667,1.9033333333333333,0.0,0.6833333333333333,1.65
2010-09-03 16:00:00,0.3091333333333333,0.07903333333333333,241.23066666666668,1.3633333333333333,0.0,0.0,1.6333333333333333
2010-09-03 17:00:00,0.34396666666666664,0.1318,241.85716666666667,1.57,0.0,0.6833333333333333,1.5833333333333333
2010-09-03 18:00:00,0.36483333333333334,0.0672,242.74533333333332,1.5599999999999998,0.0,0.0,0.8
2010-09-03 19:00:00,0.531,0.2102,241.13083333333333,2.42,0.0,0.6833333333333333,1.4833333333333334
2010-09-03 20:00:00,2.3058666666666667,0.09433333333333334,238.57700000000003,9.71,5.116666666666666,0.0,16.0
2010-09-03 21:00:00,1.8044333333333331,0.1095,240.43033333333332,7.5233333333333325,2.8833333333333333,0.7,2.8833333333333333
2010-09-03 22:00:00,1.6770333333333334,0.12333333333333334,242.7095,6.97,7.666666666666667,0.03333333333333333,1.6
2010-09-03 23:00:00,0.9627666666666667,0.15613333333333335,244.64516666666665,4.0,0.0,0.6666666666666666,1.6666666666666667
2010-09-04 00:00:00,0.4686666666666667,0.1065,242.45366666666666,2.006666666666667,0.0,0.16666666666666666,1.7333333333333334
2010-09-04 01:00:00,0.33326666666666666,0.12506666666666666,241.86,1.5233333333333334,0.0,0.5166666666666667,1.6666666666666667
2010-09-04 02:00:00,0.2752666666666667,0.10043333333333333,241.66883333333334,1.2533333333333334,0.0,0.2833333333333333,0.65
2010-09-04 03:00:00,0.3137666666666667,0.10149999999999999,242.96933333333334,1.3766666666666665,0.0,0.4166666666666667,1.6166666666666667
2010-09-04 04:00:00,1.0629666666666666,0.12486666666666667,241.85216666666665,4.453333333333333,0.0,0.38333333333333336,13.7
2010-09-04 05:00:00,0.32289999999999996,0.1113,242.57416666666668,1.4200000000000002,0.0,0.3,1.6666666666666667
2010-09-04 06:00:00,0.6717333333333334,0.10713333333333333,241.44016666666667,2.86,0.0,0.48333333333333334,6.466666666666667
2010-09-04 07:00:00,1.9570333333333332,0.10086666666666666,240.0355,8.2,0.0,0.18333333333333332,19.366666666666667
2010-09-04 08:00:00,1.4460000000000002,0.12240000000000001,238.75683333333333,6.033333333333333,0.0,0.6,19.116666666666667
2010-09-04 09:00:00,0.779,0.1024,241.28866666666667,3.3033333333333332,0.0,0.08333333333333333,9.35
2010-09-04 10:00:00,0.9023666666666668,0.29923333333333335,240.95166666666668,4.083333333333333,0.0,0.6833333333333333,1.6666666666666667
2010-09-04 11:00:00,1.6402333333333334,0.10566666666666666,240.26316666666668,6.9,0.0,3.3333333333333335,13.15
2010-09-04 12:00:00,1.3255666666666668,0.24876666666666666,242.08416666666665,6.163333333333333,8.766666666666667,1.0333333333333334,1.6833333333333333
2010-09-04 13:00:00,1.1751666666666667,0.13236666666666666,242.32166666666666,5.076666666666667,6.933333333333334,0.0,1.6333333333333333
2010-09-04 14:00:00,2.1475999999999997,0.3065666666666667,238.1385,9.703333333333335,12.466666666666667,0.6833333333333333,11.033333333333333
2010-09-04 15:00:00,1.7486666666666666,0.11126666666666667,240.393,7.346666666666667,6.783333333333333,0.0,17.216666666666665
2010-09-04 16:00:00,0.7704666666666667,0.16893333333333332,242.42783333333333,3.3366666666666664,6.75,0.7,1.5333333333333334
2010-09-04 17:00:00,0.5642333333333334,0.26476666666666665,242.33149999999998,2.6633333333333336,1.7166666666666666,0.0,1.6666666666666667
2010-09-04 18:00:00,1.6101999999999999,0.2842333333333333,240.93666666666667,6.766666666666667,0.0,0.7,15.65
2010-09-04 19:00:00,1.6162333333333334,0.15983333333333333,241.4515,6.6866666666666665,0.0,0.016666666666666666,19.616666666666667
2010-09-04 20:00:00,2.278833333333333,0.13756666666666667,239.88566666666665,9.506666666666666,0.0,0.7,19.316666666666666
2010-09-04 21:00:00,2.5189666666666666,0.1124,239.06383333333332,10.483333333333333,0.0,0.15,19.216666666666665
2010-09-04 22:00:00,2.1733666666666664,0.0966,239.45316666666668,9.020000000000001,0.0,0.55,19.283333333333335
2010-09-04 23:00:00,0.9614999999999999,0.10306666666666667,241.845,3.9966666666666666,0.0,0.26666666666666666,2.683333333333333
2010-09-05 00:00:00,0.5580999999999999,0.15533333333333335,243.62066666666666,2.4066666666666667,0.0,0.43333333333333335,1.35
2010-09-05 01:00:00,0.4830333333333333,0.11806666666666667,242.62083333333334,2.0833333333333335,0.0,0.38333333333333336,1.7
2010-09-05 02:00:00,0.5433,0.1293,242.87966666666668,2.316666666666667,0.0,0.3,1.6833333333333333
2010-09-05 03:00:00,0.3478,0.1391,244.03816666666668,1.5633333333333332,0.0,0.5,1.6666666666666667
2010-09-05 04:00:00,0.3080333333333333,0.10626666666666668,244.32999999999998,1.3833333333333333,0.0,0.2,1.65
2010-09-05 05:00:00,0.33823333333333333,0.14396666666666666,244.14350000000002,1.5266666666666666,0.0,0.6,1.6333333333333333
2010-09-05 06:00:00,0.26953333333333335,0.0876,243.79483333333334,1.2033333333333334,0.0,0.1,0.8666666666666667
2010-09-05 07:00:00,0.30996666666666667,0.11113333333333333,244.23100000000002,1.3666666666666667,0.0,0.6833333333333333,1.4333333333333333
2010-09-05 08:00:00,1.3496,0.09526666666666667,241.40016666666668,5.67,0.0,0.0,15.1
2010-09-05 09:00:00,0.43196666666666667,0.1149,241.2885,1.9,0.0,0.6833333333333333,1.65
2010-09-05 10:00:00,1.256,0.07010000000000001,240.55949999999999,5.3933333333333335,0.0,0.0,12.6
2010-09-05 11:00:00,1.6126,0.126,240.44633333333334,6.696666666666667,0.0,0.7333333333333333,19.366666666666667
